-- MySQL dump 10.13  Distrib 5.5.28, for Linux (i686)
--
-- Host: localhost    Database: DH101Fall12Lab1
-- ------------------------------------------------------
-- Server version	5.5.28

/*!40101 SET @OLD_CHARACTER_SET_CLIENT=@@CHARACTER_SET_CLIENT */;
/*!40101 SET @OLD_CHARACTER_SET_RESULTS=@@CHARACTER_SET_RESULTS */;
/*!40101 SET @OLD_COLLATION_CONNECTION=@@COLLATION_CONNECTION */;
/*!40101 SET NAMES utf8 */;
/*!40103 SET @OLD_TIME_ZONE=@@TIME_ZONE */;
/*!40103 SET TIME_ZONE='+00:00' */;
/*!40014 SET @OLD_UNIQUE_CHECKS=@@UNIQUE_CHECKS, UNIQUE_CHECKS=0 */;
/*!40014 SET @OLD_FOREIGN_KEY_CHECKS=@@FOREIGN_KEY_CHECKS, FOREIGN_KEY_CHECKS=0 */;
/*!40101 SET @OLD_SQL_MODE=@@SQL_MODE, SQL_MODE='NO_AUTO_VALUE_ON_ZERO' */;
/*!40111 SET @OLD_SQL_NOTES=@@SQL_NOTES, SQL_NOTES=0 */;

--
-- Table structure for table `omeka_collections`
--

DROP TABLE IF EXISTS `omeka_collections`;
/*!40101 SET @saved_cs_client     = @@character_set_client */;
/*!40101 SET character_set_client = utf8 */;
CREATE TABLE `omeka_collections` (
  `id` int(10) unsigned NOT NULL AUTO_INCREMENT,
  `name` varchar(255) COLLATE utf8_unicode_ci NOT NULL,
  `description` text COLLATE utf8_unicode_ci,
  `collectors` text COLLATE utf8_unicode_ci,
  `public` tinyint(4) NOT NULL,
  `featured` tinyint(4) NOT NULL,
  `added` timestamp NOT NULL DEFAULT '0000-00-00 00:00:00',
  `modified` timestamp NOT NULL DEFAULT '0000-00-00 00:00:00',
  `owner_id` int(10) unsigned NOT NULL,
  PRIMARY KEY (`id`),
  KEY `public` (`public`),
  KEY `featured` (`featured`),
  KEY `owner_id` (`owner_id`)
) ENGINE=MyISAM AUTO_INCREMENT=11 DEFAULT CHARSET=utf8 COLLATE=utf8_unicode_ci;
/*!40101 SET character_set_client = @saved_cs_client */;

--
-- Dumping data for table `omeka_collections`
--

LOCK TABLES `omeka_collections` WRITE;
/*!40000 ALTER TABLE `omeka_collections` DISABLE KEYS */;
INSERT INTO `omeka_collections` VALUES (1,'Typefaces','A collection of actual typefaces.','',1,0,'2012-10-19 16:07:51','2012-10-19 16:39:57',1),(2,'History of Typography','The major scripts and typefaces in the development of typography','',1,0,'2012-10-19 16:08:08','2012-11-09 01:48:33',1),(3,'Typography & Letterforms (DESMA 25) Syllabi','This is a collection of all syllabi for the \"Typography & Letterforms\" class at DESMA (UCLA).','',1,0,'2012-10-19 16:40:30','2012-11-29 23:32:12',2),(7,'Educational Resources','','',0,0,'2012-11-08 00:48:43','2012-11-08 00:49:08',4),(8,'Syllabi from Other Institutions','This collection features syllabi from other educational institutions that teach Typography, or Advanced Typography.','',1,0,'2012-11-29 23:35:06','2012-11-29 23:35:19',2),(9,'References','Here are the texts that are most commonly used in Typography classes (based on a limited sample)','',0,0,'2012-11-30 06:20:37','2012-11-30 06:20:37',2),(10,'Viz resources','Not for Public','',0,0,'2012-11-30 06:47:54','2012-11-30 14:43:27',2);
/*!40000 ALTER TABLE `omeka_collections` ENABLE KEYS */;
UNLOCK TABLES;

--
-- Table structure for table `omeka_data_types`
--

DROP TABLE IF EXISTS `omeka_data_types`;
/*!40101 SET @saved_cs_client     = @@character_set_client */;
/*!40101 SET character_set_client = utf8 */;
CREATE TABLE `omeka_data_types` (
  `id` int(10) unsigned NOT NULL AUTO_INCREMENT,
  `name` varchar(255) COLLATE utf8_unicode_ci NOT NULL,
  `description` text COLLATE utf8_unicode_ci,
  PRIMARY KEY (`id`),
  UNIQUE KEY `name` (`name`)
) ENGINE=MyISAM AUTO_INCREMENT=11 DEFAULT CHARSET=utf8 COLLATE=utf8_unicode_ci;
/*!40101 SET character_set_client = @saved_cs_client */;

--
-- Dumping data for table `omeka_data_types`
--

LOCK TABLES `omeka_data_types` WRITE;
/*!40000 ALTER TABLE `omeka_data_types` DISABLE KEYS */;
INSERT INTO `omeka_data_types` VALUES (1,'Text','A long, typically multi-line text string. Up to 65535 characters.'),(2,'Tiny Text','A short, typically one-line text string. Up to 255 characters.'),(3,'Date Range','A date range, begin to end. In format yyyy-mm-dd yyyy-mm-dd.'),(4,'Integer','Set of numbers consisting of the natural numbers including 0 (0, 1, 2, 3, ...) and their negatives (0, âˆ’1, âˆ’2, âˆ’3, ...).'),(9,'Date','A date in format yyyy-mm-dd'),(10,'Date Time','A date and time combination in the format: yyyy-mm-dd hh:mm:ss');
/*!40000 ALTER TABLE `omeka_data_types` ENABLE KEYS */;
UNLOCK TABLES;

--
-- Table structure for table `omeka_element_sets`
--

DROP TABLE IF EXISTS `omeka_element_sets`;
/*!40101 SET @saved_cs_client     = @@character_set_client */;
/*!40101 SET character_set_client = utf8 */;
CREATE TABLE `omeka_element_sets` (
  `id` int(10) unsigned NOT NULL AUTO_INCREMENT,
  `record_type_id` int(10) unsigned NOT NULL,
  `name` varchar(255) COLLATE utf8_unicode_ci NOT NULL,
  `description` text COLLATE utf8_unicode_ci,
  PRIMARY KEY (`id`),
  UNIQUE KEY `name` (`name`),
  KEY `record_type_id` (`record_type_id`)
) ENGINE=MyISAM AUTO_INCREMENT=7 DEFAULT CHARSET=utf8 COLLATE=utf8_unicode_ci;
/*!40101 SET character_set_client = @saved_cs_client */;

--
-- Dumping data for table `omeka_element_sets`
--

LOCK TABLES `omeka_element_sets` WRITE;
/*!40000 ALTER TABLE `omeka_element_sets` DISABLE KEYS */;
INSERT INTO `omeka_element_sets` VALUES (1,1,'Dublin Core','The Dublin Core metadata element set. These elements are common to all Omeka resources, including items, files, collections, exhibits, and entities. See http://dublincore.org/documents/dces/.'),(3,2,'Item Type Metadata','The item type metadata element set, consisting of all item type elements bundled with Omeka and all item type elements created by an administrator.'),(4,3,'Omeka Legacy File','The metadata element set that, in addition to the Dublin Core element set, was included in the `files` table in previous versions of Omeka. These elements are common to all Omeka files. This set may be deprecated in future versions.'),(5,3,'Omeka Image File','The metadata element set that was included in the `files_images` table in previous versions of Omeka. These elements are common to all image files.'),(6,3,'Omeka Video File','The metadata element set that was included in the `files_videos` table in previous versions of Omeka. These elements are common to all video files.');
/*!40000 ALTER TABLE `omeka_element_sets` ENABLE KEYS */;
UNLOCK TABLES;

--
-- Table structure for table `omeka_element_texts`
--

DROP TABLE IF EXISTS `omeka_element_texts`;
/*!40101 SET @saved_cs_client     = @@character_set_client */;
/*!40101 SET character_set_client = utf8 */;
CREATE TABLE `omeka_element_texts` (
  `id` int(10) unsigned NOT NULL AUTO_INCREMENT,
  `record_id` int(10) unsigned NOT NULL,
  `record_type_id` int(10) unsigned NOT NULL,
  `element_id` int(10) unsigned NOT NULL,
  `html` tinyint(4) NOT NULL,
  `text` mediumtext COLLATE utf8_unicode_ci NOT NULL,
  PRIMARY KEY (`id`),
  KEY `record_id` (`record_id`),
  KEY `record_type_id` (`record_type_id`),
  KEY `element_id` (`element_id`),
  FULLTEXT KEY `text` (`text`)
) ENGINE=MyISAM AUTO_INCREMENT=4907 DEFAULT CHARSET=utf8 COLLATE=utf8_unicode_ci;
/*!40101 SET character_set_client = @saved_cs_client */;

--
-- Dumping data for table `omeka_element_texts`
--

LOCK TABLES `omeka_element_texts` WRITE;
/*!40000 ALTER TABLE `omeka_element_texts` DISABLE KEYS */;
INSERT INTO `omeka_element_texts` VALUES (2863,8,2,49,0,'History'),(2864,8,2,41,0,'A short Description of the Origins of Carolingian Minuscule'),(2865,8,2,39,0,'Stan Knight'),(2866,8,2,48,0,'http://web.ebscohost.com (Accessed: 25 October 2012)'),(2867,8,2,40,0,'1999'),(2868,8,2,42,0,'Word Document'),(2869,8,2,44,0,'English'),(2870,8,2,1,0,'AUTHOR:	Stan Knight\r\nTITLE:	Searching for the Roots: The Origins of Carolingian Minuscule\r\nSOURCE:	Letter Arts Review 15 no2 32-9 1999\r\nThe magazine publisher is the copyright holder of this article and it is reproduced with permission. Further reproduction of this article in violation of the copyright is prohibited.\r\n\r\n    THE CAROLINGIAN MINUSCULE is a beautiful and legible book script which first appeared in French manuscripts at the end of the eighth century. Its emergence is one of the most important developments in the history of writing. It is a mature script of enduring quality (Fig. 1). In the centuries following its first appearance it was to be copied and adapted by scribes all over Europe, notably in England, Germany, and Italy. Humanist scribes, early in the 15th century, revived it as a most appropriate hand for the copying of classical texts. The first Italian printers then adapted it, and it has remained the basis of Western typography to this day.\r\n    But where did the Carolingian minuscule come from? There seems to be as many answers to this question as there are authors on the subject, but perhaps none quite so fanciful as that offered by Charles Anderson in Lettering (1969).\r\nCharlemagne...realized that if he wished to establish a Roman-style unity within his kingdom, a universal writing hand was necessary. In his capacity as supervisor of the empire\'s education system, (Alcuin) was in a position of eminence in regard to the choice of a standard writing hand. Working with a team of writing scholars, he instituted a long study of the many styles of writing, selecting and retaining the best letters from these minuscule hands. From these examples, Alcuin developed the Caroline minuscule, drawing principally upon the Anglo-Saxon minuscule but with decided influences of the Italian Lombardic and French hands, probably the eighth-century French uncial.\r\n    Anderson crowns this (almost total) nonsense by showing a spread from the English tenth-century Ramsey Psalter (which he describes as Latin Gospels, and dates c. 860!) as an example of \"perfected Caroline minuscule.\"(FN1)\r\n    Part of my intention in this article is to show that such statements are not only misleading but also irresponsible. The student is not served well by the nonchalant repetition of unsubstantiated ideas. To get a more reliable picture of the part played by Charlemagne and Alcuin in the development of the Carolingian minuscule we must take account of the whole context of the Carolingian period.\r\nTHE CAROLINGIAN DYNASTY\r\n    Charlemagne is said to have been born on 2 April 742. He became king in 768 and, on the death of his brother Carloman in 771, was sole ruler over the Franks. From 800 until his own death in 814 he ruled as Holy Roman Emperor. His father was Peppin III, whose consecration by the Pope in 751 marked the end of the turbulent and barbaric Merovingian era and the beginning of a dynasty which, although short-lived, was to have a profound effect on European history. Much of what Charlemagne achieved was simply the bringing to fruition of movements and reforms begun in Peppin\'s reign. They both admired the glories of ancient Rome and were inspired by a love for the Church.\r\n    The crowning of Charlemagne as Emperor and Augustus in 800 was peculiarly fitting. He was actually described as a new Augustus and, perhaps even more significantly, as a new Constantine. During his reign, with the strong support of the Roman Church, he subdued much of Western Europe, colonizing and civilizing as he went.\r\n    In a series of decrees issued in his lifetime, Charlemagne set the objectives of his reforms and at the same time provided the means of achieving them. His primary concern was to raise the standard of Christian life in his kingdom. He instigated reforms of both civil and ecclesiastical law and, recruiting learned men from all over Europe, revived learning and the arts. Fundamental to such cultural reform was the making of books. A royal chancery already existed even under the Merovingian kings, but Charlemagne encouraged the production of manuscripts, and his library contained the largest collection of books of his day. He sent for books from Monte Cassino and Rome to fill gaps in his library or to improve the accuracy of texts he already owned. It is salutary to note that 90 percent of all classical Latin literature is only known to us via Carolingian manuscript copies.\r\n    One of the requirements in Charlemagne\'s Admonitio Generalis of 789 was the reformation of liturgical and scriptural texts. Such texts for distribution in his kingdom were to be \"correct,\" \"uniform,\" and \"well edited.\" Gospels, psalters, and missals were to be copied by scribes \"of mature age\" and executed \"with all possible care.\" It should be emphasized that the requirements of his decree were for a clear and legible hand (one worthy of the Divine origin of the texts), but not necessarily for a standard or uniform script. Authorized exemplars of texts were produced, intended for distribution throughout the empire.The quest for uniform accuracy was an attempt to achieve universal orthodoxy.(FN2)\r\nALCUIN\r\n    In Parma, on his way to Rome for the baptism of his son Pippin in 781, Charlemagne is said to have met the Anglo-Saxon scholar, Alcuin. Since 766 Alcuin had been the director of the Cathedral School in York, and was one of the most highly-regarded scholars of his day. Probably it was during that meeting, that Charlemagne invited Alcuin to be the director of the Court School and consequently he moved to France to assist in the implementation of Charlemagne\'s cultural reforms. He began by building up Charlemagne\'s library with books gathered from many centers of culture in Europe.\r\n    In 796, Alcuin, by then in his sixties (and seeking retirement) was appointed by Charlemagne to be Abbot of St Martin\'s monastery in Tours where he remained for just eight years, until his death in 804.While there his main interest was the revision and correction of existing texts of scripture and the liturgy (and not, as some have said, the supervision of the scriptorium). His version of the ancient Vulgate text became the basis of the large, one-volume Bibles which were later produced at Tours. It seems likely that an early Christian Bible was available to help his revision, and it is even possible that Alcuin himself brought it to Tours.(FN3)\r\nTHE SCRIPTORIUM AT TOURS\r\n    The scriptorium at Tours was long established before the arrival of Alcuin,(FN4) and flourished long after his death. However, in order to cope with the increased demand for books, Alcuin certainly enlarged it. One of his poems refers to \"turba scriptorum,\" the crowd of scribes!\r\n    The most important period of manuscript production at Tours occurred in the first fifty years of the ninth century. During that time, incredible as it may seem, about one hundred Bibles were produced there, in addition to all the other liturgical and classical manuscripts that were written.(FN5) Books made in Tours can be traced to all the important centers of the Carolingian empire. Bischoff points to the influence of Tours as being in no small way responsible for the decisive changeover in most scriptoria, c. 810-820, to slimmer, rightward-slanting scripts.(FN6) Tours was the teacher not only of its own time, but also of the following centuries.\r\n    The three earliest Tours Bibles to survive date from before the year 810. These are now at Monza; Paris (BN Lat. 8847); and St Gallen (Cod. 75). Later examples include one produced c. 830 now in the Munich Bayerische Staatsbibliothek (Fig. 2 -- see also Historical Scripts, E1); the Moutier Grandval, which was produced c. 835 during the abbacy of Adalhard, 834-843 (Fig. 3); and the First Bible of Charles the Bald (Fig. 4), sometimes termed the Vivian Bible because it was produced in 846, during the abbacy of Vivian.\r\n    Despite references to the contrary, neither the Moutier Grandval nor any of these other Bibles can be called \"Alcuin\'s Bible.\" The only specific connection with him is that, like all the biblical manuscripts emanating from Tours in the ninth century, these employed Alcuin\'s revised Vulgate as their text.\r\n    Manuscript production at this scriptorium came to an abrupt end in 853 when Tours was plundered by the Normans and its manuscripts scattered. The monastery and its scriptorium never recovered.\r\nTHE CHARACTER OF CAROLINGIAN MINUSCULE\r\n    Before attempting to trace the origins of this minuscule it would be helpful to ask, what distinguishes it from other, existing scripts? What are the peculiar characteristics of Carolingian minuscule?\r\n    Clearly, in contrast to the many barely-legible cursive scripts and the over-elaborate local bookhands of the early eighth century, Carolingian minuscule is a disciplined and formal hand. It is uniform, even to the extent of maintaining consistent heights for ascenders, descenders, and \"body,\" size. It employs a natural, slanted pen angle as opposed to the flattened angle of half-uncial and most later uncial scripts. Its general appearance is of a soft, rounded, slightly-sloped letterform with a very even texture. There are no sharply angled strokes nor heavily accented serifs or stem endings. As for individual letters, the rounded \"half-uncial,\" form of a was soon replaced by the \"uncial,\" form. The looped g, such as that used in certain local hands like Luxeuil minuscule, replaces the half-uncial \"Figure 5\" form. Arched strokes (as in m and n) are often written without pen lifts, leaving the uprights without foot serifs. Variant letterforms are extremely rare in Carolingian minuscule, although the branching r is sometimes replaced by the \"Figure 2,\" form, and round s does occur, though long s is usual. Ascenders are clubbed, but in a more sensitive and consistent manner than in half-uncial usage. Very few ligatures are employed; in fact, some Carolingian manuscripts have none at all. A sophisticated system of punctuation is used to aid legibility.\r\nTHE ORIGINS OF CAROLINGIAN MINUSCULE\r\n    My rather cagey statement in A Book of Formal Scripts about the origins of Carolingian minuscule, \"The hand of Charlemagne\'s Court Scriptorium in the last decade of the eighth century provided the immediate model for the Caroline minuscule at St Martin\'s,\" reflects the uncertainty of modern palaeographical opinion, and my adviser\'s (Professor Julian Brown) own caution.\r\n    There is little consensus. Some authorities detect Roman (ie.half-uncial) roots, others French pre-Carolingian, some even see Insular influence (perhaps seeking a link with Alcuin), others cursive or semi-cursive scripts. Various combinations of these influences are also suggested. The opinions are many and bewildering.(FN7)\r\n    The problem is made more complicated because the actual emergence of Carolingian minuscule appears to have been rather haphazard. There is no solid evidence to suggest that it emanated from just one center, nor can any systematic development of the script be discerned (apart from the natural maturing observable in the work of energetic scriptoria like that at Tours).(FN8)\r\nEARLY EVIDENCE\r\n    The abbey at Corbie in Picardy was founded c. 660 by monks from the very influential center of Luxeuil in eastern France. The distinctive Luxeuil minuscule was used by its monks wherever they founded other monasteries. This popular (though rather over-elaborate) script underwent some local variation.\r\n    Two manuscripts from the Corbie scriptorium are of particular interest in the search for a source of Carolingian minuscule.\r\n    The first is a copy of the Moralia of Gregory the Great, written sometime after 750, during the time when Leutchar was abbot (Fig. 5), which now resides in Berlin (Staatsbibliothek Ms. Theol. Lat. Fol. 354).The main text is written in half-uncial which on folios 48-49 (now thought to be later additions(FN9)) incorporates some minuscule characteristics and uses a slightly slanted pen angle. At one point the scribe, pressed for space, condenses the script and produces a few lines of what look to us like an early form of Carolingian minuscule.\r\n    The second is a multivolume Old Testament, now divided (Fig. 6). Five volumes remain in the Bibliothèque Municipale of Amiens and two folios of a sixth volume are in Paris (Bibliothèque Nationale Lat. 13174, fols.136, 138). This was written at Corbie between 772 and 781, during the abbacy of Maurdramnus, who was Leutchar\'s successor. Here we have a surprisingly mature minuscule hand -- majestic and assured.It was written with a natural pen angle and contains all the basic elements of Carolingian minuscule. In some ways it is more formal than mature Carolingian minuscule. The whole script has a rather static, upright stance and the arches are made with separate rather than branching strokes. However, the visual relationship between this hand and Carolingian minuscule is patently obvious.\r\n    A further manuscript (this time not from Corbie) is an Evangelistary (a set of Gospel readings for the Mass) actually commissioned by Charlemagne himself to commemorate the baptism of his son, Pippin. It is now in Paris (Bibliothèque Nationale Nouv. Acq. Lat. 1203).\r\n    The text of this luxurious, illuminated manuscript is written in gold and silver uncials on purple-stained vellum. One of the six full-page illuminations depicts the Fountain of Life, a symbol thought to allude to the baptistry of the Lateran in Rome where Charlemagne\'s son was probably baptized, copied from an early Christian manuscript (possibly a gift from the Pope brought back by Charlemagne from Rome).\r\n    Of the most significance in our present quest, however, is a Dedicatory Poem included in the manuscript, not only because it reveals the royal patronage, the occasion (and thus the date, 781-783), and the scribe and illuminator (Godescalc), but also because of its script, which is an unmistakable (if early) Carolingian minuscule (Fig. 7).\r\nALCUIN\'S INVENTION?\r\n    Evidence from these three manuscripts indicates that neither Alcuin nor Charlemagne could have been involved in the \"invention\" of Carolingian minuscule. Long before Alcuin arrived in Tours in 796, Carolingian minuscule was already well-established at all the main centers of writing in France. It was in existence prior to Charlemagne\'s Edict of 789. In his Admonitio Generalis, Charlemagne called for the use of a clear and legible script (one worthy enough to \"carry\" the written Word of God). This requirement was part of a program intended to improve the accuracy and authenticity of both scripture and liturgy.Carolingian minuscule was readily available at that time, and fit those requirements perfectly.\r\nAND SO...\r\n    In view of the diversity of scholarly opinion about the origins of the Carolingian minuscule(FN10) it may be presumptuous (and unwise) to try to formulate a conclusion. Nevertheless, it does seem that the evidence strongly favors half-uncial as the main ingredient. Half-uncial had been popular as a bookhand for many centuries. It was fully developed by the fourth century, and early half-uncial forms date from the third or even second century.(FN11) It would certainly have been a familiar script to eighth-century scribes.\r\n    The scribes of the Moutier Grandval, for example, writing as late as 835, used a \"half-uncial,\" form of minuscule right alongside the \"classic\" Carolingian minuscule (Fig. 8). This demonstrates that easy familiarity and infers strong links between the two scripts.\r\n    The early manuscripts from Corbie indicate one way in which half-uncials could be adapted to a more minuscule form: a move from flattened to slanted pen angle; a more clearly defined body height and ascender/descender length. Individual letterforms were modified in the interest of legibility -- a return to uncial a, the use of looped g, and a more cursive character given to m and n. The whole was written with more discipline and thus achieved greater economy and clarity.\r\n    My considered opinion is that Carolingian minuscule was a modification of the ancient and serviceable half-uncial script, incorporating certain features gathered from other current scripts, and that the Abbey of Corbie led the field in this vitally important calligraphic development.\r\nADDED MATERIAL\r\n    Stan Knight first gained an enthusiasm for the historical aspects of calligraphy forty years ago, while a student at Leeds College of Art with Thomas Swindlehurst (who, in his turn, had been a student of Edward Johnston\'s at the Royal College of Art). A revised and expanded version of his highly acclaimed paleographical survey, Historical Scripts is reviewed in this issue.\r\nACKNOWLEDGEMENTS\r\n    I am indebted to Rutherford Aris of the University of Minneapolis-St Paul, Michelle Brown of the British Library, Ewan Clayton of the Society of Scribes and Illuminators, and David Ganz of King\'s College, London for commenting on the draft of my text. Their generous advice has immeasurably improved its accuracy; any remaining shortcomings, however, are my own responsibility.\r\nFig. 1 The \"classic\" Carolingian minuscule Moutie Grandval Bible London, The British Library Add. Ms. 10546, fol. 411v\r\nFig. 2 Munich, Bayerische Staatsbibliothek CLM 12841, fol. 309r\r\nFig. 3 London, The British Library, Add. Ms. 10546, fol. 100r\r\nFig. 4 Paris, Bibliothèque Nationale, Lat. 1, fol. 237r\r\nFig. 5 Berlin, Staatsbibliothek Ms. Theol. Lat. Fol. 354, fol. 49v\r\nFig. 6 Amiens, Bibliothèque Municipale Ms. 11, fol. 29r\r\nFig. 7 Section from Dedicatory Poem Paris, Bibliotheque Nationale Nouv. Acq. Lat 1203, fol. 126v\r\nFig. 8 The \"classic\" Carolingian minuscule alongside the \"half-uncial\" form of minuscule Moutier Grandval Bible London, The British Library Add. Ms. 10546, fol. 268r\r\nFOOTNOTES\r\n1 David Goldman in A is for Ox adds his own twist to the fable, \"the famed Alcuin of York...was commissioned to start a school for calligraphers by Charlemagne.\" A further flight of fancy is contributed by Donald Anderson in The Art of Written Forms (and regurgitated by Marc Drogin), \"Alcuin and his staff, interested in establishing a legible bookhand, decided that ascenders and descenders were to take up the same space as the main body of letters. Thus the script was written between four equally measured lines\" -- Have these people ever looked at Carolingian minuscule?\r\n2 David Ganz has pointed out (The Preconditions for Caroline Minuscule, p.41) that the primary concern of the Carolingian reforms was the reading, copying, meditation, and commentary on Scripture -- the communication of the written Word of God. It was this which provided the intense motivation for accuracy and legibility, for texts without errors, and for a clear and unambiguous layout and script.\r\n3 See Nordenfalk, Carolingian Illumination, p.148.\r\n4 At a Sotheby\'s sale in London, June 1989, there was a late seventh century Rental Book from St Martin\'s in Tours written in \"cursive Merovingian minuscule.\"\r\n5 This information from Bernhard Bischoff in correspondence with the present author. Compare E K Rand, A Survey of the Manuscripts at Tours.\r\n6 See Bernhard Bischoff, Latin Palaeography, p.114. Bischoff was the acknowledged authority on Carolingian minuscule.\r\n7 Boyle in Medieval Latin Palaeography, discussing the origins of Carolingian minuscule, cites eight further authorities, Ganz another seven.\r\n8 Ganz, p.28.\r\n9 E A Lowe (CLA VIII, p.x) and Bischoff (Latin Palaeography, p.108) both retracted their earlier opinions which suggested that this section of the manuscript revealed the \"birth\" of the Maurdramnus/Carolingian minuscule. However, regardless of the date to be assigned to these folios, the script still demonstrates strong connections between half-uncial and Carolingian minuscule.\r\n10 Boyle gives a succinct summary of opinions in Medieval Latin Palaeography, p.144-145.\r\n11 Compare the Livy Epitome, British Library Papyrus 1532 (shown in Knight, Historical Scripts, Fig. 1).\r\nREFERENCES\r\n    Anderson, Charles R, Lettering, Van Nostrand, 1969.\r\n    Anderson, Donald, The Art of Written Forms, Holt, Rinehart and Winston, 1969.\r\n    Bischoff, Bernhard, Latin Palaeography: Antiquity and the Middle Ages, Cambridge University Press, 1990.\r\n    Bischoff, Bernhard, Mittelalterliche Studien, Stuttgart, 1966.\r\n    Boyle, Leonard E, Medieval Latin Palaeography, University of Toronto Press, 1984.\r\n    Brown, Michelle P, A Guide to Western Historical Scripts, The British Library, 1990.\r\n    Chappell, Warren, A Short History of the Printed Word, Knopf 1970.\r\n    Clayton, Ewan, A Review of Medieval Calligraphy by marc Drogin, published in the SSI Newsletter (Number 22), 1981.\r\n    Day, Lewis F, Alphabets Old and New, Batsford (3rd edition), 1910.\r\n    Drogin, Marc, Medieval Calligraphy, Allanheld and Schram, 1980.\r\n    Fairbank, Alfred, The Story of Handwriting, Faber and Faber, 1970.\r\n    Ganz, David, The Preconditions for Caroline Minuscule, published in Viator, Vol 18, University of California Press, 1987.\r\n    Ganz, David, The Carolingian Bibles from Tours, published in The Early Medieval Bible, Cambridge, 1994.\r\n    Goldman, David J, A is for Ox, Graphison Co. Inc., 1987.\r\n    Gray, Nicolete, A History of Lettering, Phaidon/David Godine, 1986.\r\n    Jackson, Donald, The Story of Writing, first published by Studio Vista, 1981.\r\n    Knight, Stan, Historical Scripts, Oak Knoll Press, 1998.\r\n    Lowe, E A, Codices Latini Antiquiores, Oxford University Press, 1934-1972.\r\n    Mediavilla, Claude, Calligraphy, Scirpus Publications, 1996.\r\n    Morison, Stanley, Politics and Script, Oxford University Press, 1972.\r\n    Mütherich, Florentine and Joachim Gaedhe, Carolingian Painting, Chatto and Windus, 1977.\r\n    Nesbitt, Alexander, The History and Technique of Lettering, Dover, 1950.\r\n    Nordenfalk, Carl, Carolingian Illumination, published in Early Medieval Art, Skira, 1957.\r\n    Pearce, Charles, The Little Manual of Calligraphy, Collins/Taplinger, 1981.\r\n    Rand, E K, A Survey of the Manuscripts of Tours (2 vols), The Medieval Academy of America, 1929.\r\n    Thompson, E Maunde, Handbook of Greek and Latin Palaeography, Ares, 1969 (first published 1893).\r\n    Ullman, Berthold, Ancient Writing and Its Influence, MIT Press 1969 (first published Longmans, 1932).\r\n    Woodcock, John, A Book of Formal Scripts, A & C Black/David Godine, 1992.\r\n________________________________________\r\nSource: Letter Arts Review, 1999, Vol. 15 Issue 2, p32, 8p\r\nItem: 505784936\r\n'),(3977,42,2,10,0,'468 × 553 pixels'),(2862,8,2,50,0,'\"Searching for the roots: the origins of Carolingian minuscule\"'),(1128,9,2,42,0,'Image'),(1126,9,2,40,0,'700s'),(1127,9,2,37,0,'New Palaeographical Society'),(1125,9,2,45,0,'Cologne Cathedral Library'),(1124,9,2,48,0,'http://medievalwriting.50megs.com/scripts/history5.htm (Accessed: 23 October 2012)'),(4040,13,2,49,0,'Teaching--Outlines, syllabi, etc.'),(4009,7,2,7,1,'As seen on<a href=\"http://www.bbc.co.uk/news/magazine-10689931\"> BBC News</a>'),(4054,10,2,49,0,'Teaching--Outlines, syllabi, etc.'),(4053,10,2,50,0,'DESMA 25 Syllabus Winter 2012'),(172,6,2,7,1,'<a href=\"http://www.nytimes.com/2009/09/05/arts/design/05ikea.html?_r=2&amp;pagewanted=all\">As seen on NY Times</a>'),(166,6,2,39,0,'Edward Rothstein'),(167,6,2,48,0,'http://www.nytimes.com/2009/09/05/arts/design/05ikea.html?pagewanted=all&_r=1&'),(168,6,2,45,0,'nytimes.com'),(169,6,2,40,0,'4 Sept 2009'),(170,6,2,42,0,'Article'),(171,6,2,1,1,'<div class=\"livestats-web-bug\">\r\n<p>Maybe the mistake that the&nbsp;<a title=\"More articles about Ikea.\" href=\"http://topics.nytimes.com/top/news/business/companies/ikea/index.html?inline=nyt-org\">Ikea</a>&nbsp;people made last month when the company released its 2010 catalog was that they didn&rsquo;t follow their own instructions.</p>\r\n<p>They should have first taken everything out of the carton and made sure nothing was missing and that they weren&rsquo;t mixing up, say, a Bjursta with a Leksvik or a Muddus. Then they should have taken a look to see how it all would fit together (serifs, strokes and counters), and only then should they have taken the many parts (stems, extenders, legs, spurs and chins) and started to jostle them into place, making sure they had enough help for heavy lifting when anything resembling pressed board was involved.</p>\r\n<p>Instead they violated their aesthetic and their method: they went cheap (O.K., that&rsquo;s part of Ikea&rsquo;s appeal) but they also went pre-fab, ready-made. They even jettisoned their own distinctive, Swedish-owned design for something generic, multinational and bland. What good is designing furniture with coy names few outside your country can properly pronounce if you print a catalog describing those items using a font designed by Microsoft?</p>\r\n<p>Yes, it&rsquo;s fonts that we are talking about here, and as anyone who has seen the documentary &ldquo;Helvetica&rdquo; or fiddled with computer programs can tell you, there&rsquo;s a big difference between Wingdings and Bauhaus. And there are many people who care deeply about the ways letters are given shape, how they descend below the line, where they get thicker or thinner and how elaborately they are ornamented.</p>\r\n<p>So when Ikea casually abandoned its version of the famed 20th-century font Futura that had served it for 50 years and replaced it for 2010 with the computer-screen font Verdana, professional outrage was immense.</p>\r\n<p>We tend to think of text as semantically invisible, the letters being mere tools used clearly to display words, which convey the true meanings. But no one who actually wants you to pay attention to those meanings risks thinking that way: advertisers, logo designers, magazine and book publishers and catalog creators spend millions on fonts because they know the medium has a message.</p>\r\n<p>The design blog&nbsp;<a href=\"http://idsgn.org/\" target=\"_\">idsgn.org</a>&nbsp;presented examples of the Ikea catalog&rsquo;s look, before and after. At a quick glance they are more similar than distinct; after all, Ikea didn&rsquo;t replace its own font, known as Ikea Sans, with anything like Comic Sans. But the differences rankled readers. &ldquo;Yuck,&rdquo; &ldquo;sad,&rdquo; &ldquo;idiots,&rdquo; &ldquo;repulsive,&rdquo; the comments read. &ldquo;Do they want to look cheaper?!&rdquo;</p>\r\n<p>When the change was noticed, toward the end of August, Twitterers twitted mercilessly: &ldquo;Words can&rsquo;t describe my disgust,&rdquo; read one from Melbourne, Australia. The comments grew even more heated on Typophile (<a href=\"http://typophile.com/node/61222\" target=\"_\">typophile.com/node/61222</a>). An online petition pleading with Ikea to &ldquo;get rid of Verdana&rdquo; has a steadily growing list that on Friday contained more than 5,000 signatures, having nearly doubled in a week.</p>\r\n<p>&ldquo;We&rsquo;re surprised,&rdquo; the Ikea spokeswoman Camilla Meiby said. &ldquo;But I think it&rsquo;s mainly experts who have expressed their views, people who are interested in fonts. I don&rsquo;t think the broad public is that interested.&rdquo;</p>\r\n<p>And what, after all, is the fuss about? All this, just because the Ikea catalog now looks a bit more like a paste-up job you could do yourself on a computer screen? What is the grand offense? And why care so deeply about a catalog even if the company says it went to 199 million households last year?</p>\r\n<p>Ikea explained that it was abandoning its own version of the Futura font because it wanted one that would be effective in many different languages and on the Web, and that Verdana was designed for just that purpose. Microsoft released Verdana in 1996 as a versatile font for new technologies. On the screen, for example, differences between the lowercase i, j and l and the number 1 have to be clear. And the font has to be crisp even at the smallest sizes.</p>\r\n<p>&ldquo;The Verdana fonts,&rdquo; Microsoft explains, &ldquo;are stripped of features redundant when applied to the screen. They exhibit new characteristics, derived from the pixel rather than the pen, the brush or the chisel.&rdquo;</p>\r\n<p>Verdana, designed by Matthew Carter, serves technology not by seeming technological but with its leanness, height and loose spacing; it is bland, but efficient. The Ikea spokeswoman called it &ldquo;a simple, cost-effective font.&rdquo;</p>\r\n<p>Ikea&rsquo;s abandoned font, Futura, on the other hand, has a long and distinguished heritage. It was created by the German designer Paul Renner in the 1920s, and oddly was meant to herald the same crisp possibilities of an efficient technological future that Verdana now claims to serve. Futura was<a title=\"\" href=\"http://movies.nytimes.com/person/98221/Stanley-Kubrick?inline=nyt-per\">Stanley Kubrick</a>&rsquo;s favorite typeface, used in the titles and advertising of &ldquo;2001: A Space Odyssey.&rdquo; It was the first font to land on the moon, on a plaque left there in 1969. The idsgn blog contains images of company logos and brands that have embraced Futura: Absolut, Domino&rsquo;s, Best Buy, Costco, Red Bull.</p>\r\n<p>But even Futura has had its enemies. In the Type Directors Club annual publication Typography, one playful protest against the font&rsquo;s dominance at the time of the Persian Gulf war slammed it as &ldquo;the most overused typeface in advertising history.&rdquo; Using Futura Extra Bold Condensed, the protest proclaimed: &ldquo;IMAGINE IF&nbsp;<a title=\"More articles about Saddam Hussein.\" href=\"http://topics.nytimes.com/top/reference/timestopics/people/h/saddam_hussein/index.html?inline=nyt-per\">SADDAM HUSSEIN</a>&nbsp;WERE A TYPEFACE.&rdquo;</p>\r\n<p>Yet it can&rsquo;t be denied: Ikea is trading away a font with a tradition of modernist design, having elaborate associations, for one that has only one major association: with the computer screen. This is so offensive to many because it seems like a slap at the principles of design by a company that has been hailed for its adherence to them. It is, detractors say, an embrace of homogeneity and globalization, betraying all allegiance to the Ikea warehouse style that coats its version of modernity with a veneer of Swedish idiosyncrasy.</p>\r\n<p>The result is also inconsistent. Such change is not unusual: companies have often altered, say, their logos to match their evolution. In 2003 UPS, for example, shed the classic 1961 logo that was designed by Paul Rand (who also created brilliant logos for I.B.M., Westinghouse and &mdash; gulp &mdash;&nbsp;<a title=\"More articles about Enron.\" href=\"http://topics.nytimes.com/top/news/business/companies/enron/index.html?inline=nyt-org\">Enron</a>): a simple monochrome shield topped by a package tied in string proclaiming safety and dispatch. But string is now discouraged by UPS because it can damage processing machinery, and the company itself has changed; hence the new logo, which sacrificed the charm and wit of the old for sheen and swoosh.</p>\r\n<p>But this is not true of Ikea. Its logo is unaltered, and its overall approach remains unchanged. So why use Verdana to sell Lerberg shelves or a Torbjorn swivel chair? It may be more economical, but the pieces don&rsquo;t fit cleanly; they are forced into place.</p>\r\n<p>Actually, though, this sense of something cobbled together is not alien to my own experience. I have always found the idea of Ikea, and the experience of buying things there, much more appealing than actually owning the objects or laboriously putting them together. Ikea&rsquo;s furniture is decidedly low-tech, the construction is not terribly refined, and the required effort not always as slight as claimed.</p>\r\n<p>So I can&rsquo;t get too upset about the catalog. Why not look simple, patched together and cost-effective? It&rsquo;s a sales pitch, bluntly delivered in difficult times.</p>\r\n</div>\r\n<p id=\"blq-container-outer\" class=\"blq-journalism-worldwide blq-ltr\">&nbsp;</p>'),(163,6,2,50,0,'New York Times: Typography Fans Say Ikea Should Stick to Furniture'),(164,6,2,49,0,'Typography in the News'),(165,6,2,41,0,'An article outlining the stir surrounding IKEA\'s decision to change its catalogue from Futura to Verdana. '),(4005,7,2,41,0,'An article interrogating the importance of typefaces in popular culture. '),(4006,7,2,48,0,'http://www.bbc.co.uk/news/magazine-10689931'),(4007,7,2,45,0,'BBC News'),(4008,7,2,1,0,'To most people, typefaces are pretty insignificant. Yet to their devotees, they are the most important feature of text, giving subliminal messages that can either entice or revolt readers, says Tom de Castella.\r\n\r\nWhen Avatar, the biggest grossing movie of all time was released, one section of the audience was immediately outraged.\r\n\r\nGraphic designers hated it. Why? They didn\'t like the font that director James Cameron had chosen for the subtitles.\r\n\r\n\"I hated it on the posters and then threw up a little in my mouth when I realised I would have to read that ugly font throughout the film in the subtitles,\" one blogger commented.\r\n\r\n\"After the hundreds of millions of dollars spent on CG effects, did he just run out of money for a decent graphic designer?\"\r\n\r\nAnd yet fonts are not just for geeks. Otherwise why would organisations around the world spend so much time and money changing their typeface?\r\n\r\nA new look\r\nIn April, the Mail on Sunday reported that the Foreign and Commonwealth Office spent £80,000 changing its typeface to one that was almost identical.\r\n\r\nLast month Gatwick Airport unveiled a new logo, replacing a rather austere style with a custom-made, handwritten script. A spokeswoman said the change was an attempt to emphasise the airport\'s \"personal touch\". And in the past week the BBC website has taken on a new look, replacing Verdana font with Arial (on PCs) and Neue Helvetica (on Macs).\r\n\r\nBut can different shaped letterforms really convey those values?\r\n\r\n\r\nThe old Gatwick logo, in Frutiger, was said to be \'uncompromising\'...\r\n\r\n...but under new ownership it embraced a more \'personal\' style\r\nThe power of the font goes back to the Greeks, says Julie Strawson, director of Monotype Imaging, an international type-design company. \"The Greeks created handwriting and that\'s one of the most personal ways of communicating.\"\r\n\r\nA typeface may never quite be able to replicate the intimacy of pen and ink but with an estimated 200,000 fonts to choose from today, there are no shortage of different styles to choose from.\r\n\r\nSelecting a font is like getting dressed, Ms Strawson says. Just as one chooses an outfit according to the occasion, one decides on a font according to the kind of message you are seeking to convey.\r\n\r\nOne of the crucial dilemmas is whether to opt for serif or sans serif. In a serif typeface the letters have extra curls and bobbles, reminiscent of calligraphy, whereas in sans serif (literally without serif) the letter forms have clean lines without any protruding bits.\r\n\r\n\"Some people find serif best because, like handwriting, it helps the eye to link the letters,\" Ms Strawson says. \"With sans each character is completely separate, there\'s more white space which is why some find it more readable.\"\r\n\r\nContinue reading the main story\r\nTypeface or font?\r\n\r\nA typeface is the specific letterform design of an alphabet\r\nA font is a collection of all the characters of a typeface, including capital letters and lowercase letters, numerals and punctuation marks\r\nFor letterpress printing, using hot metal, a font was produced for every size and style of typeface, but today fonts are delivered as a digital software file that caters for all sizes of a typeface.\r\nThat is why the words font and typeface are often interchanged\r\nThe typeface matters because of its power to create a sense of recognition and trust, she argues: \"Everyone recognises the BBC just from three characters in Gill Sans. It\'s an icon. If you wrote BBC in a flowery font people wouldn\'t recognise it.\"\r\n\r\nBanks are particularly aware of this, with companies like Barclays creating their own branded font to reinforce a sense of security at a time when fear of fraud and scamming is high.\r\n\r\nBut Jonathan Barnbrook, founder of the website Virus Fonts, believes the power of typography goes beyond such utilitarian aims.\r\n\r\n\"A good typeface creates an emotional response in relation to the message it is conveying. You\'re trying to get that tone of voice right - you can shout or whisper. And you want to sum up the spirit of the age, because they do date quite quickly.\"\r\n\r\nPeople have become more aware about the impact of fonts because of computers, but the power of a typeface is still largely subliminal, he argues. Mr Barnbrook is best known for producing provocatively named, subversive fonts such as Exocet, Bastard, Prozac and Nixon. He also designed the cover of Heathen, David Bowie\'s 2002 album.\r\n\r\n\"I talked a lot with Bowie - the discussions went back and forth. He\'s the creator and you\'re trying to get the atmosphere of the music across in the design. I chose one of our own fonts - Priori - which is formal but playful, as the album was quite dark.\"\r\n\r\nContinue reading the main story\r\nSource: Nadine Chahine, typeface designer, Linotype\r\n	\r\nThe Swiss typeface Neue Helvetica, by Linotype Design Studio, appears to be drawn with uniform thickness (a Sans-Serif), and its finishing stroke curls back up onto itself. It is neutral in design, which is why Neue Helvetica has lent itself to designs worldwide.	The Gill Sans, designed by the artist Eric Gill, is quirky and full of character. This typeface is a solid British institution, and can be seen all over the UK. Its unique design has made it a staple of British typography for many decades now.\r\n	\r\nAnother British work horse is the serif typeface Times New Roman. Designed for the Times newspaper, London, by Monotype, this is a typeface you trust. The outlines here vary from thick to thin, and the overall design is meant for fast newspaper production.	The Zapfino Extra typeface by Professor Hermann Zapf is a script typeface full of beauty, elegance and harmony, with soft and elegant curves. The writing style is that of excellent penmanship. A feminine, classy design that is ideal for advertising.\r\nIndeed there\'s no limit to the emotional range a typeface can reflect. \"Typography is so closely associated with language so you can express irony and get the whole complexity of emotion in there,\" adds Mr Barnbrook.\r\n\r\nIt\'s part of a typeface designer\'s essential make-up to get hung up on tiny details. And sometimes that can be downright annoying, he admits: \"The problem is you\'re watching a film and you notice a sign. You realise that the letterforms are 20 years later than the era the film is supposed to be set in.\"\r\n\r\nIndeed for some, fonts take on almost life and death significance. The Swiss font Helvetica has a cult following celebrated by the 2007 documentary of the same name.\r\n\r\nHelvetica = cheap\r\nBut for Bruno Maag, managing creative director of typeface studio Dalton Maag, Helvetica is a cultural blight.\r\n\r\n\"If you think of ice cream, it (Helvetica) is a cheap, nasty, supermarket brand made of water, substitutes and vegetable fats. The texture is wrong and it leaves a little bit of a funny aftertaste.\"\r\n\r\nRather than being the modernist font supporters say it is, he argues that Helvetica is based on \"antique\" designs and made up of badly executed letter forms, although he admits these are \"tiny details\" most people will never spot.\r\n\r\n\"Lower case Ss are notoriously difficult to get right. But in Helvetica it\'s not straight - you want to go in there and tighten it up. And the \'a\' looks so woolly and ill-conceived, it really winds me up.\"\r\n\r\nContinue reading the main story\r\n“\r\nStart Quote\r\n\r\nWhen you\'re reading an article you\'re not thinking about the font”\r\n\r\nMike Battista\r\nCanadian blogger\r\nAs much as he hates Helvetica, he loves Univers, another Swiss-invented design. \"It\'s the true modernist typeface. There\'s no fuss and schmuss about it, it\'s a clean, tight design. If Helvetica is Julia Roberts - pretty enough - then Univers is Uma Thurman - really cool.\"\r\n\r\nBut the Canadian blogger Mike Battista, who blogs at phronk.com, has had enough of the font police. He was first alerted to the problem when the graphic design community reacted angrily to the use of Papyrus for the subtitles in Avatar.\r\n\r\n\"I follow a lot of the graphic design community on Twitter and there were so many people querying Papyrus. They jumped on it because they think it\'s too flashy and gimmicky. But subtitle fonts don\'t matter as long as you can read them.\"\r\n\r\nMr Battista concludes that the font has been elevated to an absurdly high cultural status by a small, self-indulgent elite.\r\n\r\n\"These people remind me of wine snobs - they can detect all these subtle notes and flavours but the average person probably won\'t notice all these tiny flourishes on a font. When you\'re reading an article you\'re not thinking about the font. You have to be looking at fonts all day before you start getting emotional about them.\"\r\n\r\nAn obsession with typefaces may even be reducing our productivity, he warns.\r\n\r\n\"The other day I heard that people are getting \'font paralysis\'. They couldn\'t move forward with their work because they were unable to decide on which font to use.\"\r\n\r\nBelow is a selection of your comments\r\n\r\nI think that font choice is very important in some situations. Within e-mails it can brand a company or person. I know in my company (medical) that the use of Arial is used to be conservative, neutral, and also professional.\r\n\r\nMatthew, London\r\n\r\nI am one of those poor people who struggle to decide what font to use - I end up settling with Arial as it\'s a clear font to read, but I wonder what impression that is giving the person reading what I\'ve typed.\r\n\r\nJennifer Martin, Bradford\r\n\r\nWhen you\'re reading an article you\'re not thinking about the font consciously. It\'s the unconscious that has the emotional influence, as with shapes, as with colours. It is the designers job to consider the impact of all the above.\r\n\r\nBrian Wild, Surrey\r\n\r\nYep, some pedantic, obsessive typographers border on the obsessive. True. But only the ignorant would dismiss the subliminal power of typography in advertising or deny the practical benefits of careful type setting in reading material.\r\n\r\nSimon, London\r\n\r\nSome people really, really don\'t like certain fonts. There\'s even a Hitler Downfall parody on YouTube regarding Comic Sans.\r\n\r\nNellie, Oxfordshire\r\n\r\nMy favourite has to be Gill Sans. It just works in so many applications and is beautiful to look at. Based on the Johnson font used for the Underground, it is a British institution and a pure design classic.\r\n\r\nDavid Moody, Staffordshire\r\n\r\nI\'m a freelance web and graphic designer, and cannot stress enough the importance of choosing the right font for the right client / scenario. The difference between using Helvetica / Arial as opposed to say Verdana or Tahoma could be the difference between securing future work from the client or not.\r\n\r\nChristian, Wrexham, Wales\r\n\r\nThere is no \"best\" font, only fonts that are well-suited to certain situations. For instance, Gill Sans, Frutiger and \"Transport\" are all excellent fonts to make a clear message come across, hence their use on road signs and in airports. Consider for instance this new Gatwick logo - at a distance, it is hardly legible. I would be able to make out \"Your London Airport\" because it is in sans-serif but \"Gatwick\"? Never.\r\n\r\nJP, Geneva, Switzerland\r\n\r\nAccording to Simon I\'m ignorant. I honestly hadn\'t noticed the typeface had changed on the BBC website. All I\'d noticed is the layout is much clearer. Layout is the key in my opinion and has a vastly greater impact than font, which ultimately just had to be legible. The same for adverts, it\'s the layout and what\'s written which captures me, rather than how it\'s written.\r\n\r\nJames, Southampton\r\n\r\nOf all the fonts, I can\'t stand Times New Roman. It just seems lazy to me, as if a person has just stuck with the first font that The word processor presented. I personally prefer Arial. It\'s clear, concise and easy to read.\r\n\r\nMatt Dougherty, Gosport, Hampshire\r\n\r\nTimes New Roman for elegance, stability & truth and Univers for a clean sans serif ~ more sympatico than Helvetica. Had a more than brief flirtation with Romic ~ lots of fun. Love fonts, retired graphic designer so out of date now :( Can remember \"drawing\" letter-shapes in school when learning to write. Mine were better than the teacher\'s IMHO :)\r\n\r\nAngela Elliott, Hove, England\r\n\r\ninally I understand what it is I haven\'t liked about the BBC\'s new look this last week! I often change documents from Arial to something \"friendlier/ warmer\", such as Calibri. And I\'d never send an email in Arial or Times New Roman. I find them cold. I also think the latter looks messy, or like it\'s come from someone who doesn\'t know how to change the font!\r\n\r\nAntonia, Nottingham\r\n\r\nI admit being amongst the anti-Papyrus crowd. When this typeface was used in Avatar. However I\'m beginning to suspect that Papyrus is becoming deeply embedded in our culture. I see it on cookbook binders, funeral home signs, beauty salons, church bulletins, and block-buster sci-fi movies. Look for it and you will see it everywhere. I wonder why? Exotic? Warm? Transcendental? Peaceful?\r\n\r\nDarwin Godwin, Tucson, Arizona, USA\r\n\r\nTwenty-five years ago I had the privilege of watching the skilled compositors at work on linotype and monotype machines in a printing house. They were incredibly skilled guys who showed great pride in their work. They really understood fonts. My job at the time? I was a technician introducing a computer typesetting system to replace those old machines.\r\n\r\nCharles Smith, London\r\n\r\nTypography and the selection of fonts is the single most important aspect of Graphic Design aesthetics. A slight weight or stroke discrepancy or, as so often seen a very slightly stretched font can wreck an entire design. When you get it right you will know...although you may not know why!\r\n\r\nJamie Smith, London'),(4003,7,2,50,0,'BBC: Do Typefaces Really Matter?'),(4004,7,2,49,0,'Typography in the News'),(4016,4,2,7,0,'Video'),(244,20,3,77,0,'a:7:{s:8:\"FileName\";s:36:\"3e8efb4445161a56338872ab9754c2e8.jpg\";s:12:\"FileDateTime\";i:1351164223;s:8:\"FileSize\";i:15089;s:8:\"FileType\";i:2;s:8:\"MimeType\";s:10:\"image/jpeg\";s:13:\"SectionsFound\";s:0:\"\";s:8:\"COMPUTED\";a:4:{s:4:\"html\";s:24:\"width=\"261\" height=\"193\"\";s:6:\"Height\";i:193;s:5:\"Width\";i:261;s:7:\"IsColor\";i:1;}}'),(246,20,3,73,0,'193'),(245,20,3,76,0,'FileName:3e8efb4445161a56338872ab9754c2e8.jpg\nFileDateTime:1351164223\nFileSize:15089\nFileType:2\nMimeType:image/jpeg\nSectionsFound:\nCOMPUTED:\n	html:width=\"261\" height=\"193\"\n	Height:193\n	Width:261\n	IsColor:1\n\n'),(243,20,3,75,0,'3'),(242,20,3,74,0,'8'),(247,20,3,72,0,'261'),(4002,24,2,7,0,'http://www.counterspace.us/typography/counterspace.swf'),(4000,24,2,39,0,'Counter Space'),(4001,24,2,48,0,'http://www.counterspace.us/typography/counterspace.swf'),(252,24,2,6,0,'http://www.counterspace.us/typography/counterspace.swf'),(253,21,3,74,0,'8'),(254,21,3,75,0,'3'),(255,21,3,77,0,'a:7:{s:8:\"FileName\";s:37:\"5732381ff9021d0487d8d029d388ae49.jpeg\";s:12:\"FileDateTime\";i:1351186843;s:8:\"FileSize\";i:18647;s:8:\"FileType\";i:2;s:8:\"MimeType\";s:10:\"image/jpeg\";s:13:\"SectionsFound\";s:0:\"\";s:8:\"COMPUTED\";a:4:{s:4:\"html\";s:24:\"width=\"252\" height=\"200\"\";s:6:\"Height\";i:200;s:5:\"Width\";i:252;s:7:\"IsColor\";i:1;}}'),(256,21,3,76,0,'FileName:5732381ff9021d0487d8d029d388ae49.jpeg\nFileDateTime:1351186843\nFileSize:18647\nFileType:2\nMimeType:image/jpeg\nSectionsFound:\nCOMPUTED:\n	html:width=\"252\" height=\"200\"\n	Height:200\n	Width:252\n	IsColor:1\n\n'),(257,21,3,73,0,'200'),(258,21,3,72,0,'252'),(1129,9,2,7,0,'Photo'),(2253,26,2,48,0,'Fontpedia'),(2254,26,2,40,0,'5 April 2010'),(2255,26,2,37,0,'Stefan Nadelman'),(2256,26,2,42,0,'Image'),(2257,26,2,38,0,'<kml xmlns=\"http://earth.google.com/kml/2.0\"><Folder><name>OpenLayers export</name><description>Exported on Thu Nov 08 2012 15:18:39 GMT-0800 (Pacific Standard Time)</description></Folder></kml>||||osm\r\nPortland, OR, United States\r\n'),(282,22,3,74,0,'8'),(283,22,3,73,0,'888'),(284,22,3,72,0,'1478'),(1123,9,2,39,0,'Epistle of Gregory the Great'),(1121,9,2,49,0,'History'),(1122,9,2,41,0,'An example of script from the Merovingian-Carolingian transitional period.'),(302,23,3,74,0,'8'),(303,23,3,75,0,'3'),(304,23,3,77,0,'a:8:{s:8:\"FileName\";s:36:\"a06210df85e429f1ee434e9bd2a1ec88.jpg\";s:12:\"FileDateTime\";i:1351194334;s:8:\"FileSize\";i:9788;s:8:\"FileType\";i:2;s:8:\"MimeType\";s:10:\"image/jpeg\";s:13:\"SectionsFound\";s:7:\"COMMENT\";s:8:\"COMPUTED\";a:4:{s:4:\"html\";s:23:\"width=\"381\" height=\"83\"\";s:6:\"Height\";i:83;s:5:\"Width\";i:381;s:7:\"IsColor\";i:1;}s:7:\"COMMENT\";a:1:{i:0;s:28:\"LEAD Technologies Inc. V1.01\";}}'),(305,23,3,76,0,'FileName:a06210df85e429f1ee434e9bd2a1ec88.jpg\nFileDateTime:1351194334\nFileSize:9788\nFileType:2\nMimeType:image/jpeg\nSectionsFound:COMMENT\nCOMPUTED:\n	html:width=\"381\" height=\"83\"\n	Height:83\n	Width:381\n	IsColor:1\n\nCOMMENT:\n	0:LEAD Technologies Inc. V1.01\n\n'),(306,23,3,73,0,'83'),(307,23,3,72,0,'381'),(1120,9,2,50,0,'Merovingian-Carolingian Minuscule Script'),(2252,26,2,41,0,'This is the alphabet of the font Antique Black, a modern typeface directly inspired by the early Blackletter of the 1300s.'),(4187,27,2,42,0,'Image'),(4188,27,2,38,0,'<kml xmlns=\"http://earth.google.com/kml/2.0\"><Folder><name>OpenLayers export</name><description>Exported on Thu Nov 08 2012 15:27:25 GMT-0800 (Pacific Standard Time)</description></Folder></kml>||||osm\r\nFrance'),(4184,27,2,48,0,'http://arthistorygroup.blogspot.com/2012_05_01_archive.html (Accessed: 25 October 2012)'),(361,24,3,74,0,'8'),(362,24,3,75,0,'3'),(363,24,3,77,0,'a:8:{s:8:\"FileName\";s:36:\"a9a51bf2a57af856e33a0119cda050ef.jpg\";s:12:\"FileDateTime\";i:1351194832;s:8:\"FileSize\";i:80672;s:8:\"FileType\";i:2;s:8:\"MimeType\";s:10:\"image/jpeg\";s:13:\"SectionsFound\";s:7:\"COMMENT\";s:8:\"COMPUTED\";a:4:{s:4:\"html\";s:24:\"width=\"510\" height=\"600\"\";s:6:\"Height\";i:600;s:5:\"Width\";i:510;s:7:\"IsColor\";i:1;}s:7:\"COMMENT\";a:1:{i:0;s:81:\"File source: http://commons.wikimedia.org/wiki/File:Minuscule_caroline_detail.jpg\";}}'),(364,24,3,76,0,'FileName:a9a51bf2a57af856e33a0119cda050ef.jpg\nFileDateTime:1351194832\nFileSize:80672\nFileType:2\nMimeType:image/jpeg\nSectionsFound:COMMENT\nCOMPUTED:\n	html:width=\"510\" height=\"600\"\n	Height:600\n	Width:510\n	IsColor:1\n\nCOMMENT:\n	0:File source: http://commons.wikimedia.org/wiki/File:Minuscule_caroline_detail.jpg\n\n'),(365,24,3,73,0,'600'),(366,24,3,72,0,'510'),(2861,28,2,7,0,'Photo'),(2860,28,2,42,0,'Image'),(2856,28,2,41,0,'A side-by-side comparison of how different Blackletter typefaces depict specific letters. Typefaces include: Textur, Rotunda, and Schwabacher.'),(2858,28,2,40,0,'2005-03-23'),(2859,28,2,37,0,'User BK of German Wikipedia'),(2857,28,2,48,0,'http://commons.wikimedia.org/wiki/File:Gebrochene_Schriften.svg (Accessed: 25 October 2012)'),(402,25,3,74,0,'8'),(403,25,3,73,0,'1000'),(404,25,3,72,0,'1000'),(2854,28,2,50,0,'Comparison of Blackletter Typefaces'),(414,26,3,74,0,'8'),(415,26,3,75,0,'1'),(416,26,3,77,0,'a:18:{s:8:\"FileName\";s:36:\"1b3b978b625033b192068b26df13e74f.jpg\";s:12:\"FileDateTime\";i:1351198368;s:8:\"FileSize\";i:133845;s:8:\"FileType\";i:2;s:8:\"MimeType\";s:10:\"image/jpeg\";s:13:\"SectionsFound\";s:30:\"ANY_TAG, IFD0, THUMBNAIL, EXIF\";s:8:\"COMPUTED\";a:7:{s:4:\"html\";s:25:\"width=\"600\" height=\"1143\"\";s:6:\"Height\";i:1143;s:5:\"Width\";i:600;s:7:\"IsColor\";i:0;s:17:\"ByteOrderMotorola\";i:1;s:18:\"Thumbnail.FileType\";i:2;s:18:\"Thumbnail.MimeType\";s:10:\"image/jpeg\";}s:11:\"Orientation\";i:1;s:11:\"XResolution\";s:5:\"300/1\";s:11:\"YResolution\";s:5:\"300/1\";s:14:\"ResolutionUnit\";i:2;s:8:\"Software\";s:29:\"Adobe Photoshop CS5 Macintosh\";s:8:\"DateTime\";s:19:\"2012:06:25 21:50:57\";s:16:\"Exif_IFD_Pointer\";i:164;s:9:\"THUMBNAIL\";a:6:{s:11:\"Compression\";i:6;s:11:\"XResolution\";s:5:\"300/1\";s:11:\"YResolution\";s:5:\"300/1\";s:14:\"ResolutionUnit\";i:2;s:21:\"JPEGInterchangeFormat\";i:302;s:27:\"JPEGInterchangeFormatLength\";i:4493;}s:10:\"ColorSpace\";i:1;s:14:\"ExifImageWidth\";i:2480;s:15:\"ExifImageLength\";i:4724;}'),(417,26,3,76,0,'FileName:1b3b978b625033b192068b26df13e74f.jpg\nFileDateTime:1351198368\nFileSize:133845\nFileType:2\nMimeType:image/jpeg\nSectionsFound:ANY_TAG, IFD0, THUMBNAIL, EXIF\nCOMPUTED:\n	html:width=\"600\" height=\"1143\"\n	Height:1143\n	Width:600\n	IsColor:0\n	ByteOrderMotorola:1\n	Thumbnail.FileType:2\n	Thumbnail.MimeType:image/jpeg\n\nOrientation:1\nXResolution:300/1\nYResolution:300/1\nResolutionUnit:2\nSoftware:Adobe Photoshop CS5 Macintosh\nDateTime:2012:06:25 21:50:57\nExif_IFD_Pointer:164\nTHUMBNAIL:\n	Compression:6\n	XResolution:300/1\n	YResolution:300/1\n	ResolutionUnit:2\n	JPEGInterchangeFormat:302\n	JPEGInterchangeFormatLength:4493\n\nColorSpace:1\nExifImageWidth:2480\nExifImageLength:4724\n'),(418,26,3,73,0,'1143'),(419,26,3,72,0,'600'),(3059,128,2,50,0,'Johannes Gutenberg'),(3057,134,3,73,0,'929'),(3058,134,3,72,0,'709'),(3047,29,2,7,0,'Digitally Designed Image'),(3055,134,3,74,0,'8'),(3056,134,3,75,0,'3'),(3046,29,2,37,0,'Pablo Tradecete'),(3044,29,2,48,0,'http://www.behance.net/gallery/Modular-Typeface/4129995'),(3045,29,2,40,0,'June 25, 2012'),(3043,29,2,39,0,'Pablo Tradecete'),(4174,30,2,49,0,'Graphic design (Typography)--History'),(4175,30,2,41,0,'Developed in France during the Merovingian Dynasty, Merovingian Script was the basis for Carolingian Minuscule. '),(4177,30,2,40,0,'700'),(447,27,3,74,0,'4'),(448,27,3,75,0,'3'),(449,27,3,73,0,'151'),(450,27,3,72,0,'469'),(4180,30,2,7,0,'Photo'),(3025,31,2,11,0,'1:06'),(3024,31,2,7,0,'Digitally created video'),(3019,31,2,39,0,'lamesville'),(3020,31,2,48,0,'http://vimeo.com/23605143'),(3021,31,2,40,0,'May 5, 2011'),(3022,31,2,37,0,'lamesville '),(3023,31,2,44,0,'English'),(3018,31,2,41,0,'Idler is a new type of modular typeface that emphasizes bold lettering.  This video gives a brief introduction to the font.\r\n\r\n<iframe src=\"http://player.vimeo.com/video/23605143\" width=\"400\" height=\"300\" frameborder=\"0\" webkitAllowFullScreen mozallowfullscreen allowFullScreen></iframe>'),(3017,31,2,49,0,'Graphic Design (Typography)'),(3016,31,2,50,0,'\"Idler: A New Modular Typeface\"'),(2855,28,2,49,0,'Graphic design (Typography)--History'),(4179,30,2,38,0,'<kml xmlns=\"http://earth.google.com/kml/2.0\"><Folder><name>OpenLayers export</name><description>Exported on Thu Nov 08 2012 16:59:27 GMT-0800 (Pacific Standard Time)</description></Folder></kml>||||osm\r\nFrance'),(2613,115,3,74,0,'8'),(2614,115,3,73,0,'591'),(2615,115,3,72,0,'500'),(517,29,3,74,0,'8'),(518,29,3,75,0,'3'),(519,29,3,77,0,'a:18:{s:8:\"FileName\";s:36:\"4d393d8cac48b8e769c06126178c482f.jpg\";s:12:\"FileDateTime\";i:1351199462;s:8:\"FileSize\";i:93938;s:8:\"FileType\";i:2;s:8:\"MimeType\";s:10:\"image/jpeg\";s:13:\"SectionsFound\";s:30:\"ANY_TAG, IFD0, THUMBNAIL, EXIF\";s:8:\"COMPUTED\";a:7:{s:4:\"html\";s:24:\"width=\"650\" height=\"451\"\";s:6:\"Height\";i:451;s:5:\"Width\";i:650;s:7:\"IsColor\";i:1;s:17:\"ByteOrderMotorola\";i:1;s:18:\"Thumbnail.FileType\";i:2;s:18:\"Thumbnail.MimeType\";s:10:\"image/jpeg\";}s:11:\"Orientation\";i:1;s:11:\"XResolution\";s:12:\"720000/10000\";s:11:\"YResolution\";s:12:\"720000/10000\";s:14:\"ResolutionUnit\";i:2;s:8:\"Software\";s:29:\"Adobe Photoshop CS5 Macintosh\";s:8:\"DateTime\";s:19:\"2012:01:26 01:39:46\";s:16:\"Exif_IFD_Pointer\";i:164;s:9:\"THUMBNAIL\";a:6:{s:11:\"Compression\";i:6;s:11:\"XResolution\";s:4:\"72/1\";s:11:\"YResolution\";s:4:\"72/1\";s:14:\"ResolutionUnit\";i:2;s:21:\"JPEGInterchangeFormat\";i:302;s:27:\"JPEGInterchangeFormatLength\";i:5008;}s:10:\"ColorSpace\";i:1;s:14:\"ExifImageWidth\";i:650;s:15:\"ExifImageLength\";i:451;}'),(520,29,3,76,0,'FileName:4d393d8cac48b8e769c06126178c482f.jpg\nFileDateTime:1351199462\nFileSize:93938\nFileType:2\nMimeType:image/jpeg\nSectionsFound:ANY_TAG, IFD0, THUMBNAIL, EXIF\nCOMPUTED:\n	html:width=\"650\" height=\"451\"\n	Height:451\n	Width:650\n	IsColor:1\n	ByteOrderMotorola:1\n	Thumbnail.FileType:2\n	Thumbnail.MimeType:image/jpeg\n\nOrientation:1\nXResolution:720000/10000\nYResolution:720000/10000\nResolutionUnit:2\nSoftware:Adobe Photoshop CS5 Macintosh\nDateTime:2012:01:26 01:39:46\nExif_IFD_Pointer:164\nTHUMBNAIL:\n	Compression:6\n	XResolution:72/1\n	YResolution:72/1\n	ResolutionUnit:2\n	JPEGInterchangeFormat:302\n	JPEGInterchangeFormatLength:5008\n\nColorSpace:1\nExifImageWidth:650\nExifImageLength:451\n'),(521,29,3,73,0,'451'),(522,29,3,72,0,'650'),(3026,31,2,13,0,'lamesville'),(3015,33,2,7,0,'Brochure'),(3013,33,2,37,0,'Beth Fujiura, Rachel Mays'),(3014,33,2,44,0,'English'),(3010,33,2,39,0,'BalletFont'),(3011,33,2,48,0,'http://bethfujiura.com/Motion-Capture-Typeface'),(3012,33,2,40,0,'April 26, 2011'),(3008,33,2,49,0,'Graphic Design (Typography)'),(3009,33,2,41,0,'This picture is an example of a new innovative project in modern typography.  By using a video camera and motion sensitive tools, typographers can now create motion sensitive typefaces that adhere to the movements of the human body.'),(4178,30,2,42,0,'Image'),(4172,34,2,7,0,'Photo'),(541,30,3,74,0,'4'),(542,30,3,75,0,'3'),(543,30,3,73,0,'125'),(544,30,3,72,0,'461'),(568,31,3,74,0,'8'),(569,31,3,75,0,'3'),(570,31,3,77,0,'a:7:{s:8:\"FileName\";s:36:\"538083e308547bbf02fe24ef833830f2.jpg\";s:12:\"FileDateTime\";i:1351199882;s:8:\"FileSize\";i:552959;s:8:\"FileType\";i:2;s:8:\"MimeType\";s:10:\"image/jpeg\";s:13:\"SectionsFound\";s:0:\"\";s:8:\"COMPUTED\";a:4:{s:4:\"html\";s:25:\"width=\"1444\" height=\"901\"\";s:6:\"Height\";i:901;s:5:\"Width\";i:1444;s:7:\"IsColor\";i:1;}}'),(571,31,3,76,0,'FileName:538083e308547bbf02fe24ef833830f2.jpg\nFileDateTime:1351199882\nFileSize:552959\nFileType:2\nMimeType:image/jpeg\nSectionsFound:\nCOMPUTED:\n	html:width=\"1444\" height=\"901\"\n	Height:901\n	Width:1444\n	IsColor:1\n\n'),(572,31,3,73,0,'901'),(573,31,3,72,0,'1444'),(3005,35,2,7,0,'Mural, print'),(3000,35,2,39,0,'Yuri Alexander'),(3001,35,2,48,0,'http://www.maproomblog.com/'),(3002,35,2,40,0,'March 10, 2011'),(3003,35,2,37,0,'awoodruff'),(3004,35,2,38,0,'<kml xmlns=\"http://earth.google.com/kml/2.0\"><Folder><name>OpenLayers export</name><description>Exported on Thu Nov 08 2012 21:10:56 GMT-0800 (Pacific Standard Time)</description></Folder></kml>||||osm\r\nTacoma, Washington'),(2999,35,2,41,0,'This is a typographic map of Tacoma, Washington.  The entire map is comprised of words and fonts rather than actual roads and other things more traditionally related to a map.'),(2998,35,2,49,0,'Graphic Design (Typography)'),(4164,36,2,7,0,'Photo'),(4161,36,2,40,0,'100'),(4162,36,2,42,0,'Image'),(4163,36,2,38,0,'<kml xmlns=\"http://earth.google.com/kml/2.0\"><Folder><name>OpenLayers export</name><description>Exported on Thu Nov 08 2012 16:06:50 GMT-0800 (Pacific Standard Time)</description></Folder></kml>||||osm\r\nItaly'),(605,32,3,74,0,'8'),(606,32,3,75,0,'3'),(607,32,3,77,0,'a:9:{s:8:\"FileName\";s:36:\"76287275bf8e371c940b30e2f5958018.jpg\";s:12:\"FileDateTime\";i:1351200038;s:8:\"FileSize\";i:29915;s:8:\"FileType\";i:2;s:8:\"MimeType\";s:10:\"image/jpeg\";s:13:\"SectionsFound\";s:5:\"APP12\";s:8:\"COMPUTED\";a:4:{s:4:\"html\";s:24:\"width=\"300\" height=\"402\"\";s:6:\"Height\";i:402;s:5:\"Width\";i:300;s:7:\"IsColor\";i:1;}s:7:\"Company\";s:5:\"Ducky\";s:4:\"Info\";s:1:\"\";}'),(608,32,3,76,0,'FileName:76287275bf8e371c940b30e2f5958018.jpg\nFileDateTime:1351200038\nFileSize:29915\nFileType:2\nMimeType:image/jpeg\nSectionsFound:APP12\nCOMPUTED:\n	html:width=\"300\" height=\"402\"\n	Height:402\n	Width:300\n	IsColor:1\n\nCompany:Ducky\nInfo:\n'),(609,32,3,73,0,'402'),(610,32,3,72,0,'300'),(619,33,3,74,0,'8'),(620,33,3,75,0,'3'),(621,33,3,77,0,'a:7:{s:8:\"FileName\";s:36:\"97114c3234b2c41f58550476e317e759.jpg\";s:12:\"FileDateTime\";i:1351200254;s:8:\"FileSize\";i:466946;s:8:\"FileType\";i:2;s:8:\"MimeType\";s:10:\"image/jpeg\";s:13:\"SectionsFound\";s:0:\"\";s:8:\"COMPUTED\";a:4:{s:4:\"html\";s:25:\"width=\"1000\" height=\"667\"\";s:6:\"Height\";i:667;s:5:\"Width\";i:1000;s:7:\"IsColor\";i:1;}}'),(622,33,3,76,0,'FileName:97114c3234b2c41f58550476e317e759.jpg\nFileDateTime:1351200254\nFileSize:466946\nFileType:2\nMimeType:image/jpeg\nSectionsFound:\nCOMPUTED:\n	html:width=\"1000\" height=\"667\"\n	Height:667\n	Width:1000\n	IsColor:1\n\n'),(623,33,3,73,0,'667'),(624,33,3,72,0,'1000'),(2995,37,2,7,0,'Digitally Created Poster'),(2991,37,2,39,0,'Axis Maps'),(2992,37,2,48,0,'axismaps.com'),(2993,37,2,40,0,'2012'),(2990,37,2,41,0,'This map accurately depicts the streets and highways, parks, neighborhoods, coastlines, and physical features of London using nothing but type. Every single piece of type was manually placed, a process that took hundreds of hours to complete.\r\n\r\nIt shows the central London area, with an east-west extent that covers Hyde Park to the Tower of London. It includes all of The City, as well as parts of the boroughs of Camden, Hackney, Islington, Kensington & Chelsea, Lambeth, Southwark, Tower Hamlets, and Westminster. The Thames River meanders through the center of the map. The number of unique streets is greater in London than any other city we\'ve mapped. Even small alleyways are shown, including our favorite name, Frying Pan Alley! Area features such as parks and water are constructed of randomly oriented text that varies in size. In the case of the Thames, this gives the impression that the words are floating down river.\r\n\r\nThe map is based on place names and geography as they appear in Open Street Map.'),(2989,37,2,49,0,'Graphic Design (Typography)'),(4155,38,2,38,0,'<kml xmlns=\"http://earth.google.com/kml/2.0\"><Folder><name>OpenLayers export</name><description>Exported on Thu Nov 08 2012 16:06:17 GMT-0800 (Pacific Standard Time)</description></Folder></kml>||||osm\r\nGreece'),(4152,38,2,48,0,'http://calligraphy-expo.com/eng/AboutCalligraphy/Writing/FromTheDepthOfAges.aspx?ItemID=1413 (Accessed: 25 October 2012)'),(652,34,3,74,0,'4'),(653,34,3,75,0,'3'),(654,34,3,73,0,'94'),(655,34,3,72,0,'400'),(4150,38,2,49,0,'Graphic design (Typography)--History'),(4151,38,2,41,0,'The early Greek Alphabet adopted many Phoenician characters and used them to represent vowels. Greek Capital Script employed simple and consistent characters in contrast to the hieroglyphics of the era. '),(4160,36,2,48,0,'http://calligraphy-expo.com/eng/AboutCalligraphy/Writing/FromTheDepthOfAges.aspx?ItemID=1413 (Accessed: 25 October 2012)'),(4176,30,2,48,0,'http://calligraphy-expo.com/eng/AboutCalligraphy/Writing/FromTheDepthOfAges.aspx?ItemID=1413 (Accessed: 25 October 2012)'),(4185,27,2,40,0,'800'),(4186,27,2,37,0,'Paj'),(722,35,3,74,0,'8'),(723,35,3,73,0,'591'),(724,35,3,72,0,'500'),(3364,39,2,39,0,'Claude Garamond'),(3365,39,2,48,0,'Wikipedia'),(3366,39,2,40,0,'1541'),(3367,39,2,37,0,'Rbpolson'),(3368,39,2,47,0,'Creative Commons'),(3369,39,2,38,0,'<kml xmlns=\"http://earth.google.com/kml/2.0\"><Folder><name>OpenLayers export</name><description>Exported on Thu Nov 15 2012 18:41:06 GMT-0800 (Pacific Standard Time)</description><Placemark><name>OpenLayers.Feature.Vector_213</name><description>No description available</description><Point><coordinates>259274.39990721,6251384.0988909</coordinates></Point></Placemark></Folder></kml>|5|278842.27914549|5901118.5827942|stn\r\nParis, France'),(737,36,3,74,0,'8'),(738,36,3,73,0,'600'),(739,36,3,72,0,'500'),(3993,40,2,40,0,'1757'),(3994,40,2,37,0,'Paul Hunt'),(3995,40,2,47,0,'Creative Commons'),(3996,40,2,38,0,'<kml xmlns=\"http://earth.google.com/kml/2.0\"><Folder><name>OpenLayers export</name><description>Exported on Fri Oct 26 2012 21:31:18 GMT-0700 (PDT)</description></Folder></kml>||||osm\r\nBirmingham, England'),(754,37,3,74,0,'8'),(755,37,3,73,0,'591'),(756,37,3,72,0,'500'),(3982,41,2,48,0,'Wikipedia '),(3983,41,2,40,0,'1790s'),(3984,41,2,37,0,'Jim Hood'),(3985,41,2,47,0,'Creative Commons'),(3986,41,2,38,0,'<kml xmlns=\"http://earth.google.com/kml/2.0\"><Folder><name>OpenLayers export</name><description>Exported on Fri Oct 26 2012 21:25:29 GMT-0700 (PDT)</description></Folder></kml>||||osm\r\nParma, Italy'),(771,38,3,74,0,'8'),(772,38,3,73,0,'591'),(773,38,3,72,0,'500'),(3969,42,2,41,0,'\"Rockwell is a serif typeface belonging to the classification slab serif, or Egyptian, where the serifs are unbracketed and similar in weight to the horizontal strokes of the letters. The typeface was designed at the Monotype foundry\'s in-house design studio in 1934.\"-Wikipedia'),(787,39,3,74,0,'8'),(788,39,3,73,0,'591'),(789,39,3,72,0,'500'),(3966,43,2,10,0,'396 × 468 pixels'),(4051,46,2,40,0,'Fall 2008'),(3007,33,2,50,0,'\"Motion Capture Typeface\"'),(4064,44,2,40,0,'Fall 2009'),(3959,43,2,41,0,'\"Helvetica was designed in 1957 by Max Meidinger. This deliberately anonymous typeface is one of the world\'s most commonly used fonts, with variations created for both Latin and non-Latin characters. Its solid, upright forms are tempered by surprising curves in the lowercase a and the uppercase R. Helvetica has a generous x-height and is available in numerous weights and styles. It was called Neue Haas Grotesk before getting its current name, Helvetica, in the early 60s, which is the Latin word for \'Switzerland.\'\" -Thinking With Type'),(3965,43,2,38,0,'<kml xmlns=\"http://earth.google.com/kml/2.0\"><Folder><name>OpenLayers export</name><description>Exported on Fri Oct 26 2012 21:04:19 GMT-0700 (PDT)</description></Folder></kml>||||osm\r\nZürich, Switzerland'),(3964,43,2,47,0,'Creative Commons'),(3960,43,2,39,0,'Max Meidinger'),(3961,43,2,48,0,'Wikipedia'),(3962,43,2,40,0,'1957'),(3963,43,2,37,0,'Jim Hood'),(3958,43,2,49,0,'Typefaces'),(3976,42,2,38,0,'<kml xmlns=\"http://earth.google.com/kml/2.0\"><Folder><name>OpenLayers export</name><description>Exported on Mon Nov 05 2012 13:48:02 GMT-0800 (Pacific Standard Time)</description><Placemark><name>OpenLayers.Feature.Vector_419</name><description>No description available</description><Point><coordinates>-7938138.260367,5206583.0800062</coordinates></Point></Placemark></Folder></kml>||||osm\r\n'),(3974,42,2,47,0,'Creative Commons'),(3975,42,2,38,0,'<kml xmlns=\"http://earth.google.com/kml/2.0\"><Folder><name>OpenLayers export</name><description>Exported on Mon Nov 05 2012 13:48:02 GMT-0800 (Pacific Standard Time)</description></Folder></kml>|0|0.0000000|0.0000000|osm\r\nWoburn, Massachusetts'),(3972,42,2,40,0,'1934'),(3973,42,2,37,0,'Jim Hood'),(3971,42,2,48,0,'Wikipedia'),(3981,41,2,39,0,'Giambattista Bodoni'),(3979,41,2,49,0,'Typefaces'),(3980,41,2,41,0,'\"Bodoni , created by Giambattista Bodoni in the 1790s, is known as a modern typeface. It has nearly flat, unbracketed serifs, an extreme contrast between thick and thin strokes, and an overall vertical stress. Compared to Garamond, which is based on handwriting, Bodoni is severe, glamorous, and dehumanized. Similar typefaces were also designed in the late eighteenth century by François Ambroise Didot and Justus Erich Walbaum.\"-Thinking With Type'),(3978,41,2,50,0,'\"Bodoni\"'),(3991,40,2,39,0,'John Baskerville'),(3992,40,2,48,0,'Wikipedia'),(3989,40,2,49,0,'Typefaces'),(3990,40,2,41,0,'\"Baskerville is a transitional serif typeface designed by the English gentleman printer John Baskerville in 1757. Baskerville had also mastered the craft of engraving headstones, a knowledge that influenced his design process. His letters are sharply detailed with a vivid contrast between thick and thin elements. During his lifetime, Baskerville\'s letters were denounced as extremist, but today we think of Baskerville as a classic, elegant, and easy to read font.\"- Thinking With Type'),(3988,40,2,50,0,'\"Baskerville\"'),(3957,43,2,50,0,'\"Helvetica\"'),(3970,42,2,39,0,'Frank Hinman Pierpont'),(3968,42,2,49,0,'Typefaces'),(3362,39,2,49,0,'Typefaces'),(3363,39,2,41,0,'\"Garamond is the name for typefaces based on pages printed by Claude Garamond in sixteenth-century France. Many versions of Garamond were created in the twentieth century, including Adobe Garamond, designed by Robert Slimbach in 1989, and ITC Garamond, a distinctly 1970s version with a grossly enlarged x-height. Adobe Garamond honors the proportions of its Renaissance source while translating the face for modern use. Note the elegant, three-dimensional bowl of the lowercase a and the gap in the uppercase P.\"-Thinking With Type'),(3361,39,2,50,0,'\"Adobe Garamond\"'),(4012,4,2,41,0,'\"Type is everywhere. Every print publication, website, movie, advertisement and public message involves the creation or selection of a fitting typeface. Online, a rich and artistic typographical culture exists, where typefaces are created and graphic design seeps in to every image. \r\n\r\nIn episode 2 of Off Book, typeface designers Jonathan Hoefler and Tobias Frere-Jones outline the importance of selecting the right font to convey a particular feeling. Graphic designer Paula Scher talks about building identity in messaging, while Eddie Opara uses texture to create reaction. Infographic designers Julia Vakser and Deroy Peraza map complicated data sets into digestible imagery, mixing color, graphics and type\"- YouTube'),(4015,4,2,40,0,'2011-08-03'),(4014,4,2,48,0,'http://www.youtube.com/embed/eKKDL6lekmA'),(4013,4,2,39,0,'PBS'),(902,4,2,5,0,'<iframe width=\"560\" height=\"315\" src=\"http://www.youtube.com/embed/eKKDL6lekmA?rel=0\" frameborder=\"0\" allowfullscreen></iframe>'),(903,4,2,11,0,'6:59 min'),(904,4,2,13,0,'PBS'),(905,43,3,74,0,'8'),(906,43,3,73,0,'847'),(907,43,3,72,0,'1440'),(4011,4,2,49,0,'Graphic Design (Typography)'),(4010,4,2,50,0,'\"Typography in 7 Minutes\"'),(3919,58,2,50,0,'Best Selling Fonts: Master List'),(3920,58,2,49,0,'Typefaces'),(3921,58,2,41,0,'A compilation of bestselling fonts from popular font sales sites.\r\n\r\nNote: This file was used for our \"font popularity\" visualization.'),(3922,58,2,39,0,'Various Websites'),(3923,58,2,40,0,'2012-11-01'),(3924,58,2,37,0,'Iman Salehian '),(3925,58,2,38,0,'<kml xmlns=\"http://earth.google.com/kml/2.0\"><Folder><name>OpenLayers export</name><description>Exported on Mon Nov 05 2012 20:41:02 GMT-0800 (PST)</description></Folder></kml>||||osm\r\nGlobal '),(3926,58,2,1,0,'MyFonts\r\n1. Proxima Nova\r\n2. Brandon Grotesque\r\n3. Hipster Script Pro\r\n4. Nexa\r\n5. Museo Sans\r\n6. Futura\r\n7. Helvetica Neue\r\n8. Interstate\r\n9. Bombshell Pro\r\n10. Diamonds\r\n11. Veneer\r\n12. Akzidenz-Grotesk BE\r\n13. Museo Slab\r\n14. Ride my Bike\r\n15. Mercury Script\r\n16. Carolyna Pro Black\r\n17. Intro\r\n18. Avenir\r\n19. Benton Sans\r\n20. Geogrotesque\r\n21. Pluto\r\n22. Neue Helvetica\r\n23. Frutiger\r\n24. Univers\r\n25. Aire\r\n\r\nFont Shop\r\n1. FF DIN Web\r\n2. Rollerscript Family OT\r\n3. FF Chartwell Radar Web\r\n4. Museo Sans Family OT\r\n5. FF Chartwell\r\n6. FF Marselis Pro\r\n7. Edward Pro Complete\r\n8. Museo Complete Set OT\r\n9. FF Meta OT 1\r\n10. Hipster Script Pro\r\n11. Museo Slab Family OT\r\n12. Clutadella OT\r\n13. Ride my Bike Pro\r\n14. Mic 32 New Rounded Family\r\n15. Strangelove Next OT\r\n16. Engel New Sans Std OT\r\n17. Proxima Nova Complete OT\r\n18. Museo Sans 500 Regular\r\n19. CA Normal OT\r\n20. FF DIN OT Collection\r\n21. FF Scala Sans OT\r\n22. FF Netto OT\r\n23. FF Dingbats 2.0 OT\r\n24. Frutiger Pro\r\n25. FF Dax OT 1\r\n\r\nFont Haus\r\n1. Veneer Complete Package\r\n2. Sweet Sans Thin\r\n3. Hummingbird\r\n4. Streetbrush\r\n5. Prima Nova Complete Family\r\n6. Montague Script\r\n7. Flèche Heavy\r\n8. Monstra One Bold\r\n9. Veneer Three\r\n10. Origins\r\n11. Thirsty Script Complete Package\r\n12. Sheila\r\n13. Mustang\r\n14. Raleigh Gothic Condensed\r\n15. Corinthia\r\n16. American Scribe\r\n17. Lily Wang\r\n18. Ghost Kid\r\n19. Nothing\r\n20. Alana Pro\r\n21. Alana Pro Plus Ornaments\r\n22. Wallflowers\r\n23. Ronde Script\r\n24. Bank Gothic Pro Medium\r\n25. Cookie Nookie\r\n\r\nYou Work For Them\r\n1. Nexa\r\n2. Frontage\r\n3. Signal\r\n4. Umbra\r\n5. Ride my Bike \r\n6. Hannah\r\n7. Andes Condensed & Italics\r\n8. TJ Evolette A\r\n9. Headlined\r\n10. Mem\r\n11. Trithart\r\n12. Transport\r\n13. Luella\r\n14. Strangelove\r\n15. Gibson\r\n16. Caslon No. 337\r\n17. Idler\r\n18. Shelby\r\n19. Romeo\r\n20. Cheap Pine\r\n21. Ultramagnetic\r\n22. Cider\r\n23. Neuzeit Grotesk\r\n24. Futura\r\n25. Glastonbury\r\n\r\nFonts.com\r\n1. Neue Helvetica Family\r\n2. Frutiger Family\r\n3. Univers Family\r\n4. Helvetica Family\r\n5. Futura\r\n6. Avenir Family\r\n7. Akzidenz-Grotesk Family\r\n8. Trade Gothic Family\r\n9. Neo Sans Family\r\n10. Interstate Family\r\n11. DIN Next Family\r\n12. Gill Sans Family\r\n13. Myriad Family\r\n14. Arial Family\r\n15. Trade Gothic Next Family\r\n16. ITC Avant Garde Gothic Family\r\n17. FF DIN Family\r\n18. Avenir Next Family\r\n19. Neue Helvetica Family\r\n20. ITC Conduit Family\r\n21. Benton Sans Family\r\n22. Eurostile Family\r\n23. Futura Family\r\n24. ITC Franklin Gothic Family\r\n25. Century Gothic Family \r\n\r\nFontspring\r\n1. Proxima Nova\r\n2. Museo Sans\r\n3. Verb\r\n4. Nexa\r\n5. Museo\r\n6. Museo Slab\r\n7. Flexo\r\n8. Proxima Nova Condensed\r\n9. Interval Sans Pro\r\n10. Foro\r\n11. Museo Sans Rounded\r\n12. Sofia Pro\r\n13. Acto\r\n14. Sanchez\r\n15. Gesta\r\n16. Clio\r\n17. Kuro\r\n18. Mishka\r\n19. Code Pro\r\n20. Gesta Condensed\r\n21. Gesta Semi Condensed\r\n22. Avalon\r\n23. Sommet Slab\r\n24. Gnuolane\r\n25. Steelfish\r\n\r\n1001 Free Fonts\r\n1. Neue Helvetica\r\n2. Univers Regular\r\n3. Helvetica\r\n4. Futura\r\n5. Frutiger\r\n6. Trade Gothic\r\n7. Avenir\r\n8. Interstate\r\n9. ITC Avant Garde Gothic\r\n10. Myriad\r\n11. Trajan\r\n12. Neo Sans\r\n13. Gill Sans\r\n14. Arial\r\n15. Optima\r\n16. Eurostile\r\n17. Century Gothic\r\n18. Rotis Sans Serif\r\n19. DIN Next\r\n20. ITC Franklin Gothic\r\n\r\nFont Squirrel\r\n1. GoodDog\r\n2. Quicksand\r\n3. Aller\r\n4. ChunkFive\r\n5. Sensation\r\n6. Museo Slab\r\n7. Colaborate\r\n8. PT Sans\r\n9. Windsong\r\n10. Ballpark\r\n11. Walkway\r\n12. Titillium Text\r\n13. Bebas Neue\r\n14. Museo Sans\r\n15. Pacifico\r\n16. Droid Sans\r\n17. Bebas\r\n18. Lobster\r\n19. Cantarell\r\n20. Journal\r\n21. Daniel\r\n22. FFF Tusj\r\n23. Existence Light\r\n24. League Gothic\r\n25. Open Sans'),(1953,94,3,77,0,'a:18:{s:8:\"FileName\";s:36:\"5adbcde932db978b82114549c68152c4.jpg\";s:12:\"FileDateTime\";i:1352405173;s:8:\"FileSize\";i:181924;s:8:\"FileType\";i:2;s:8:\"MimeType\";s:10:\"image/jpeg\";s:13:\"SectionsFound\";s:19:\"ANY_TAG, IFD0, EXIF\";s:8:\"COMPUTED\";a:5:{s:4:\"html\";s:24:\"width=\"854\" height=\"486\"\";s:6:\"Height\";i:486;s:5:\"Width\";i:854;s:7:\"IsColor\";i:0;s:17:\"ByteOrderMotorola\";i:1;}s:11:\"Orientation\";i:1;s:11:\"XResolution\";s:5:\"300/1\";s:11:\"YResolution\";s:5:\"300/1\";s:14:\"ResolutionUnit\";i:2;s:8:\"Software\";s:38:\"Adobe Photoshop Elements 6.0 Macintosh\";s:8:\"DateTime\";s:19:\"2012:11:06 13:08:19\";s:16:\"Exif_IFD_Pointer\";i:174;s:17:\"DateTimeDigitized\";s:19:\"2012:11:06 13:08:19\";s:10:\"ColorSpace\";i:65535;s:14:\"ExifImageWidth\";i:854;s:15:\"ExifImageLength\";i:486;}'),(3918,59,2,38,0,'<kml xmlns=\"http://earth.google.com/kml/2.0\"><Folder><name>OpenLayers export</name><description>Exported on Mon Nov 05 2012 21:01:15 GMT-0800 (PST)</description></Folder></kml>||||osm\r\nWorld Wide Web'),(3914,59,2,41,0,'A visualization depicting font popularity according to frequency in \"Top 25 Best Sellers\" lists from: My Fonts, Font Shop, Font Haus, You Work For Them, Fonts.com, Fontspring, 1001 Free Fonts, and Font Squirrel.'),(3916,59,2,40,0,'2012-11-02'),(3915,59,2,39,0,'Many Eyes'),(1954,94,3,76,0,'FileName:5adbcde932db978b82114549c68152c4.jpg\nFileDateTime:1352405173\nFileSize:181924\nFileType:2\nMimeType:image/jpeg\nSectionsFound:ANY_TAG, IFD0, EXIF\nCOMPUTED:\n	html:width=\"854\" height=\"486\"\n	Height:486\n	Width:854\n	IsColor:0\n	ByteOrderMotorola:1\n\nOrientation:1\nXResolution:300/1\nYResolution:300/1\nResolutionUnit:2\nSoftware:Adobe Photoshop Elements 6.0 Macintosh\nDateTime:2012:11:06 13:08:19\nExif_IFD_Pointer:174\nDateTimeDigitized:2012:11:06 13:08:19\nColorSpace:65535\nExifImageWidth:854\nExifImageLength:486\n'),(1955,94,3,73,0,'486'),(1956,94,3,72,0,'854'),(3917,59,2,37,0,'Iman Salehian'),(1964,95,3,74,0,'8'),(1985,61,2,6,0,'http://ilovetypography.com/2007/11/06/type-terminology-humanist-2/'),(4138,84,2,42,0,'Image'),(1965,95,3,75,0,'1'),(1966,95,3,77,0,'a:18:{s:8:\"FileName\";s:36:\"95e4f40a7ae57f01efa516f9f4878423.jpg\";s:12:\"FileDateTime\";i:1352405302;s:8:\"FileSize\";i:118780;s:8:\"FileType\";i:2;s:8:\"MimeType\";s:10:\"image/jpeg\";s:13:\"SectionsFound\";s:19:\"ANY_TAG, IFD0, EXIF\";s:8:\"COMPUTED\";a:5:{s:4:\"html\";s:25:\"width=\"908\" height=\"1048\"\";s:6:\"Height\";i:1048;s:5:\"Width\";i:908;s:7:\"IsColor\";i:0;s:17:\"ByteOrderMotorola\";i:1;}s:11:\"Orientation\";i:1;s:11:\"XResolution\";s:5:\"300/1\";s:11:\"YResolution\";s:5:\"300/1\";s:14:\"ResolutionUnit\";i:2;s:8:\"Software\";s:38:\"Adobe Photoshop Elements 6.0 Macintosh\";s:8:\"DateTime\";s:19:\"2012:11:06 13:09:30\";s:16:\"Exif_IFD_Pointer\";i:174;s:17:\"DateTimeDigitized\";s:19:\"2012:11:06 13:09:30\";s:10:\"ColorSpace\";i:65535;s:14:\"ExifImageWidth\";i:908;s:15:\"ExifImageLength\";i:1048;}'),(1952,94,3,75,0,'1'),(1951,94,3,74,0,'8'),(3913,59,2,49,0,'Typefaces'),(3912,59,2,50,0,'Many Eyes Data Visualization'),(4116,96,2,7,0,'Photo'),(3967,42,2,50,0,'\"Rockwell\"'),(1141,52,3,74,0,'8'),(1142,52,3,73,0,'600'),(1143,52,3,72,0,'500'),(3953,55,2,37,0,'Paul Hunt'),(3954,55,2,47,0,'Creative Commons'),(3955,55,2,38,0,'<kml xmlns=\"http://earth.google.com/kml/2.0\"><Folder><name>OpenLayers export</name><description>Exported on Mon Nov 05 2012 19:09:07 GMT-0800 (PST)</description></Folder></kml>||||osm\r\nChicago, Illinois. '),(3952,55,2,40,0,'1921'),(3951,55,2,48,0,'Wikipedia'),(3950,55,2,39,0,'Oswald Bruce Cooper'),(3948,55,2,49,0,'Typefaces'),(3949,55,2,41,0,'An image containing an example of \"Cooper Black\" text, a heavily weighted typeface exhibiting \"influences of Art Nouveau, Art Deco, and the Machine Age\" (Wiki).'),(3947,55,2,50,0,'\"Cooper Black\"'),(1154,53,3,74,0,'8'),(1155,53,3,73,0,'591'),(1156,53,3,72,0,'500'),(3945,56,2,38,0,'<kml xmlns=\"http://earth.google.com/kml/2.0\"><Folder><name>OpenLayers export</name><description>Exported on Mon Nov 05 2012 19:28:01 GMT-0800 (PST)</description></Folder></kml>||||osm\r\nAmsterdam '),(3944,56,2,47,0,'Creative Commons'),(3943,56,2,37,0,'Jim Hood'),(3942,56,2,40,0,'1953'),(3941,56,2,48,0,'Wikipedia'),(3938,56,2,49,0,'Typefaces'),(3939,56,2,41,0,'An image featuring an example of the \"Mistral\" typeface. '),(3940,56,2,39,0,'Roger Excoffon'),(3937,56,2,50,0,'\"Mistral\"'),(3936,57,2,10,0,'198 × 234 pixels'),(3933,57,2,37,0,'Sherbyte'),(3932,57,2,40,0,'1927'),(3931,57,2,48,0,'Wikipedia'),(3929,57,2,41,0,'\"Futura is a geometric sans-serif typeface based on geometric shapes that became representative of visual elements of the Bauhaus design style of 1919–1933.\"-Wikipedia'),(3930,57,2,39,0,'Paul Renner'),(3928,57,2,49,0,'Typefaces'),(1177,54,3,74,0,'8'),(1178,54,3,73,0,'591'),(1179,54,3,72,0,'500'),(3934,57,2,47,0,'Creative Commons'),(3935,57,2,38,0,'<kml xmlns=\"http://earth.google.com/kml/2.0\"><Folder><name>OpenLayers export</name><description>Exported on Mon Nov 05 2012 19:45:00 GMT-0800 (PST)</description></Folder></kml>||||osm\r\nGermany'),(3927,57,2,50,0,'\"Futura\"'),(3905,60,2,49,0,'Typefaces'),(3906,60,2,41,0,'After running our \"Best-selling Fonts\" data through Many Eyes, I compiled a list of those that were most popular overall. Seeing as Many Eyes\' \"Word Cloud\" feature is ambiguous about the exact numbers, I reposted the list on a word document and discovered exact frequencies using a simple \"search\" feature. Consequently, this list is ordered from greatest frequency downwards, with each title displayed in its own typeface. '),(3907,60,2,39,0,'Iman Salehian'),(3908,60,2,48,0,'Photoshop'),(3909,60,2,40,0,'2012-11-04'),(3910,60,2,37,0,'Iman Salehian'),(3911,60,2,38,0,'<kml xmlns=\"http://earth.google.com/kml/2.0\"><Folder><name>OpenLayers export</name><description>Exported on Mon Nov 05 2012 21:20:38 GMT-0800 (PST)</description></Folder></kml>||||osm\r\nWorld Wide Web'),(3903,61,2,7,0,'http://ilovetypography.com/2007/11/06/type-terminology-humanist-2/'),(3901,61,2,40,0,'2007-11-06'),(3900,61,2,48,0,'ilovetypography.com'),(3899,61,2,39,0,'I Love Typography'),(3898,61,2,41,0,'A series documenting the journey of type \"from the <i>incunabla</i> to the present day.\" -I Love Typography'),(3897,61,2,49,0,'Typefaces'),(3896,61,2,50,0,'I Love Typography\'s \"Type History Series\"'),(1264,59,3,74,0,'8'),(1265,59,3,73,0,'591'),(1266,59,3,72,0,'500'),(3895,62,2,10,0,'198 × 234 pixels'),(3889,62,2,39,0,'Frederic W. Goudy'),(3890,62,2,48,0,'Wikipedia'),(3891,62,2,40,0,'1915'),(3892,62,2,37,0,'Jim Hood'),(3893,62,2,47,0,'Creative Commons'),(3894,62,2,38,0,'<kml xmlns=\"http://earth.google.com/kml/2.0\"><Folder><name>OpenLayers export</name><description>Exported on Tue Nov 06 2012 07:28:53 GMT-0800 (PST)</description></Folder></kml>||||osm\r\nUSA'),(3887,62,2,49,0,'Typefaces'),(3888,62,2,41,0,'\"Suitable for both text and display applications, Goudy Old Style is a graceful, balanced design with a few eccentricities, including the upward-curved ear on the g and the diamond shape of the dots of the i, j, and the points found in the period, colon and exclamation point, and the sharply canted hyphen. The uppercase italic Q has a strong calligraphic quality.\"- Wikipedia'),(3886,62,2,50,0,'\"Goudy Old Style\"'),(1286,60,3,74,0,'8'),(1287,60,3,73,0,'591'),(1288,60,3,72,0,'500'),(3880,63,2,39,0,'Chauncy H. Griffith'),(3881,63,2,48,0,'Wikipedia'),(3882,63,2,40,0,'1937'),(3883,63,2,37,0,'Jim Hood'),(3884,63,2,38,0,'<kml xmlns=\"http://earth.google.com/kml/2.0\"><Folder><name>OpenLayers export</name><description>Exported on Tue Nov 06 2012 08:05:27 GMT-0800 (PST)</description></Folder></kml>||||osm\r\nUSA'),(3878,63,2,49,0,'Typefaces'),(3879,63,2,41,0,'A revival of Nicholas Kis\' 1685 Roman typeface, Jenson \"was designed in 1937 by Chauncey H. Griffith of the Mergenthaler Linotype foundry. The revival was taken from the original matrices, held since 1919 by the Stempel Foundry, Mergenthaler\'s exclusive agent in Europe.\"-Wikipedia'),(3877,63,2,50,0,'\"Janson\"'),(1298,61,3,74,0,'8'),(1299,61,3,73,0,'591'),(1300,61,3,72,0,'500'),(3875,64,2,38,0,'<kml xmlns=\"http://earth.google.com/kml/2.0\"><Folder><name>OpenLayers export</name><description>Exported on Tue Nov 06 2012 08:12:35 GMT-0800 (PST)</description></Folder></kml>||||osm\r\nUSA'),(3871,64,2,39,0,'Hermann Zapf'),(3872,64,2,48,0,'Wikipedia'),(3873,64,2,40,0,'1948'),(3874,64,2,47,0,'Creative Commons'),(3869,64,2,49,0,'Typefaces'),(3870,64,2,41,0,'\"Palatino is the name of a large typeface family that began as an old style serif typeface designed by Hermann Zapf initially released in 1948 by the Linotype foundry. In 1984 Palatino was one of the typefaces originally included by Apple Computer in the Macintosh.\"-Wiki'),(3868,64,2,50,0,'\"Palatino\"'),(1310,62,3,74,0,'8'),(1311,62,3,73,0,'553'),(1312,62,3,72,0,'468'),(3861,65,2,39,0,'Jan Tschichold '),(3862,65,2,48,0,'Wikipedia'),(3863,65,2,40,0,'1964–1967'),(3864,65,2,37,0,'Jim Hood'),(3865,65,2,47,0,'Creative Commons'),(3866,65,2,38,0,'<kml xmlns=\"http://earth.google.com/kml/2.0\"><Folder><name>OpenLayers export</name><description>Exported on Tue Nov 06 2012 08:18:15 GMT-0800 (PST)</description></Folder></kml>||||osm\r\nLeipzig'),(3859,65,2,49,0,'Typefaces'),(3860,65,2,41,0,'\"Sabon is the name of an old style serif typeface designed by the German-born typographer and designer Jan Tschichold (1902–1974) in the period 1964–1967. The typeface was released jointly by the Linotype, Monotype, and Stempel type foundries in 1967.\"-Wiki'),(3858,65,2,50,0,'\"Sabon\"'),(1350,65,3,74,0,'5'),(1351,65,3,75,0,'3'),(1352,65,3,73,0,'170'),(1353,65,3,72,0,'170'),(1355,66,3,74,0,'5'),(1356,66,3,75,0,'3'),(1357,66,3,73,0,'170'),(1358,66,3,72,0,'170'),(1360,67,3,74,0,'5'),(1361,67,3,75,0,'3'),(1362,67,3,73,0,'170'),(1363,67,3,72,0,'170'),(3841,68,2,38,0,'<kml xmlns=\"http://earth.google.com/kml/2.0\"><Folder><name>OpenLayers export</name><description>Exported on Wed Nov 07 2012 21:07:15 GMT-0800 (PST)</description></Folder></kml>||||osm\r\nN/A'),(1365,68,3,74,0,'5'),(1366,68,3,75,0,'3'),(1367,68,3,73,0,'170'),(1368,68,3,72,0,'170'),(1370,69,3,74,0,'5'),(1371,69,3,75,0,'3'),(1372,69,3,73,0,'170'),(1373,69,3,72,0,'170'),(1375,70,3,74,0,'5'),(1376,70,3,75,0,'3'),(1377,70,3,73,0,'170'),(1378,70,3,72,0,'170'),(3817,71,2,38,0,'<kml xmlns=\"http://earth.google.com/kml/2.0\"><Folder><name>OpenLayers export</name><description>Exported on Wed Nov 07 2012 21:07:06 GMT-0800 (PST)</description></Folder></kml>||||osm\r\nN/A'),(1380,71,3,74,0,'5'),(1381,71,3,75,0,'3'),(1382,71,3,73,0,'170'),(1383,71,3,72,0,'170'),(1385,72,3,74,0,'5'),(1386,72,3,75,0,'3'),(1387,72,3,73,0,'170'),(1388,72,3,72,0,'170'),(1390,73,3,74,0,'5'),(1391,73,3,75,0,'3'),(1392,73,3,73,0,'170'),(1393,73,3,72,0,'170'),(1395,74,3,74,0,'5'),(1396,74,3,75,0,'3'),(1397,74,3,73,0,'170'),(1398,74,3,72,0,'170'),(1400,75,3,74,0,'5'),(1401,75,3,75,0,'3'),(1402,75,3,73,0,'170'),(1403,75,3,72,0,'170'),(1405,76,3,74,0,'5'),(1406,76,3,75,0,'3'),(1407,76,3,73,0,'170'),(1408,76,3,72,0,'170'),(1410,77,3,74,0,'5'),(1411,77,3,75,0,'3'),(1412,77,3,73,0,'170'),(1413,77,3,72,0,'170'),(4065,44,2,38,0,'<kml xmlns=\"http://earth.google.com/kml/2.0\"><Folder><name>OpenLayers export</name><description>Exported on Fri Nov 09 2012 07:34:41 GMT-0800 (PST)</description></Folder></kml>|0|0.0000000|0.0000000|osm\r\nLos Angeles, CA, United States'),(2987,79,2,7,0,'Slide show presentation'),(2985,79,2,47,0,'Creative Commons'),(2986,79,2,38,0,'<kml xmlns=\"http://earth.google.com/kml/2.0\"><Folder><name>OpenLayers export</name><description>Exported on Wed Nov 7 10:24:20 PST 2012</description></Folder></kml>|0|0.0000000|0.0000000|osm\r\n'),(2984,79,2,37,0,'University of Hawaii'),(2982,79,2,48,0,'http://www2.hawaii.edu/~ailed/129/resources/typographytheory.pdf (11/7/12)'),(2983,79,2,40,0,'January 26, 2010'),(2981,79,2,39,0,'Ailed Garcia'),(2979,79,2,49,0,'Graphic Design (Typography)'),(2980,79,2,41,0,'A pdf file that covers the theoretical considerations one should use when trying to design a new typeface and its structure.'),(2976,80,2,7,0,'digital design'),(2975,80,2,47,0,'Creative Commons'),(2972,80,2,48,0,'http://en.wikipedia.org/wiki/Serif (11/7/2012)'),(2973,80,2,45,0,'Wikipedia'),(2974,80,2,40,0,'October 12, 2012'),(2971,80,2,41,0,'In typography, serifs are semi-structural details on the ends of some of the strokes that make up letters and symbols. Serif fonts are widely used in traditional printed material such as books and newspapers. -Wiki'),(2966,81,2,47,0,'Creative Commons'),(2965,81,2,40,0,'November 5. 2012'),(2963,81,2,39,0,'Vontafeijos'),(2964,81,2,48,0,'http://en.wikipedia.org/wiki/Sans-serif (11/7/2012)'),(2962,81,2,41,0,'A sans-serif typeface is one that does not have the small projecting features called \"serifs\" at the end of strokes. The term comes from the French word sans, meaning \"without\". Sans-serif fonts tend to have less line width variation than serif fonts. Sans-serif fonts have become the de facto standard for body text on-screen, especially online. -Wiki'),(4543,82,2,39,0,'Michael Snowadzky\r\n'),(4544,82,2,48,0,'http://typegeek.com/print/contemporary-letterpress/ (11/7/12)'),(4545,82,2,40,0,'2011'),(4546,82,2,37,0,'Kate Anderson and students at Millersville University of Pennsylvania'),(4547,82,2,7,0,'Photo'),(4144,83,2,48,0,'http://calligraphy-expo.com/eng/AboutCalligraphy/Writing/FromTheDepthOfAges.aspx?ItemID=1413 (Accessed: 7 November 2012)'),(4145,83,2,40,0,'400'),(4146,83,2,42,0,'Image'),(4147,83,2,38,0,'<kml xmlns=\"http://earth.google.com/kml/2.0\"><Folder><name>OpenLayers export</name><description>Exported on Thu Nov 08 2012 16:04:38 GMT-0800 (Pacific Standard Time)</description></Folder></kml>||||osm\r\nItaly'),(1528,78,3,74,0,'4'),(1529,78,3,75,0,'3'),(1530,78,3,73,0,'125'),(1531,78,3,72,0,'400'),(4139,84,2,38,0,'<kml xmlns=\"http://earth.google.com/kml/2.0\"><Folder><name>OpenLayers export</name><description>Exported on Thu Nov 08 2012 16:02:20 GMT-0800 (Pacific Standard Time)</description></Folder></kml>||||osm\r\nItaly'),(4134,84,2,49,0,'Graphic design (Typography)--History'),(4135,84,2,41,0,'Italic script, also known as chancery cursive, is a semi-cursive, slightly sloped style of handwriting and calligraphy that was developed during the Renaissance in Italy. It is one of the most popular styles used in contemporary Western calligraphy, and is often one of the first scripts learned by beginning calligraphers.\r\nOne of the innovations of Niccoli\'s Italic script was the major change to the Humanist minuscule a.\r\nItalic script is based largely on Humanist minuscule, which itself draws on Carolingian minuscule. The letters are the same as the Humanist capitals, modeled on Roman square capitals. The Italian scholar Niccolo Niccoli was dissatisfied with the lowercase forms of Humanist minuscule, however, finding it too slow to write. In response, he created the Italic script, which incorporates features and techniques characteristic of a quickly-written hand: oblique forms, fewer strokes per character, and the joining of letters. Perhaps the most significant change to any single character was to the form of the a, which he simplified from the two-story form to the one-story form now common in most handwriting styles.\r\nUnder the influence of Italic movable type used with printing presses, the style of handwritten Italic script moved towards disjoined, more mannered characters. By the 1550s the Italic script had become so laborious that it fell out of use with scribes.\r\n\r\nThe style became increasingly influenced by the development of Copperplate writing styles in the eighteenth century. The style Italic script used today is often heavily influenced by developments made as late as the early 20th century. In the past few decades, the italic script has been promoted in English-speaking countries as an easier-to-learn alternative to traditional styles of cursive handwriting. In the UK this revival was due in part to Alfred Fairbank\'s book A Handwriting Manual (1932). \r\n(From http://calligraphy-expo.com/eng/AboutCalligraphy/Writing/FromTheDepthOfAges.aspx?ItemID=1413) \r\n'),(1563,79,3,74,0,'4'),(1564,79,3,75,0,'3'),(1565,79,3,73,0,'107'),(1566,79,3,72,0,'462'),(3825,70,2,38,0,'<kml xmlns=\"http://earth.google.com/kml/2.0\"><Folder><name>OpenLayers export</name><description>Exported on Wed Nov 07 2012 21:07:10 GMT-0800 (PST)</description></Folder></kml>||||osm\r\nN/A'),(3822,70,2,48,0,'About.com'),(3823,70,2,40,0,'2012-11-02'),(3824,70,2,37,0,'Iman Salehian'),(3821,70,2,39,0,'Eric Miller'),(3818,70,2,50,0,'Ascender'),(3819,70,2,49,0,'Basics Typography'),(3820,70,2,41,0,'\"A vertical stroke that rises above the body of a lowercase letter, as found in letters b, d, f, h, k, l and t.\" -Classic Typefaces'),(3785,75,2,38,0,'<kml xmlns=\"http://earth.google.com/kml/2.0\"><Folder><name>OpenLayers export</name><description>Exported on Wed Nov 07 2012 21:06:48 GMT-0800 (PST)</description></Folder></kml>||||osm\r\nN/A'),(3781,75,2,39,0,'Eric Miller'),(3782,75,2,48,0,'About.com'),(3783,75,2,40,0,'2012-11-02'),(3784,75,2,37,0,'Iman Salehian'),(3778,75,2,50,0,'Bowl'),(3779,75,2,49,0,'Basics Typography'),(3780,75,2,41,0,'\"In a letter, it is a curved stroke which makes an enclosed space within a character, as in capital letters B, D P, R, and in lowercase letters a, b, g, p and q.\" -Classic Typefaces'),(3849,67,2,38,0,'<kml xmlns=\"http://earth.google.com/kml/2.0\"><Folder><name>OpenLayers export</name><description>Exported on Wed Nov 07 2012 21:07:17 GMT-0800 (PST)</description></Folder></kml>||||osm\r\nN/A'),(3846,67,2,48,0,'About.com'),(3847,67,2,40,0,'2012-11-02'),(3848,67,2,37,0,'Iman Salehian'),(3845,67,2,39,0,'Eric Miller'),(3842,67,2,50,0,'Baseline'),(3843,67,2,49,0,'Basics Typography'),(3844,67,2,41,0,'\"An imaginary horizontal line upon which all the letters rest, except the round letters, that usually go below this line somewhat.\" -Classic Typefaces'),(3777,76,2,38,0,'<kml xmlns=\"http://earth.google.com/kml/2.0\"><Folder><name>OpenLayers export</name><description>Exported on Wed Nov 07 2012 21:06:45 GMT-0800 (PST)</description></Folder></kml>||||osm\r\nN/A'),(3776,76,2,37,0,'Iman Salehian'),(3773,76,2,39,0,'Eric Miller'),(3774,76,2,48,0,'About.com'),(3775,76,2,40,0,'2012-11-02'),(3770,76,2,50,0,'Counter space'),(3771,76,2,49,0,'Basics Typography'),(3772,76,2,41,0,'\"Also called counter form, it is the inside opening or white area within a letter. Counter spaces may be closed in letters b,d,e,g,o,p and q, or partially open as in letters c, h, k, m, n, s, t, u, v, x, y and z. Letters like e and a, present both open and closed spaces..\" -Classic Typefaces'),(3813,71,2,39,0,'Eric Miller'),(3814,71,2,48,0,'About.com'),(3815,71,2,40,0,'2012-11-02'),(3816,71,2,37,0,'Iman Salehian'),(3810,71,2,50,0,'Descender'),(3811,71,2,49,0,'Basics Typography'),(3812,71,2,41,0,'\"A vertical stem that extends below the baseline of a lowercase letter, as in the case of g, j, p, q, and y. In italic and calligraphic typefaces, we may find the letter f having a descender as well.\" -Classic Typefaces'),(3768,77,2,37,0,'Iman Salehian'),(3769,77,2,38,0,'<kml xmlns=\"http://earth.google.com/kml/2.0\"><Folder><name>OpenLayers export</name><description>Exported on Wed Nov 07 2012 21:06:38 GMT-0800 (PST)</description></Folder></kml>||||osm\r\nN/A'),(3767,77,2,40,0,'2012-11-02'),(3766,77,2,48,0,'About.com'),(3765,77,2,39,0,'Eric Miller'),(3762,77,2,50,0,'Leg'),(3763,77,2,49,0,'Basics Typography'),(3764,77,2,41,0,'\"The lower diagonal stroke, usually straight, in a letter, such as in K, k, and R.\" -Classic Typefaces'),(3857,66,2,38,0,'<kml xmlns=\"http://earth.google.com/kml/2.0\"><Folder><name>OpenLayers export</name><description>Exported on Wed Nov 07 2012 21:07:22 GMT-0800 (PST)</description></Folder></kml>||||osm\r\nN/A'),(3853,66,2,39,0,'Eric Miller'),(3854,66,2,48,0,'About.com'),(3855,66,2,40,0,'2012-11-02'),(3856,66,2,37,0,'Iman Salehian'),(3850,66,2,50,0,'Meanline'),(3851,66,2,49,0,'Basics Typography'),(3852,66,2,41,0,'\"An imaginary line that marks the top of lowercase letter (a, c, e, g, i, j, m, n, o, r, s, x, y and z) and the top of the torso of letters (b, d, p, h and q).\" -Classic Typefaces'),(3760,78,2,37,0,'Iman Salehian'),(3761,78,2,38,0,'<kml xmlns=\"http://earth.google.com/kml/2.0\"><Folder><name>OpenLayers export</name><description>Exported on Wed Nov 07 2012 20:51:26 GMT-0800 (PST)</description></Folder></kml>||||osm\r\nN/A'),(3759,78,2,40,0,'2012-11-02'),(3758,78,2,48,0,'About.com'),(3757,78,2,39,0,'Eric Miller'),(3754,78,2,50,0,'Shoulder'),(3755,78,2,49,0,'Basics Typography'),(3756,78,2,41,0,'\"The stroke emerging from a stem, usually round, as in letters h, m and n.\" -Classic Typefaces'),(3801,73,2,38,0,'<kml xmlns=\"http://earth.google.com/kml/2.0\"><Folder><name>OpenLayers export</name><description>Exported on Wed Nov 07 2012 21:07:01 GMT-0800 (PST)</description></Folder></kml>||||osm\r\nN/A'),(3798,73,2,48,0,'About.com'),(3799,73,2,40,0,'2012-11-02'),(3800,73,2,37,0,'Iman Salehian'),(3797,73,2,39,0,'Eric Miller'),(3794,73,2,50,0,'Stem'),(3795,73,2,49,0,'Basics Typography'),(3796,73,2,41,0,'\"A stem is main support of a letter. It is usually vertical or slightly inclined in italics. Curved letters do not have one.\" -Classic Typefaces'),(3809,72,2,38,0,'<kml xmlns=\"http://earth.google.com/kml/2.0\"><Folder><name>OpenLayers export</name><description>Exported on Wed Nov 07 2012 21:07:03 GMT-0800 (PST)</description></Folder></kml>||||osm\r\nN/A'),(3805,72,2,39,0,'Eric Miller'),(3806,72,2,48,0,'About.com'),(3807,72,2,40,0,'2012-11-02'),(3808,72,2,37,0,'Iman Salehian'),(3802,72,2,50,0,'Serif'),(3803,72,2,49,0,'Basics Typography'),(3804,72,2,41,0,'\"A term given to those characteristic stroke terminals normally found in Roman typefaces. Serifs may be unilateral (at only one side of the main stroke) or bilateral (at both sides).\" -Classic Typefaces'),(3837,68,2,39,0,'Eric Miller'),(3838,68,2,48,0,'About.com'),(3839,68,2,40,0,'2012-11-02'),(3840,68,2,37,0,'Iman Salehian'),(3834,68,2,50,0,'X-Height'),(3835,68,2,49,0,'Basics Typography'),(3836,68,2,41,0,'\"The basic vertical measurement of the body of a lowercase letter, without counting ascenders and descenders, and taking the letter x as a parameter (due to the fact that all four corners of the letter touch a point of measurement-i.e. baseline and mean line).\" -Classic Typefaces'),(3790,74,2,48,0,'About.com'),(3791,74,2,40,0,'2012-11-02'),(3792,74,2,37,0,'Iman Salehian'),(3793,74,2,38,0,'<kml xmlns=\"http://earth.google.com/kml/2.0\"><Folder><name>OpenLayers export</name><description>Exported on Wed Nov 07 2012 21:06:58 GMT-0800 (PST)</description></Folder></kml>||||osm\r\nN/A'),(3789,74,2,39,0,'Eric Miller'),(3786,74,2,50,0,'Bar'),(3787,74,2,49,0,'Basics Typography'),(3788,74,2,41,0,'\"The horizontal lines of an \"E\" are known as bars. Bars are horizontal or diagonal lines of a letter, also known as arms, and are open on at least one side.\"'),(3832,69,2,37,0,'Iman Salehian'),(3833,69,2,38,0,'<kml xmlns=\"http://earth.google.com/kml/2.0\"><Folder><name>OpenLayers export</name><description>Exported on Wed Nov 07 2012 21:07:13 GMT-0800 (PST)</description></Folder></kml>||||osm\r\nN/A'),(3831,69,2,40,0,'2012-11-02'),(3830,69,2,48,0,'About.com'),(3829,69,2,39,0,'Eric Miller'),(3826,69,2,50,0,'Cap Height'),(3827,69,2,49,0,'Basics Typography'),(3828,69,2,41,0,'\"The cap height is the distance from the baseline to the top of uppercase letters like \'H\' and \'J.\'\"'),(3753,85,2,7,0,'Book'),(3747,85,2,39,0,'David Consuegra (author)'),(3748,85,2,48,0,'Google'),(3749,85,2,45,0,'Allworth Press'),(3750,85,2,40,0,'2011-10'),(3751,85,2,37,0,'Google Books'),(3752,85,2,38,0,'<kml xmlns=\"http://earth.google.com/kml/2.0\"><Folder><name>OpenLayers export</name><description>Exported on Wed Nov 07 2012 21:52:18 GMT-0800 (PST)</description></Folder></kml>||||osm\r\nUSA'),(1687,80,3,74,0,'8'),(1688,80,3,75,0,'3'),(1689,80,3,77,0,'a:7:{s:8:\"FileName\";s:36:\"1a427dcf0f7bc9722f776ea41de0408f.jpg\";s:12:\"FileDateTime\";i:1352354415;s:8:\"FileSize\";i:19447;s:8:\"FileType\";i:2;s:8:\"MimeType\";s:10:\"image/jpeg\";s:13:\"SectionsFound\";s:0:\"\";s:8:\"COMPUTED\";a:4:{s:4:\"html\";s:24:\"width=\"305\" height=\"400\"\";s:6:\"Height\";i:400;s:5:\"Width\";i:305;s:7:\"IsColor\";i:1;}}'),(1690,80,3,76,0,'FileName:1a427dcf0f7bc9722f776ea41de0408f.jpg\nFileDateTime:1352354415\nFileSize:19447\nFileType:2\nMimeType:image/jpeg\nSectionsFound:\nCOMPUTED:\n	html:width=\"305\" height=\"400\"\n	Height:400\n	Width:305\n	IsColor:1\n\n'),(1691,80,3,73,0,'400'),(1692,80,3,72,0,'305'),(3745,85,2,49,0,'Type and type-founding'),(3746,85,2,41,0,'\"Graphic designers will enrich their understanding of American type design and type designers with this unique and extensive reference. The fascinating history of type in America is chronicled through the typefaces and biographies of sixty-two of the most influential type designers, including Linn Boyd Benton, Morris Fuller Benton, and Darius Wells, and through the description and history of nine American type foundries. Complete with samples of 334 different typefaces, and 700 black-and-white illustrations, this eye-popping reference reveals the expansive contribution America has made to the world of type design.\"'),(3744,85,2,50,0,'\"Classic Typefaces: American Type and Type Designers\"'),(1703,81,3,74,0,'8'),(1704,81,3,73,0,'43'),(1705,81,3,72,0,'212'),(2961,81,2,49,0,'Graphic Design (Typography)'),(2960,81,2,50,0,'Sans-Serif'),(4569,167,2,37,0,'2012'),(4570,167,2,42,0,'Image'),(4571,167,2,7,0,'Photo'),(4572,180,3,74,0,'8'),(4573,180,3,75,0,'3'),(4574,180,3,77,0,'a:8:{s:8:\"FileName\";s:36:\"11146b62ffb52999b9d8c4f981a05e2a.jpg\";s:12:\"FileDateTime\";i:1354158569;s:8:\"FileSize\";i:48974;s:8:\"FileType\";i:2;s:8:\"MimeType\";s:10:\"image/jpeg\";s:13:\"SectionsFound\";s:7:\"COMMENT\";s:8:\"COMPUTED\";a:4:{s:4:\"html\";s:24:\"width=\"408\" height=\"357\"\";s:6:\"Height\";i:357;s:5:\"Width\";i:408;s:7:\"IsColor\";i:1;}s:7:\"COMMENT\";a:1:{i:0;s:36:\"File written by Adobe Photoshop'),(4575,180,3,76,0,'FileName:11146b62ffb52999b9d8c4f981a05e2a.jpg\nFileDateTime:1354158569\nFileSize:48974\nFileType:2\nMimeType:image/jpeg\nSectionsFound:COMMENT\nCOMPUTED:\n	html:width=\"408\" height=\"357\"\n	Height:357\n	Width:408\n	IsColor:1\n\nCOMMENT:\n	0:File written by Adobe Photoshop'),(4559,166,2,7,0,'Photo'),(1762,85,3,74,0,'8'),(4542,82,2,41,0,'This is an example of a modern letterpress. In a broader spectrum, letterpress fits into a type of printing known as relief printing. In relief there exist two materials, the matrix and the substrate. The matrix can be made of wood, metal, linoleum, or any other surface that can hold ink. The substrate is the material which the matrix is being printed on, such as paper or fabric. The matrix is inked up and everything that is not recessed will collect ink. Pressure is applied to the substrate on top of the matrix and the reverse image is printed to the surface. The key to letterpress and other forms of printing are editions, multiple copies of the same image quality. - Michael Snowadzky'),(4541,82,2,49,0,'Graphic Design (Typography)'),(4564,179,3,73,0,'575'),(4565,179,3,72,0,'972'),(4566,167,2,50,0,'Default Neatline Map'),(4567,167,2,39,0,'Mateusz Gwizdala'),(4568,167,2,40,0,'28 November 2012'),(4551,178,3,76,0,'FileName:47f69f788dae862cd834f7a0cee6005a.jpg\nFileDateTime:1354132147\nFileSize:101113\nFileType:2\nMimeType:image/jpeg\nSectionsFound:\nCOMPUTED:\n	html:width=\"665\" height=\"549\"\n	Height:549\n	Width:665\n	IsColor:1\n\n'),(4552,178,3,73,0,'549'),(4553,178,3,72,0,'665'),(4558,166,2,42,0,'Image'),(4550,178,3,77,0,'a:7:{s:8:\"FileName\";s:36:\"47f69f788dae862cd834f7a0cee6005a.jpg\";s:12:\"FileDateTime\";i:1354132147;s:8:\"FileSize\";i:101113;s:8:\"FileType\";i:2;s:8:\"MimeType\";s:10:\"image/jpeg\";s:13:\"SectionsFound\";s:0:\"\";s:8:\"COMPUTED\";a:4:{s:4:\"html\";s:24:\"width=\"665\" height=\"549\"\";s:6:\"Height\";i:549;s:5:\"Width\";i:665;s:7:\"IsColor\";i:1;}}'),(1763,85,3,73,0,'53'),(1764,85,3,72,0,'209'),(2970,80,2,49,0,'Graphic Design (Typography)'),(2969,80,2,50,0,'Seriph'),(2978,79,2,50,0,'Typography Theory: Design Considerations'),(1784,87,3,74,0,'8'),(1785,87,3,73,0,'600'),(1786,87,3,72,0,'500'),(3739,86,2,40,0,'1858'),(3740,86,2,37,0,'Pablohoney77'),(3741,86,2,47,0,'Wikipedia Commons'),(3742,86,2,38,0,'<kml xmlns=\"http://earth.google.com/kml/2.0\"><Folder><name>OpenLayers export</name><description>Exported on Thu Nov 08 2012 08:26:50 GMT-0800 (PST)</description></Folder></kml>||||osm\r\nEdinburgh, Scotland'),(3738,86,2,48,0,'Wikipedia'),(3737,86,2,39,0,'Ed Benguiat'),(3736,86,2,39,0,'Chauncey H. Griffith'),(3735,86,2,39,0,'Alexander Phemister'),(3733,86,2,49,0,'Typefaces'),(3734,86,2,41,0,'\"Bookman or Bookman Old Style is a serif typeface derived from Old Style Antique and designed by Alexander Phemister in 1858 for Miller and Richard foundry.\"-Wikipedia'),(3732,86,2,50,0,'\"Bookman\"'),(1799,88,3,74,0,'8'),(1800,88,3,73,0,'593'),(1801,88,3,72,0,'500'),(3727,87,2,39,0,'Eric Gill'),(3728,87,2,48,0,'Wikipedia'),(3729,87,2,40,0,'1930-31'),(3730,87,2,38,0,'<kml xmlns=\"http://earth.google.com/kml/2.0\"><Folder><name>OpenLayers export</name><description>Exported on Thu Nov 08 2012 08:26:52 GMT-0800 (PST)</description></Folder></kml>||||osm\r\nLondon, England'),(3725,87,2,49,0,'Typefaces'),(3726,87,2,41,0,'\"Joanna is a transitional serif typeface designed by Eric Gill (1882–1940) in the period 1930–31, and named for one of his daughters...The face is, as Gill described it himself \'a book face free from all fancy business.\'\"-Wikipedia'),(3724,87,2,50,0,'\"Joanna\"'),(1810,89,3,74,0,'8'),(1811,89,3,73,0,'468'),(1812,89,3,72,0,'396'),(3722,88,2,38,0,'<kml xmlns=\"http://earth.google.com/kml/2.0\"><Folder><name>OpenLayers export</name><description>Exported on Thu Nov 08 2012 08:26:53 GMT-0800 (PST)</description></Folder></kml>||||osm\r\nParis, France'),(3716,88,2,39,0,'Firim Didot'),(3717,88,2,39,0,'Adrian Frutiger'),(3718,88,2,48,0,'Wikipedia'),(3719,88,2,40,0,'1784–1811'),(3720,88,2,37,0,'Jim Hood'),(3721,88,2,47,0,'Wikipedia Commons'),(3714,88,2,49,0,'Typefaces'),(3715,88,2,41,0,'\"The typeface we know today was based on a collection of related types developed in the period 1784–1811. Firmin Didot cut the letters, and cast them as type in Paris...The typeface takes inspiration from John Baskerville\'s experimentation with increasing stroke contrast and a more condensed armature.\"-Wikipedia'),(3713,88,2,50,0,'\"Linotype Didot\"'),(1824,90,3,74,0,'8'),(1825,90,3,73,0,'553'),(1826,90,3,72,0,'468'),(3710,89,2,47,0,'Creative Commons'),(3711,89,2,38,0,'<kml xmlns=\"http://earth.google.com/kml/2.0\"><Folder><name>OpenLayers export</name><description>Exported on Thu Nov 08 2012 08:26:55 GMT-0800 (PST)</description></Folder></kml>||||osm\r\nLondon, England'),(3709,89,2,37,0,'Deviate-Smart'),(3708,89,2,40,0,'1845'),(3707,89,2,48,0,'Wikipedia'),(3706,89,2,39,0,'Robert Besley'),(3704,89,2,49,0,'Typefaces'),(3705,89,2,41,0,'\"Clarendon is an English slab-serif typeface that was created in England by Robert Besley for Thorowgood and Co.\" -Wikipedia'),(3703,89,2,50,0,'\"Claredon\"'),(1837,91,3,74,0,'8'),(1838,91,3,73,0,'553'),(1839,91,3,72,0,'468'),(3698,90,2,48,0,'Wikipedia'),(3699,90,2,40,0,'1956'),(3700,90,2,37,0,'Jim Hood'),(3701,90,2,38,0,'<kml xmlns=\"http://earth.google.com/kml/2.0\"><Folder><name>OpenLayers export</name><description>Exported on Thu Nov 08 2012 08:27:01 GMT-0800 (PST)</description></Folder></kml>||||osm\r\nParis, France'),(3697,90,2,39,0,'Adrian Frutiger'),(3695,90,2,49,0,'Typefaces'),(3696,90,2,41,0,'\"Egyptienne was designed in 1956 by Adrian Frutiger for the Deberny & Peignot Foundry and was the first new text face created for the process of photocomposition.\"-Wikipedia'),(3694,90,2,50,0,'\"Egyptienne\"'),(1849,92,3,74,0,'8'),(1850,92,3,73,0,'450'),(1851,92,3,72,0,'400'),(3688,91,2,39,0,'Howard Kettler'),(3689,91,2,48,0,'Wikipedia'),(3690,91,2,40,0,'1955'),(3691,91,2,37,0,'Inductiveload'),(3692,91,2,38,0,'<kml xmlns=\"http://earth.google.com/kml/2.0\"><Folder><name>OpenLayers export</name><description>Exported on Thu Nov 08 2012 10:03:30 GMT-0800 (PST)</description></Folder></kml>||||osm\r\nUSA'),(3686,91,2,49,0,'Typefaces'),(3687,91,2,41,0,'\"Courier is a monospaced slab serif typeface designed to resemble the output from a strike-on typewriter. The typeface was designed by Howard \"Bud\" Kettler in 1955, and it was later redrawn by Adrian Frutiger for the IBM Selectric Composer series of electric typewriters.\"-Wikipedia'),(3685,91,2,50,0,'\"Courier\"'),(2251,26,2,49,0,'Graphic design (Typography)--History'),(1930,93,3,74,0,'8'),(1931,93,3,75,0,'3'),(1932,93,3,77,0,'a:13:{s:8:\"FileName\";s:36:\"247c47d80e305fd6d712731cad3276a5.jpg\";s:12:\"FileDateTime\";i:1352404578;s:8:\"FileSize\";i:86003;s:8:\"FileType\";i:2;s:8:\"MimeType\";s:10:\"image/jpeg\";s:13:\"SectionsFound\";s:19:\"ANY_TAG, IFD0, EXIF\";s:8:\"COMPUTED\";a:5:{s:4:\"html\";s:26:\"width=\"1027\" height=\"1086\"\";s:6:\"Height\";i:1086;s:5:\"Width\";i:1027;s:7:\"IsColor\";i:1;s:17:\"ByteOrderMotorola\";i:1;}s:11:\"XResolution\";s:4:\"72/1\";s:11:\"YResolution\";s:4:\"72/1\";s:14:\"ResolutionUnit\";i:2;s:16:\"Exif_IFD_Pointer\";i:78;s:14:\"ExifImageWidth\";i:1027;s:15:\"ExifImageLength\";i:1086;}'),(1933,93,3,76,0,'FileName:247c47d80e305fd6d712731cad3276a5.jpg\nFileDateTime:1352404578\nFileSize:86003\nFileType:2\nMimeType:image/jpeg\nSectionsFound:ANY_TAG, IFD0, EXIF\nCOMPUTED:\n	html:width=\"1027\" height=\"1086\"\n	Height:1086\n	Width:1027\n	IsColor:1\n	ByteOrderMotorola:1\n\nXResolution:72/1\nYResolution:72/1\nResolutionUnit:2\nExif_IFD_Pointer:78\nExifImageWidth:1027\nExifImageLength:1086\n'),(1934,93,3,73,0,'1086'),(1935,93,3,72,0,'1027'),(3683,92,2,37,0,'Microsoft Excel'),(3682,92,2,40,0,'2012-11-08'),(3680,92,2,48,0,'1001 Free Fonts'),(3681,92,2,48,0,'Font Squirrel'),(3679,92,2,48,0,'Fontspring'),(3678,92,2,48,0,'Fonts.com'),(3677,92,2,48,0,'You Work For Them'),(3676,92,2,48,0,'Font Haus'),(3675,92,2,48,0,'Font Shop'),(3674,92,2,48,0,'My Fonts'),(3673,92,2,39,0,'Iman Salehian '),(3670,92,2,50,0,'Font Popularity Pie Chart'),(3671,92,2,49,0,'Graphic design (Typography)—Data processing'),(3672,92,2,41,0,'A pie chart categorizing the fonts featured in \"Top 25 Best Sellers\" lists by font class. '),(1967,95,3,76,0,'FileName:95e4f40a7ae57f01efa516f9f4878423.jpg\nFileDateTime:1352405302\nFileSize:118780\nFileType:2\nMimeType:image/jpeg\nSectionsFound:ANY_TAG, IFD0, EXIF\nCOMPUTED:\n	html:width=\"908\" height=\"1048\"\n	Height:1048\n	Width:908\n	IsColor:0\n	ByteOrderMotorola:1\n\nOrientation:1\nXResolution:300/1\nYResolution:300/1\nResolutionUnit:2\nSoftware:Adobe Photoshop Elements 6.0 Macintosh\nDateTime:2012:11:06 13:09:30\nExif_IFD_Pointer:174\nDateTimeDigitized:2012:11:06 13:09:30\nColorSpace:65535\nExifImageWidth:908\nExifImageLength:1048\n'),(1968,95,3,73,0,'1048'),(1969,95,3,72,0,'908'),(3904,60,2,50,0,'Best of the Best: Popular Fonts of October 2012 (Data Visualization Results)'),(3668,93,2,50,0,'The Basics (header)'),(3669,93,2,41,0,'A design element for the site\'s interface. (I needed an url to embed it in a simple page; it will be left unsorted.)'),(4128,94,2,48,0,'http://calligraphy-expo.com/eng/AboutCalligraphy/Writing/FromTheDepthOfAges.aspx?ItemID=1413 (Accessed: 8 November 2012)'),(4129,94,2,40,0,'1100'),(4130,94,2,42,0,'Image'),(4131,94,2,38,0,'<kml xmlns=\"http://earth.google.com/kml/2.0\"><Folder><name>OpenLayers export</name><description>Exported on Thu Nov 08 2012 16:01:14 GMT-0800 (Pacific Standard Time)</description></Folder></kml>||||osm\r\nGermany'),(2070,97,3,74,0,'2'),(2071,97,3,75,0,'3'),(2072,97,3,73,0,'141'),(2073,97,3,72,0,'390'),(4132,94,2,7,0,'Photo'),(4123,95,2,38,0,'<kml xmlns=\"http://earth.google.com/kml/2.0\"><Folder><name>OpenLayers export</name><description>Exported on Thu Nov 08 2012 15:54:09 GMT-0800 (Pacific Standard Time)</description></Folder></kml>||||osm\r\nItaly'),(2109,98,3,74,0,'8'),(2110,98,3,75,0,'3'),(2111,98,3,77,0,'a:9:{s:8:\"FileName\";s:36:\"611b35018a5573a6992548ed04feccb6.jpg\";s:12:\"FileDateTime\";i:1352412096;s:8:\"FileSize\";i:22297;s:8:\"FileType\";i:2;s:8:\"MimeType\";s:10:\"image/jpeg\";s:13:\"SectionsFound\";s:5:\"APP12\";s:8:\"COMPUTED\";a:4:{s:4:\"html\";s:24:\"width=\"450\" height=\"153\"\";s:6:\"Height\";i:153;s:5:\"Width\";i:450;s:7:\"IsColor\";i:1;}s:7:\"Company\";s:5:\"Ducky\";s:4:\"Info\";s:1:\"\";}'),(2112,98,3,76,0,'FileName:611b35018a5573a6992548ed04feccb6.jpg\nFileDateTime:1352412096\nFileSize:22297\nFileType:2\nMimeType:image/jpeg\nSectionsFound:APP12\nCOMPUTED:\n	html:width=\"450\" height=\"153\"\n	Height:153\n	Width:450\n	IsColor:1\n\nCompany:Ducky\nInfo:\n'),(2113,98,3,73,0,'153'),(2114,98,3,72,0,'450'),(4124,95,2,7,0,'Photo'),(4108,97,2,7,0,'Photo'),(2155,101,3,75,0,'3'),(2156,101,3,73,0,'150'),(2157,101,3,72,0,'400'),(2158,102,3,74,0,'4'),(2159,102,3,75,0,'3'),(2160,102,3,73,0,'212'),(2161,102,3,72,0,'400'),(4106,97,2,40,0,'800 BC'),(4107,97,2,38,0,'<kml xmlns=\"http://earth.google.com/kml/2.0\"><Folder><name>OpenLayers export</name><description>Exported on Thu Nov 08 2012 15:51:10 GMT-0800 (Pacific Standard Time)</description></Folder></kml>|0|0.0000000|0.0000000|osm\r\nIraq'),(4103,97,2,49,0,'Graphic design (Typography)--History'),(4104,97,2,41,0,'The cuneiform script is the earliest known form of written expression. Created by the Sumerians from ca. 3000 BC (with predecessors reaching into the late 4th millennium Uruk IV period), cuneiform writing began as a system of pictographs. Over time, the pictorial representations became simplified and more abstract.\r\n\r\nCuneiforms were written on clay tablets, on which symbols were drawn with a blunt reed for a stylus. The impressions left by the stylus were wedge shaped, thus giving rise to the name cuneiform (\"wedge shaped\").\r\nThe Sumerian script was adapted for the writing of the Akkadian, Elamite, Hittite (and Luwian), Hurrian (and Urartian) languages, and it inspired the Old Persian and Ugaritic national alphabets.\r\n\r\nThe cuneiform writing system originated perhaps around 3000 BC in Sumer; its latest surviving use is dated to 75 AD.\r\nThe cuneiform script underwent considerable changes over a period of more than two millennia. \r\nOriginally, pictograms were drawn on clay tablets in vertical columns with a pen made from a sharpened reed stylus, or incised in stone. This early style lacked the characteristic wedge-shape of the strokes.\r\nCertain signs to indicate names of gods, countries, cities, vessels, birds, trees, etc., are known as \"determinants\", and were the Sumerian signs of the terms in question, added as a guide for the reader. Proper names continued to be usually written in purely \"ideographic\" fashion.\r\n\r\nFrom about 2900 BC, many pictographs began to lose their original function, and a given sign could have various meanings depending on context. The sign inventory was reduced from some 1,500 signs to some 600 signs, and writing became increasingly phonological. Determinative signs were re-introduced to avoid ambiguity. This process is directly parallel to, and possibly not independent of, the development of Egyptian hieroglyphic orthography.\r\n(From http://calligraphy-expo.com/eng/AboutCalligraphy/Writing/FromTheDepthOfAges.aspx?ItemID=1413)'),(2154,101,3,74,0,'4'),(4112,96,2,48,0,'http://calligraphy-expo.com/eng/AboutCalligraphy/Writing/FromTheDepthOfAges.aspx?ItemID=1413 (Accessed: 8 November 2012)'),(2138,100,3,74,0,'8'),(2139,100,3,75,0,'3'),(2140,100,3,77,0,'a:18:{s:8:\"FileName\";s:36:\"351b64c9a11be14ad1f6f83994ca7d0f.jpg\";s:12:\"FileDateTime\";i:1352412323;s:8:\"FileSize\";i:65281;s:8:\"FileType\";i:2;s:8:\"MimeType\";s:10:\"image/jpeg\";s:13:\"SectionsFound\";s:30:\"ANY_TAG, IFD0, THUMBNAIL, EXIF\";s:8:\"COMPUTED\";a:7:{s:4:\"html\";s:24:\"width=\"622\" height=\"178\"\";s:6:\"Height\";i:178;s:5:\"Width\";i:622;s:7:\"IsColor\";i:1;s:17:\"ByteOrderMotorola\";i:1;s:18:\"Thumbnail.FileType\";i:2;s:18:\"Thumbnail.MimeType\";s:10:\"image/jpeg\";}s:11:\"Orientation\";i:1;s:11:\"XResolution\";s:13:\"3000000/10000\";s:11:\"YResolution\";s:13:\"3000000/10000\";s:14:\"ResolutionUnit\";i:2;s:8:\"Software\";s:38:\"Adobe Photoshop Elements 6.0 Macintosh\";s:8:\"DateTime\";s:19:\"2012:11:08 14:05:05\";s:16:\"Exif_IFD_Pointer\";i:176;s:9:\"THUMBNAIL\";a:6:{s:11:\"Compression\";i:6;s:11:\"XResolution\";s:4:\"72/1\";s:11:\"YResolution\";s:4:\"72/1\";s:14:\"ResolutionUnit\";i:2;s:21:\"JPEGInterchangeFormat\";i:314;s:27:\"JPEGInterchangeFormatLength\";i:3140;}s:10:\"ColorSpace\";i:1;s:14:\"ExifImageWidth\";i:622;s:15:\"ExifImageLength\";i:178;}'),(2141,100,3,76,0,'FileName:351b64c9a11be14ad1f6f83994ca7d0f.jpg\nFileDateTime:1352412323\nFileSize:65281\nFileType:2\nMimeType:image/jpeg\nSectionsFound:ANY_TAG, IFD0, THUMBNAIL, EXIF\nCOMPUTED:\n	html:width=\"622\" height=\"178\"\n	Height:178\n	Width:622\n	IsColor:1\n	ByteOrderMotorola:1\n	Thumbnail.FileType:2\n	Thumbnail.MimeType:image/jpeg\n\nOrientation:1\nXResolution:3000000/10000\nYResolution:3000000/10000\nResolutionUnit:2\nSoftware:Adobe Photoshop Elements 6.0 Macintosh\nDateTime:2012:11:08 14:05:05\nExif_IFD_Pointer:176\nTHUMBNAIL:\n	Compression:6\n	XResolution:72/1\n	YResolution:72/1\n	ResolutionUnit:2\n	JPEGInterchangeFormat:314\n	JPEGInterchangeFormatLength:3140\n\nColorSpace:1\nExifImageWidth:622\nExifImageLength:178\n'),(2142,100,3,73,0,'178'),(2143,100,3,72,0,'622'),(2177,103,3,74,0,'3'),(2178,103,3,75,0,'3'),(2179,103,3,73,0,'163'),(2180,103,3,72,0,'400'),(2200,104,3,74,0,'8'),(2201,104,3,75,0,'3'),(2202,104,3,77,0,'a:9:{s:8:\"FileName\";s:36:\"7e193dab07e99bf653eda640ebcb70b6.jpg\";s:12:\"FileDateTime\";i:1352416391;s:8:\"FileSize\";i:25015;s:8:\"FileType\";i:2;s:8:\"MimeType\";s:10:\"image/jpeg\";s:13:\"SectionsFound\";s:5:\"APP12\";s:8:\"COMPUTED\";a:4:{s:4:\"html\";s:24:\"width=\"200\" height=\"200\"\";s:6:\"Height\";i:200;s:5:\"Width\";i:200;s:7:\"IsColor\";i:1;}s:7:\"Company\";s:5:\"Ducky\";s:4:\"Info\";s:1:\"\";}'),(2203,104,3,76,0,'FileName:7e193dab07e99bf653eda640ebcb70b6.jpg\nFileDateTime:1352416391\nFileSize:25015\nFileType:2\nMimeType:image/jpeg\nSectionsFound:APP12\nCOMPUTED:\n	html:width=\"200\" height=\"200\"\n	Height:200\n	Width:200\n	IsColor:1\n\nCompany:Ducky\nInfo:\n'),(2204,104,3,73,0,'200'),(2205,104,3,72,0,'200'),(2947,98,2,48,0,'psd.tutsplus.com'),(2948,98,2,40,0,'May 23, 2009'),(2949,98,2,37,0,'psd.tutsplus.com'),(2950,98,2,38,0,'<kml xmlns=\"http://earth.google.com/kml/2.0\"><Folder><name>OpenLayers export</name><description>Exported on Thu Nov 08 2012 15:10:20 GMT-0800 (Pacific Standard Time)</description></Folder></kml>||||osm\r\nN/A'),(2946,98,2,39,0,'Mark Bowley'),(2945,98,2,41,0,'Typography plays a big role in graphic design and can be one of the hardest things to get right. My aim here is to introduce some of the basics and the most common areas of typography that will be important in your design work. - Mark Bowley'),(2943,98,2,50,0,'A 20 Minute Intro to Typography Basics'),(2944,98,2,49,0,'Graphic Design (Typography)'),(2215,105,3,74,0,'8'),(2216,105,3,73,0,'268'),(2217,105,3,72,0,'500'),(3667,99,2,38,0,'<kml xmlns=\"http://earth.google.com/kml/2.0\"><Folder><name>OpenLayers export</name><description>Exported on Thu Nov 08 2012 15:08:41 GMT-0800 (PST)</description></Folder></kml>||||osm\r\nN/A'),(3665,99,2,40,0,'2007-11-21'),(3666,99,2,37,0,'johno (iLT)'),(3664,99,2,48,0,'I Love Typography'),(3663,99,2,39,0,'I Love Typography'),(3660,99,2,50,0,'\"Old Style Characteristics\"'),(3661,99,2,49,0,'Basics Typography'),(3662,99,2,41,0,'An image featuring the basic characteristics of an \"Old style\" typeface. '),(2226,106,3,74,0,'8'),(2227,106,3,75,0,'3'),(2228,106,3,77,0,'a:9:{s:8:\"FileName\";s:36:\"d54aa97e71b588f81149e6ef03fc1563.jpg\";s:12:\"FileDateTime\";i:1352417044;s:8:\"FileSize\";i:93381;s:8:\"FileType\";i:2;s:8:\"MimeType\";s:10:\"image/jpeg\";s:13:\"SectionsFound\";s:11:\"IFD0, APP12\";s:8:\"COMPUTED\";a:5:{s:4:\"html\";s:24:\"width=\"750\" height=\"371\"\";s:6:\"Height\";i:371;s:5:\"Width\";i:750;s:7:\"IsColor\";i:1;s:17:\"ByteOrderMotorola\";i:0;}s:7:\"Company\";s:5:\"Ducky\";s:4:\"Info\";s:1:\"\";}'),(2229,106,3,76,0,'FileName:d54aa97e71b588f81149e6ef03fc1563.jpg\nFileDateTime:1352417044\nFileSize:93381\nFileType:2\nMimeType:image/jpeg\nSectionsFound:IFD0, APP12\nCOMPUTED:\n	html:width=\"750\" height=\"371\"\n	Height:371\n	Width:750\n	IsColor:1\n	ByteOrderMotorola:0\n\nCompany:Ducky\nInfo:\n'),(2230,106,3,73,0,'371'),(2231,106,3,72,0,'750'),(4024,100,2,38,0,'<kml xmlns=\"http://earth.google.com/kml/2.0\"><Folder><name>OpenLayers export</name><description>Exported on Thu Nov 08 2012 15:15:54 GMT-0800 (Pacific Standard Time)</description></Folder></kml>||||osm\r\n1450-1500'),(4023,100,2,37,0,'Dominic Flask'),(4022,100,2,40,0,'N/A'),(4021,100,2,48,0,'Design Is History'),(4018,100,2,49,0,'Graphic design (Typography)--History'),(4019,100,2,41,0,'A look at the early origins of typography and typographers before Gutenberg.  '),(4020,100,2,39,0,'Dominic Flask'),(4017,100,2,50,0,'Early Typographers'),(2250,26,2,50,0,'\"Antique Black\"'),(2258,26,2,7,0,'Photo'),(2937,101,2,39,0,'Steven Heller'),(2938,101,2,48,0,'web.ebscohost.com'),(2939,101,2,40,0,'December 6, 2009'),(2940,101,2,37,0,'New York Times Book Review'),(2941,101,2,38,0,'<kml xmlns=\"http://earth.google.com/kml/2.0\"><Folder><name>OpenLayers export</name><description>Exported on Thu Nov 08 2012 15:25:55 GMT-0800 (Pacific Standard Time)</description></Folder></kml>||||osm\r\n19th and 20th Century'),(2934,101,2,50,0,'Visuals The Art of the World'),(2935,101,2,49,0,'Graphic Design (Typography)'),(2936,101,2,41,0,'The look of a typeface can determine how readers perceive a word or phrase. Take the common seasonal greeting \'\'Happy holidays.\'\' When set in an ornamented Latin style, the words appear jolly and joyous, while spiky Old English or German Fraktur reads as dour -- Scrooge-like. Various typefaces symbolize the holidays, and not just those goofy novelty faces with dangling icicles or sprigs of holly. Ecclesiastical gothics, bifurcated Tuscans and filigreed slab serifs are fitting styles for this season. Display types are designed to convey a host of notions and emotions. They are as versatile (and functional) as articles of clothing -- and as with clothing, some types are basic black, while others go in and out of fashion like hemlines. In the late 19th and early 20th centuries, American and European type foundries -- the factories where type was designed and cast for commercial and industrial use -- churned out literally tons (since type came in lead and wood) of eccentrically decorative typefaces and typographic ornaments, most of it bought by printers. Advertising was a burgeoning industry, and the more outlandish display styles were conceived in equal measure to attract the public\'s eye and to distinguish one merchant from the next. -New York Times Book Review'),(3658,102,2,37,0,'FontShop'),(3657,102,2,40,0,'2008'),(3655,102,2,39,0,'Rob Meek'),(3656,102,2,48,0,'FontStruct'),(3654,102,2,41,0,'FontStruct is a free font-building tool sponsored by the world’s leading retailer of digital type, FontShop. FontStruct lets you quickly and easily create fonts constructed out of geometrical shapes, which are arranged in a grid pattern, like tiles or bricks. You create ‘FontStructions’ using the ‘FontStructor’ font editor. Once you\'re done building, FontStruct generates high-quality TrueType fonts, ready to use in any Mac or Windows application.'),(4182,27,2,49,0,'Graphic design (Typography)--History'),(4183,27,2,41,0,'An example of Carolingian Minuscule script. Developed in France during the 800s, Carolingian Minuscule was adopted as the standard script for Latin in Europe. This standard script ensured that all Europeans literate in Latin could read the same texts. '),(4181,27,2,50,0,'\"Carolingian Minuscule\"'),(4173,30,2,50,0,'\"Merovingian Script\"'),(2323,107,3,74,0,'8'),(2324,107,3,73,0,'221'),(2325,107,3,72,0,'485'),(3651,103,2,38,0,'<kml xmlns=\"http://earth.google.com/kml/2.0\"><Folder><name>OpenLayers export</name><description>Exported on Thu Nov 08 2012 15:43:49 GMT-0800 (PST)</description></Folder></kml>||||osm\r\nN/A'),(3649,103,2,40,0,'2011'),(3650,103,2,37,0,'Iman Salehian'),(3648,103,2,48,0,'http://lindaperry.us'),(3647,103,2,39,0,'Dr. Linda M. Perry'),(3644,103,2,50,0,'\"Features of Transitional Type\"'),(3645,103,2,49,0,'Basics Typography'),(3646,103,2,41,0,'A screenshot of a scanned image featuring features of transitional type.'),(4105,97,2,48,0,'http://calligraphy-expo.com/eng/AboutCalligraphy/Writing/FromTheDepthOfAges.aspx?ItemID=1413 (Accessed: 8 November 2012)'),(2362,108,3,74,0,'5'),(2363,108,3,75,0,'3'),(2364,108,3,73,0,'263'),(2365,108,3,72,0,'497'),(3642,104,2,37,0,'Iman Salehian'),(3643,104,2,38,0,'<kml xmlns=\"http://earth.google.com/kml/2.0\"><Folder><name>OpenLayers export</name><description>Exported on Thu Nov 08 2012 15:49:38 GMT-0800 (PST)</description></Folder></kml>||||osm\r\nN/A'),(3641,104,2,40,0,'2008-05-30'),(3640,104,2,48,0,'I Love Typography'),(3639,104,2,39,0,'I Love Typography'),(3636,104,2,50,0,'\"Features of Modern (Didone) Type\"'),(3637,104,2,49,0,'Basics Typography'),(3638,104,2,41,0,'An image featuring the characteristics of modern typefaces. '),(4113,96,2,40,0,'100'),(4114,96,2,42,0,'Image'),(4110,96,2,49,0,'Graphic design (Typography)--History'),(4111,96,2,41,0,'All the letters in a majuscule script are contained between a single pair of real or theoretical horizontal lines. Today we have very few Latin manuscripts. No doubt, the letters sculptured on stone and written by hand were alike. But time flew and the letters differed from  each other. The letters written by hand were simple, rounded and interconnected in the word.    Unlike majuscules, minuscules are not fully contained between two real or hypothetical lines; their stems can go above or below the line. Developed by Alcuin in the 8th century, it allowed the division of writing into sentences and paragraphs by beginning sentences with capital letters and ending them with periods. The script was originally rounded, but gradually the strokes became heavier until it became what is now known as Gothic or black letter script.\r\nRoman cursive capitals, a running-hand script, were customarily used in the Roman Empire for notes, business records, letters, and other informal or everyday uses. This form could be written with great speed and was, therefore, often written carelessly and tended toward illegibility. It was, nonetheless, one of several forerunners of the minuscule scripts that appeared later. The new business hand of the 4th century and after is known as cursive minuscule. Like cursive capitals, it was written with a pointed pen, but the pen was held more or less straight. It, too, is a frankly minuscule alphabet and uses basically the same letter forms as half uncials, although the frequency in cursive minuscule of ligatures between letters tends to conceal the fundamental likeness...\r\nThe business hand of the 1st century, used for correspondence and for most documents, private and official alike, is known as cursive capitals. Here the pen, cut to a sharp point, was held at the same oblique angle but was lifted less often, and this “cursive” handling automatically produced new and simpler letter forms such as  (two strokes) for D (three strokes) and...\r\nThe stately Roman scripts, quadrata, rustic, or uncial, were not used for everyday purposes, and, as in the case of Greek, a cursive, rapidly written hand arose in which letters and business documents were inscribed. This hand is found in graffiti on Pompeian walls and in wax tablets. After the disintegration of the empire, Roman cursive became the ancestor of regional hands in Roman Capitals.\r\n(From http://calligraphy-expo.com/eng/AboutCalligraphy/Writing/FromTheDepthOfAges.aspx?ItemID=1413)'),(4120,95,2,48,0,'http://calligraphy-expo.com/eng/AboutCalligraphy/Writing/FromTheDepthOfAges.aspx?ItemID=1413 (Accessed: 8 November 2012)'),(4121,95,2,40,0,'1500'),(4118,95,2,49,0,'Graphic design (Typography)--History'),(4119,95,2,41,0,'Italian blackletter also is known as rotunda, as it was less angular than in northern centres. The most usual form of Italian rotunda was littera bononiensis, used at the University of Bologna in the thirteenth century. Biting is a common feature in rotunda, but breaking is not.\r\nItalian Rotunda also is characterized by unique abbreviations, such as q with a line beneath the bow signifying \"qui\", and unusual spellings, such as, x for s (\"milex\" rather than \"miles\", and \"knight\").\r\nThe letters of this script preserve roundings, they are wide and tensed. Only the top are broken. The rotunda is wider and broader than any other gothic scripts, and it is seen as a transitional form between gothic and antique. This is one of the few gothic scripts which can be adjusted by antique majuscules.                                  \r\nThe rotunda, and especially its upper-Italic type, is one of the most beautiful scripts of the Western Europe.  It flourished in the 15th century and diminished during the renaissance period. \r\nThe development of he gothic script in the South Europe ended with the round gothic script, while in the Northern Europe it flourished during the whole period called the  Late gothic. \r\nDuring the Late gothic period many script types were invented in Germany and were used there more than anywhere else.                           \r\nThe latest gothic script was the schwab writing or schwabacher. It is very wide and is more convenient for reading than textualis.\r\n(From http://calligraphy-expo.com/eng/AboutCalligraphy/Writing/FromTheDepthOfAges.aspx?ItemID=1413)'),(4126,94,2,49,0,'Graphic design (Typography)--History'),(4127,94,2,41,0,'Blackletter, also known as Gothic script, was a script used throughout Western Europe from approximately 1150 to 1500. It continued to be used for the German language until the twentieth century. Fraktur is a notable script of this type, and sometimes the entire group of faces is known as Fraktur.\r\nBlackletter is not to be confused with Old English, despite the popular though untrue belief that it was written with Blackletter. Old English pre-dates Blackletter by many centuries.\r\nCarolingian minuscule was the direct and linear ancestor of blackletter. Blackletter developed from Carolingian as an increasingly literate twelfth century Europe required new books in many different subjects. New universities were founded, each producing books for business, law, grammar, history, and other pursuits, not solely religious works for which earlier scripts typically had been used.\r\nThese books needed to be produced quickly to keep up with demand. Carolingian, though legible, was time-consuming and labour-intensive to produce. It was large and wide and took up a lot of space on a manuscript in a time when writing materials were very costly. As early as the eleventh century, different forms of Carolingian were already being used, and by the mid-twelfth century, a clearly distinguishable form, able to be written more quickly to meet the demand for new books, was being used in north-eastern France and the Low Countries.\r\n\r\nThe term Gothic was first used to describe this script in fifteenth century Italy, in the midst of the Renaissance, because Renaissance Humanists believed it was a barbaric script. Gothic was a synonym for barbaric. Flavio Biondo, in Italia Illustrata (1531) thought it was invented by the Lombards after their invasion of Italy in the sixth century.\r\nNot only were blackletter forms called Gothic script, but any other seemingly barbarian script, such as Visigothic, Beneventan, and Merovingian, were also labeled \"Gothic\", in contrast to Carolingian minuscule, a highly legible script which the Humanists called littera antiqua, \"the ancient letter\", wrongly believing that it was the script used by the Romans. It was invented in the reign of Charlemagne, although only used significantly after that era.\r\nThe blackletter must not be confused either with the ancient alphabet of the Gothic language or with the sans-serif typefaces that are also sometimes called Gothic.\r\nTextualis, also known as textura or Gothic bookhand, was the most calligraphic form of blackletter, and today is the form most associated with \"Gothic\". Johannes Gutenberg carved a textualis typeface – including a large number of ligatures and common abbreviations – when he printed his 42-line Bible. However, the textualis was rarely used for typefaces afterwards.\r\nAccording to Dutch scholar Gerard Lieftinck, the pinnacle of use for blackletter was the fourteenth and fifteenth centuries. For Lieftinck, the highest form of textualis was littera textualis formata, used for de luxe manuscripts. The usual form, simply littera textualis, was used for literary works and university texts. Lieftinck\'s third form, littera textualis currens, was the cursive form of blackletter, extremely difficult to read and used for textual glosses, and less important books.\r\nTextualis was most widely used in France, the Low Countries, England, and Germany.\r\n(From http://calligraphy-expo.com/eng/AboutCalligraphy/Writing/FromTheDepthOfAges.aspx?ItemID=1413)'),(4136,84,2,48,0,'http://calligraphy-expo.com/eng/AboutCalligraphy/Writing/FromTheDepthOfAges.aspx?ItemID=1413 (Accessed: 7 November 2012)'),(4143,83,2,41,0,'\"Uncial is a majuscule script commonly used from the 3rd to 8th centuries AD by Latin and Greek scribes. From the 8th century to the 13th century the script was more often used as a display script in headings and titles.\r\nEarly uncial script most likely developed from late Old Roman cursive. Early forms are characterized by broad single stroke letters using simple round forms taking advantage of the new parchment and vellum surfaces, as opposed to the angular, multiple stroke letters which are more suited for rougher surfaces, such as papyrus. In the oldest examples of uncial, such as the De bellis macedonicis manuscript in the British Library, all of the letters are disconnected from one another, and word separation is typically not used. Word separation, however, is characteristic of later uncial usage.\r\nAs the script evolved over the centuries, the characters became more complex. Specifically, around AD 600, flourishes and exaggerations of the basic strokes began to appear in more manuscripts. Ascenders and descenders were the first major alterations, followed by twists of the tool in the basic stroke and overlapping. By the time the more compact minuscule scripts arose circa AD 800, some of the evolved uncial styles formed the basis for these simplified, smaller scripts. Uncial was still used, particularly for copies of the Bible, tapering off until around the 10th century. There are over 500 surviving copies of uncial script, by far the largest number prior to the Carolingian Renaissance.\r\nThere is some doubt about the exact meaning of the word. Uncial itself probably comes from St. Jerome\'s preface to the Book of Job, where it is found in the form uncialibus, but it is possible that this is a misreading of inicialibus, and Jerome may have been referring to the larger initial letters found at the beginning of paragraphs.\"\r\n\r\n(From http://calligraphy-expo.com/eng/AboutCalligraphy/Writing/FromTheDepthOfAges.aspx?ItemID=1413)'),(4142,83,2,49,0,'Graphic design (Typography)--History'),(4141,83,2,50,0,'\"Uncial Script\"'),(4153,38,2,40,0,'800 BC'),(4154,38,2,42,0,'Image'),(4149,38,2,50,0,'\"Greek Capital Script\"'),(4157,36,2,50,0,'\"Roman Capital Alphabet\"'),(4158,36,2,49,0,'Graphic design (Typography)--History'),(4159,36,2,41,0,'The Roman Capital Alphabet is the basis of modern capital letters. However, this alphabet was mainly used for inscriptions. For manuscripts, the Romans used Latin cursive.'),(4115,96,2,38,0,'<kml xmlns=\"http://earth.google.com/kml/2.0\"><Folder><name>OpenLayers export</name><description>Exported on Thu Nov 08 2012 15:52:13 GMT-0800 (Pacific Standard Time)</description></Folder></kml>||||osm\r\nItaly'),(4109,96,2,50,0,'\"Roman Majiscule and Miniscule\"'),(2505,109,3,74,0,'6'),(2506,109,3,75,0,'3'),(2507,109,3,73,0,'334'),(2508,109,3,72,0,'500'),(3634,105,2,37,0,'Iman Salehian'),(3635,105,2,38,0,'<kml xmlns=\"http://earth.google.com/kml/2.0\"><Folder><name>OpenLayers export</name><description>Exported on Thu Nov 08 2012 16:08:12 GMT-0800 (PST)</description></Folder></kml>||||osm\r\nN/A'),(3633,105,2,40,0,'2008-06-08'),(3632,105,2,48,0,'I Love Typography'),(3631,105,2,39,0,'Johno (iLT)'),(3628,105,2,50,0,'\"Characteristics of Slab-Serif Fonts\"'),(3629,105,2,49,0,'Basics Typography'),(3630,105,2,41,0,'An image illustrating the characteristics of slab-serif fonts. '),(2525,110,3,74,0,'8'),(2526,110,3,73,0,'591'),(2527,110,3,72,0,'500'),(3623,106,2,48,0,'Wikipedia'),(3624,106,2,40,0,'1993'),(3625,106,2,37,0,'Jim Hood'),(3626,106,2,38,0,'<kml xmlns=\"http://earth.google.com/kml/2.0\"><Folder><name>OpenLayers export</name><description>Exported on Thu Nov 08 2012 16:29:26 GMT-0800 (PST)</description></Folder></kml>||||osm\r\nCambridge, Massachusetts, United States'),(3622,106,2,39,0,'Matthew Carter'),(3620,106,2,49,0,'Typefaces'),(3621,106,2,41,0,'\"Georgia is a transitional serif typeface designed in 1993 by Matthew Carter and hinted by Tom Rickner for the Microsoft Corporation, as the serif companion to the first Microsoft sans serif screen font, Verdana.\"-Wikipedia'),(3619,106,2,50,0,'\"Georgia\"'),(2537,111,3,74,0,'8'),(2538,111,3,73,0,'591'),(2539,111,3,72,0,'500'),(3616,107,2,40,0,'1929'),(3617,107,2,37,0,'Jim Hood'),(3618,107,2,38,0,'<kml xmlns=\"http://earth.google.com/kml/2.0\"><Folder><name>OpenLayers export</name><description>Exported on Thu Nov 08 2012 16:29:28 GMT-0800 (PST)</description></Folder></kml>||||osm\r\nLondon, England'),(3615,107,2,48,0,'Wikipedia'),(3614,107,2,39,0,'Eric Gill'),(3611,107,2,50,0,'\"Perpetua\"'),(3612,107,2,49,0,'Typefaces'),(3613,107,2,41,0,'\"Perpetua is a typeface that was designed by English sculptor and typeface designer Eric Gill (1882–1940).\"-Wikipedia'),(2548,112,3,74,0,'8'),(2549,112,3,73,0,'591'),(2550,112,3,72,0,'500'),(3610,108,2,38,0,'<kml xmlns=\"http://earth.google.com/kml/2.0\"><Folder><name>OpenLayers export</name><description>Exported on Thu Nov 08 2012 16:28:49 GMT-0800 (PST)</description></Folder></kml>||||osm\r\nLondon, England'),(3609,108,2,37,0,'Jim Hood'),(3608,108,2,40,0,'1926'),(3607,108,2,48,0,'Wikipedia'),(3603,108,2,50,0,'\"Gill Sans\"'),(3604,108,2,49,0,'Typefaces'),(3605,108,2,41,0,'Gill Sans is a sans-serif typeface designed by Eric Gill.'),(3606,108,2,39,0,'Eric Gill'),(2559,113,3,74,0,'8'),(2560,113,3,73,0,'468'),(2561,113,3,72,0,'396'),(3602,109,2,38,0,'<kml xmlns=\"http://earth.google.com/kml/2.0\"><Folder><name>OpenLayers export</name><description>Exported on Thu Nov 08 2012 16:29:29 GMT-0800 (PST)</description></Folder></kml>||||osm\r\nLondon, England'),(3598,109,2,39,0,'Richard Austin'),(3599,109,2,48,0,'Wikipedia'),(3600,109,2,40,0,'1788'),(3601,109,2,37,0,'Jim Hood'),(3595,109,2,50,0,'\"Bell\"'),(3596,109,2,49,0,'Typefaces'),(3597,109,2,41,0,'\"Bell (sometimes known as John Bell) is a Scotch Roman typeface designed in 1788 by Richard Austin. After a short initial period of popularity, the face fell until disuse until it was revived in the 1930s, after which it enjoyed an enduring acceptance as a text face.\"-Wikipedia'),(2570,114,3,74,0,'8'),(2571,114,3,73,0,'591'),(2572,114,3,72,0,'500'),(3594,110,2,38,0,'<kml xmlns=\"http://earth.google.com/kml/2.0\"><Folder><name>OpenLayers export</name><description>Exported on Thu Nov 08 2012 16:29:30 GMT-0800 (PST)</description></Folder></kml>||||osm\r\nUSA'),(3593,110,2,37,0,'Alexhb'),(3590,110,2,39,0,'Hoefler & Frere-Jones'),(3591,110,2,48,0,'Wikipedia'),(3592,110,2,40,0,'2001'),(3587,110,2,50,0,'\"Archer\"'),(3588,110,2,49,0,'Typefaces'),(3589,110,2,41,0,'\"Archer is a slab serif style digital typeface designed in 2001 by Hoefler & Frere-Jones for use in Martha Stewart Living magazine. The face is unique for combining the geometric structure of twentieth century European slab-serifs but imbuing the face with a domestic, less strident tone of voice.\"-Wikipedia'),(4170,34,2,42,0,'Image'),(4171,34,2,38,0,'<kml xmlns=\"http://earth.google.com/kml/2.0\"><Folder><name>OpenLayers export</name><description>Exported on Thu Nov 08 2012 17:00:27 GMT-0800 (Pacific Standard Time)</description></Folder></kml>|0|0.0000000|0.0000000|osm\r\nSpain'),(3581,111,2,39,0,'Charles Bigelow'),(3582,111,2,39,0,'Kris Holmes'),(3583,111,2,48,0,'Wikipedia'),(3584,111,2,40,0,'1999'),(3585,111,2,37,0,'GJo'),(3586,111,2,38,0,'<kml xmlns=\"http://earth.google.com/kml/2.0\"><Folder><name>OpenLayers export</name><description>Exported on Thu Nov 08 2012 18:01:25 GMT-0800 (PST)</description></Folder></kml>||||osm\r\nDetroit, Michigan, United States'),(3578,111,2,50,0,'\"Lucida Grande\"'),(3579,111,2,49,0,'Typefaces'),(3580,111,2,41,0,'\"Lucida Grande is a humanist sans-serif typeface. It is a member of the Lucida family of typefaces designed by Charles Bigelow and Kris Holmes. It has been used throughout Mac OS X user interface since 1999, as well as in Safari for Windows up to the browser\'s version 3.2.3 released on May 12, 2009.\"-Wikipedia'),(2625,116,3,74,0,'8'),(2626,116,3,73,0,'591'),(2627,116,3,72,0,'500'),(3577,112,2,38,0,'<kml xmlns=\"http://earth.google.com/kml/2.0\"><Folder><name>OpenLayers export</name><description>Exported on Thu Nov 08 2012 18:10:46 GMT-0800 (PST)</description></Folder></kml>||||osm\r\nFrankfurt, Germany'),(3576,112,2,37,0,'Hans Hoogglans'),(3574,112,2,48,0,'Wikipedia'),(3575,112,2,40,0,'1952-1955'),(3573,112,2,39,0,'Hermann Zapf'),(3570,112,2,50,0,'\"Optima\"'),(3571,112,2,49,0,'Typefaces'),(3572,112,2,41,0,'\"Optima is a humanist sans-serif typeface designed by Hermann Zapf between 1952 and 1955 for the D. Stempel AG foundry, Frankfurt, Germany.\"-Wikipedia'),(2636,117,3,74,0,'8'),(2637,117,3,73,0,'590'),(2638,117,3,72,0,'500'),(3561,113,2,38,0,'<kml xmlns=\"http://earth.google.com/kml/2.0\"><Folder><name>OpenLayers export</name><description>Exported on Thu Nov 08 2012 18:13:09 GMT-0800 (PST)</description></Folder></kml>||||osm\r\nTurin, Italy'),(3557,113,2,39,0,'Aldo Novarese'),(3558,113,2,48,0,'Wikipedia'),(3559,113,2,40,0,'1962'),(3560,113,2,37,0,'Matt Bierner'),(3554,113,2,50,0,'\"Eurostile\"'),(3555,113,2,49,0,'Typefaces'),(3556,113,2,41,0,'\"The Eurostile type font style is a geometric sans-serif typeface designed by Aldo Novarese in 1962. Novarese originally made Eurostile for one of the best-known Italian foundries, Nebiolo, in Turin.\"-Wikipedia'),(2647,118,3,74,0,'5'),(2648,118,3,75,0,'3'),(2649,118,3,73,0,'288'),(2650,118,3,72,0,'432'),(4102,97,2,50,0,'\"Sumerian Cuneiform Script\"'),(4863,114,2,42,0,'Image'),(4864,114,2,38,0,'<kml xmlns=\"http://earth.google.com/kml/2.0\"><Folder><name>OpenLayers export</name><description>Exported on Thu Nov 08 2012 18:15:20 GMT-0800 (Pacific Standard Time)</description></Folder></kml>||||osm\r\nEngland'),(4857,114,2,49,0,'Graphic design (Typography)'),(4858,114,2,41,0,'The roman and italic types of John Baskerville c. 1772 appeared later than Fleischman\'s but are considered transitional and partly retrogressive with a return to lower contrast, smooth transaxial modeling, finely modeled bracketed serifs, and long stems. The exquisite design and finish of Baskerville\'s roman however, combining elegance and strength, was modern. His roman design, and especially his italic, were rococo-influenced. His designs did not visibly quote any previous types. They were informed by his prior experience as a writing master and the influences of his time. The types of Joseph Fry, Alexander Wilson, and John Bell closely followed Baskerville, and through his correspondence with European type founders Baskerville\'s influence penetrated most of western Europe. Baskerville was a meticulous artist who controlled all aspects of his creation, devising more accurate presses, blacker inks and paper sealed with hot rollers to ensure crisp impressions. Of particular note, the lower storey of his lowercase g does not fully close. Derivatives of Baskerville are often identified thus. A modern revival of Baskerville, a font called Mrs Eaves, is named after Baskerville\'s wife who was the widow of Richard Eaves.\r\n(From: http://en.wikipedia.org/wiki/History_of_Western_typography)'),(4865,114,2,7,0,'Photo'),(2660,119,3,74,0,'8'),(2661,119,3,73,0,'591'),(2662,119,3,72,0,'500'),(3550,115,2,48,0,'Wikipedia'),(3551,115,2,40,0,'1954'),(3552,115,2,37,0,'Sherbyte'),(3553,115,2,38,0,'<kml xmlns=\"http://earth.google.com/kml/2.0\"><Folder><name>OpenLayers export</name><description>Exported on Thu Nov 08 2012 18:15:37 GMT-0800 (PST)</description></Folder></kml>||||osm\r\nParis, France'),(3549,115,2,39,0,'Adrian Frutiger'),(3546,115,2,50,0,'\"Univers\"'),(3547,115,2,49,0,'Typefaces'),(3548,115,2,41,0,'\"Univers (French pronunciation: [ynivɛʁ], \"ünivair\") is the name of a realist sans-serif typeface designed by Adrian Frutiger in 1954.\"-Wikipedia'),(4862,114,2,37,0,'emoticon1234'),(4861,114,2,40,0,'1772'),(4859,114,2,39,0,'John Baskerville'),(4860,114,2,48,0,'http://www.dipity.com/emoticon1234/Graphic-Design-History/ (Accessed: 8 November 2012)'),(4856,114,2,50,0,'\"Baskerville\"'),(2681,120,3,74,0,'8'),(2682,120,3,73,0,'591'),(2683,120,3,72,0,'500'),(3545,116,2,38,0,'<kml xmlns=\"http://earth.google.com/kml/2.0\"><Folder><name>OpenLayers export</name><description>Exported on Thu Nov 08 2012 18:22:30 GMT-0800 (PST)</description></Folder></kml>||||osm\r\nBerlin, Germany'),(3541,116,2,39,0,'Günter Gerhard Lange'),(3542,116,2,48,0,'Wikipedia'),(3543,116,2,40,0,'1896'),(3544,116,2,37,0,'Jim Hood'),(3538,116,2,50,0,'\"Akzidenz-Grotesk\"'),(3539,116,2,49,0,'Typefaces'),(3540,116,2,41,0,'\"Akzidenz-Grotesk is a grotesque (early sans-serif) typeface originally released by the Berthold Type Foundry in 1896 under the name Accidenz-Grotesk. It was the first sans serif typeface to be widely used[citation needed] and influenced many later neo-grotesque typefaces after 1950.\"-Wikipedia'),(2692,121,3,74,0,'8'),(2693,121,3,73,0,'468'),(2694,121,3,72,0,'396'),(4091,117,2,7,0,'Photo'),(4085,117,2,39,0,'William Starling Burgess'),(4086,117,2,48,0,'http://en.wikipedia.org/wiki/Times_New_Roman (Accessed: 8 November 2012)'),(4087,117,2,40,0,'1931'),(4088,117,2,37,0,'Wikipedia user: Rbpolsen'),(4089,117,2,42,0,'Image'),(4090,117,2,38,0,'<kml xmlns=\"http://earth.google.com/kml/2.0\"><Folder><name>OpenLayers export</name><description>Exported on Thu Nov 08 2012 18:23:44 GMT-0800 (Pacific Standard Time)</description></Folder></kml>||||osm\r\nAmerica'),(4082,117,2,50,0,'\"Times New Roman\"'),(4083,117,2,49,0,'Graphic design (Typography)--History'),(4084,117,2,41,0,'Times New Roman is a serif typeface commissioned by the British newspaper The Times in 1931, created by Victor Lardent at the English branch of Monotype. It was commissioned after Stanley Morison had written an article criticizing The Times for being badly printed and typographically antiquated. The font was supervised by Morison and drawn by Victor Lardent, an artist from the advertising department of The Times. Morison used an older font named Plantin as the basis for his design, but made revisions for legibility and economy of space. Morison\'s revision became known as Times New Roman and made its debut in the 3 October 1932 issue of The Times newspaper. After one year, the design was released for commercial sale. The Times stayed with Times New Roman for 40 years, but new production techniques and the format change from broadsheet to tabloid in 2004 have caused the newspaper to switch font five times since 1972. However, all the new fonts have been variants of the original New Roman font.\r\n(From: http://en.wikipedia.org/wiki/Times_New_Roman)'),(4168,34,2,48,0,'http://calligraphy-expo.com/eng/AboutCalligraphy/Writing/FromTheDepthOfAges.aspx?ItemID=1413 (Accessed: 25 October 2012)'),(4169,34,2,40,0,'700'),(4166,34,2,49,0,'Graphic design (Typography)--History'),(4167,34,2,41,0,'Visigothic script was a type of medieval script that originated in the Visigothic kingdom in Hispania (the Iberian Peninsula, modern Spain and Portugal). Its more limiting alternative designations littera toletana and littera mozarabica associate it with scriptoria specifically in Toledo and with Mozarabic culture more generally, respectively.\r\nThe script, which exists in book-hand and cursive versions, was used from approximately the late seventh century until the thirteenth century, mostly in Visigothic Iberia but also somewhat in southern France. It was perfected in the 9th-11th centuries and declined afterwards. It developed from uncial script, and shares many features of uncial, especially an uncial form of the letter g.\r\n(From: http://en.wikipedia.org/wiki/Visigothic_script)'),(2743,122,3,74,0,'8'),(2744,122,3,73,0,'119'),(2745,122,3,72,0,'239'),(3999,24,2,41,0,'A website dedicated to typography and its history, notably featuring an interactive display of the fundamental aspects of the type anatomy.'),(3998,24,2,50,0,'Counter Space'),(2751,123,3,74,0,'8'),(2752,123,3,73,0,'578'),(2753,123,3,72,0,'632'),(3902,61,2,38,0,'<kml xmlns=\"http://earth.google.com/kml/2.0\"><Folder><name>OpenLayers export</name><description>Exported on Tue Nov 06 2012 07:47:00 GMT-0800 (PST)</description></Folder></kml>||||osm\r\nWorld Wide Web'),(2762,124,3,74,0,'8'),(2763,124,3,73,0,'256'),(2764,124,3,72,0,'296'),(3526,118,2,38,0,'<kml xmlns=\"http://earth.google.com/kml/2.0\"><Folder><name>OpenLayers export</name><description>Exported on Thu Nov 08 2012 19:42:56 GMT-0800 (PST)</description></Folder></kml>||||osm\r\nN/A'),(3527,118,2,7,0,'http://papress.com/thinkingwithtype/index.htm'),(3525,118,2,37,0,'Iman Salehian'),(3522,118,2,39,0,'Ellen Lupton'),(3523,118,2,48,0,'Thinking With Type'),(3524,118,2,40,0,'2007-11-28'),(3520,118,2,49,0,'Basics Typography'),(3521,118,2,41,0,'Screencap of, Thinking with Type: This site is the on-line companion to the book Thinking with Type: A Critical Guide for Designers, Writers, Editors, & Students, by Ellen Lupton. '),(3519,118,2,50,0,'\"Thinking With Type\"'),(2783,125,3,74,0,'8'),(2784,125,3,73,0,'4600'),(2785,125,3,72,0,'800'),(3518,119,2,38,0,'<kml xmlns=\"http://earth.google.com/kml/2.0\"><Folder><name>OpenLayers export</name><description>Exported on Thu Nov 08 2012 19:49:08 GMT-0800 (PST)</description></Folder></kml>||||osm\r\nN/A'),(3517,119,2,37,0,'Cliff Kuang'),(3516,119,2,40,0,'2011-08'),(3515,119,2,48,0,'Co. Design '),(3514,119,2,39,0,'Noodlor'),(3511,119,2,50,0,'Noodlor\'s \"Typegraphic\"'),(3512,119,2,49,0,'Basics Typography'),(3513,119,2,41,0,'\"A quick and comprehensive type guide\"'),(2794,126,3,74,0,'8'),(2795,126,3,73,0,'234'),(2796,126,3,72,0,'243'),(3509,120,2,38,0,'<kml xmlns=\"http://earth.google.com/kml/2.0\"><Folder><name>OpenLayers export</name><description>Exported on Thu Nov 08 2012 20:00:57 GMT-0800 (PST)</description></Folder></kml>||||osm\r\nN/A'),(3505,120,2,39,0,'Bas Jacobs et. al.'),(3506,120,2,48,0,'Typeworkshops.com'),(3507,120,2,40,0,'2003'),(3508,120,2,37,0,'Iman Salehian'),(3503,120,2,49,0,'Basics Typography'),(3504,120,2,41,0,'A screenshot of the site Typeworkshops.com: \"100% practical. Sketches have been made to explain some basic issues in type design during the workshops. They get used to point out some problems which raise while creating a new typeface. Only some foundations are shown, no deep sophisticated details.\"'),(3502,120,2,50,0,'\"Typeworkshops.com\"'),(2806,127,3,74,0,'8'),(2807,127,3,73,0,'168'),(2808,127,3,72,0,'206'),(3497,121,2,48,0,'Adobe.com'),(3498,121,2,40,0,'2012'),(3499,121,2,37,0,'Iman Salehian'),(3500,121,2,38,0,'<kml xmlns=\"http://earth.google.com/kml/2.0\"><Folder><name>OpenLayers export</name><description>Exported on Thu Nov 08 2012 20:06:13 GMT-0800 (PST)</description></Folder></kml>||||osm\r\nN/A'),(3496,121,2,39,0,'Adobe'),(3494,121,2,49,0,'Basics Typography'),(3495,121,2,41,0,'A screenshot of Adobe\'s \"Type Topics\": \"Type Topics is your source of information for important issues in typography today: everything from ampersands to OpenType® technology.\"'),(3493,121,2,50,0,'Adobe\'s \"Type Topics\"'),(2818,128,3,74,0,'8'),(2819,128,3,73,0,'182'),(2820,128,3,72,0,'339'),(3490,122,2,37,0,'Iman Salehian'),(3491,122,2,38,0,'<kml xmlns=\"http://earth.google.com/kml/2.0\"><Folder><name>OpenLayers export</name><description>Exported on Thu Nov 08 2012 20:10:17 GMT-0800 (PST)</description></Folder></kml>||||osm\r\nN/A'),(3489,122,2,40,0,'2012'),(3488,122,2,48,0,'typography.com'),(3487,122,2,39,0,'Hoelfer & Frere-Jones'),(3485,122,2,49,0,'Basics Typography'),(3486,122,2,41,0,'A screen shot of typography.com\'s \"Learn\" section, where Hoelfer and Frere-Jones offer advice on Typography.'),(3484,122,2,50,0,'Typography.com\'s \"Ask H & FJ\"'),(2830,129,3,74,0,'8'),(2831,129,3,73,0,'240'),(2832,129,3,72,0,'234'),(3482,123,2,38,0,'<kml xmlns=\"http://earth.google.com/kml/2.0\"><Folder><name>OpenLayers export</name><description>Exported on Thu Nov 08 2012 20:14:35 GMT-0800 (PST)</description></Folder></kml>||||osm\r\nN/A'),(3481,123,2,37,0,'Iman Salehian'),(3480,123,2,40,0,'2011-11-04'),(3479,123,2,48,0,'webdesign.tuts.com'),(3476,123,2,49,0,'Basics Typography'),(3477,123,2,41,0,'A screenshot of a typography tutorial. '),(3478,123,2,39,0,'Max Luzuriaga'),(3475,123,2,50,0,'\"Choosing the Right Font: A Practical Guide to Typography on the Web\"'),(2842,130,3,74,0,'8'),(2843,130,3,73,0,'147'),(2844,130,3,72,0,'231'),(3473,124,2,38,0,'<kml xmlns=\"http://earth.google.com/kml/2.0\"><Folder><name>OpenLayers export</name><description>Exported on Thu Nov 08 2012 20:17:05 GMT-0800 (PST)</description></Folder></kml>||||osm\r\nN/A'),(3472,124,2,37,0,'Iman Salehian'),(3471,124,2,40,0,'2011-09-01'),(3468,124,2,41,0,'A screencap linking to Maria Popova\'s article.'),(3469,124,2,39,0,'Maria Popova'),(3470,124,2,48,0,'Brain Pickings'),(3466,124,2,50,0,'\"10 Essential Books on Typography\"'),(3467,124,2,49,0,'Basics Typography'),(2871,131,3,74,0,'8'),(2872,131,3,73,0,'119'),(2873,131,3,72,0,'161'),(3464,125,2,38,0,'<kml xmlns=\"http://earth.google.com/kml/2.0\"><Folder><name>OpenLayers export</name><description>Exported on Thu Nov 08 2012 20:50:24 GMT-0800 (PST)</description></Folder></kml>||||osm\r\nN/A'),(3463,125,2,37,0,'Iman Salehian'),(3462,125,2,40,0,'2012'),(3461,125,2,48,0,'Design is History'),(3458,125,2,49,0,'Graphic design (Typography)-History'),(3459,125,2,41,0,'A screencap of Design is History\'s Typography site. '),(3460,125,2,39,0,'Design is History'),(3457,125,2,50,0,'\"Design Is History: Typography\"'),(2883,132,3,74,0,'8'),(2884,132,3,73,0,'198'),(2885,132,3,72,0,'724'),(3456,126,2,38,0,'<kml xmlns=\"http://earth.google.com/kml/2.0\"><Folder><name>OpenLayers export</name><description>Exported on Thu Nov 08 2012 20:55:33 GMT-0800 (PST)</description></Folder></kml>||||osm\r\nN/A'),(3453,126,2,48,0,'http://fontgame.ilovetypography.com'),(3454,126,2,40,0,'2012'),(3455,126,2,37,0,'Iman Salehian'),(3452,126,2,39,0,'I Love Typography'),(3449,126,2,50,0,'\"Font Game\"'),(3450,126,2,49,0,'Graphic Design (Typography)'),(3451,126,2,41,0,'A screen cap of I Love Typography\'s \"The Rather Difficult Font Game\", perfect for testing a typophile\'s type face recognition. '),(2894,133,3,74,0,'8'),(2895,133,3,73,0,'143'),(2896,133,3,72,0,'225'),(3447,127,2,38,0,'<kml xmlns=\"http://earth.google.com/kml/2.0\"><Folder><name>OpenLayers export</name><description>Exported on Thu Nov 08 2012 20:57:43 GMT-0800 (PST)</description></Folder></kml>||||osm\r\nN/A'),(3446,127,2,37,0,'Iman Salehian'),(3445,127,2,40,0,'2011'),(3444,127,2,48,0,'Thinking With Type'),(3441,127,2,49,0,'Graphic Design (Typography)'),(3442,127,2,41,0,'A screen cap of \"The Personals: A Typographic Dating Game\".'),(3443,127,2,39,0,'Ellen Lupton'),(3440,127,2,50,0,'\"The Personals: A Typographic Dating Game\"'),(4548,178,3,74,0,'8'),(4549,178,3,75,0,'3'),(2994,37,2,38,0,'<kml xmlns=\"http://earth.google.com/kml/2.0\"><Folder><name>OpenLayers export</name><description>Exported on Thu Nov 08 2012 21:08:49 GMT-0800 (Pacific Standard Time)</description></Folder></kml>||||osm\r\nLondon'),(2988,37,2,50,0,'Typographic Map of London'),(2997,35,2,50,0,'Example of a Typographic Map'),(3653,102,2,49,0,'Graphic Design (Typography)\r\n'),(3652,102,2,50,0,'Build Your Own Font'),(2942,101,2,6,0,'http://web.ebscohost.com/ehost/detail?sid=f2174988-862d-4592-b585-18878adb36c3%40sessionmgr112&vid=1&hid=125&bdata=JnNpdGU9ZWhvc3QtbGl2ZQ%3d%3d#db=a9h&AN=45594039'),(2951,98,2,6,0,'http://psd.tutsplus.com/articles/techniques/a-20-minute-intro-to-typography-basics/'),(4576,180,3,73,0,'357'),(4540,82,2,50,0,'Letterpress'),(2967,81,2,7,0,'Digital Design'),(2968,81,2,10,0,'212 × 43 pixels'),(2977,80,2,10,0,'209 x 53 pixels'),(2996,37,2,10,0,'36\" X 24\"'),(3006,35,2,10,0,'48inx30in'),(3027,31,2,14,0,'lamesville'),(3042,29,2,41,0,'An example of modular typeface, a new kind of typeface that is increasingly becoming more common.'),(3041,29,2,49,0,'Graphic Design (Typography)'),(3040,29,2,50,0,'Example of Modular Typeface'),(3060,128,2,49,0,'Graphic Design (Typography)-History '),(3061,128,2,41,0,'Hypothetical portrait of Johann Gutenberg, from 1584. -Harry Ransom Center '),(3062,128,2,39,0,'Harry Ransom Center'),(3063,128,2,48,0,'http://www.hrc.utexas.edu/exhibitions/permanent/gutenberg/html/3.html (11/8/2012)'),(3064,128,2,37,0,'University of Texas'),(3065,128,2,7,0,'painting'),(3066,135,3,74,0,'8'),(3067,135,3,75,0,'1'),(3068,135,3,77,0,'a:18:{s:8:\"FileName\";s:36:\"51b6db45d1b3f47ff188673bd8e50eb1.jpg\";s:12:\"FileDateTime\";i:1352440777;s:8:\"FileSize\";i:155002;s:8:\"FileType\";i:2;s:8:\"MimeType\";s:10:\"image/jpeg\";s:13:\"SectionsFound\";s:30:\"ANY_TAG, IFD0, THUMBNAIL, EXIF\";s:8:\"COMPUTED\";a:7:{s:4:\"html\";s:24:\"width=\"374\" height=\"480\"\";s:6:\"Height\";i:480;s:5:\"Width\";i:374;s:7:\"IsColor\";i:0;s:17:\"ByteOrderMotorola\";i:1;s:18:\"Thumbnail.FileType\";i:2;s:18:\"Thumbnail.MimeType\";s:10:\"image/jpeg\";}s:11:\"Orientation\";i:1;s:11:\"XResolution\";s:12:\"720000/10000\";s:11:\"YResolution\";s:12:\"720000/10000\";s:14:\"ResolutionUnit\";i:2;s:8:\"Software\";s:27:\"Adobe Photoshop CS2 Windows\";s:8:\"DateTime\";s:19:\"2007:03:18 23:11:44\";s:16:\"Exif_IFD_Pointer\";i:164;s:9:\"THUMBNAIL\";a:6:{s:11:\"Compression\";i:6;s:11:\"XResolution\";s:4:\"72/1\";s:11:\"YResolution\";s:4:\"72/1\";s:14:\"ResolutionUnit\";i:2;s:21:\"JPEGInterchangeFormat\";i:302;s:27:\"JPEGInterchangeFormatLength\";i:7562;}s:10:\"ColorSpace\";i:65535;s:14:\"ExifImageWidth\";i:374;s:15:\"ExifImageLength\";i:480;}'),(3069,135,3,76,0,'FileName:51b6db45d1b3f47ff188673bd8e50eb1.jpg\nFileDateTime:1352440777\nFileSize:155002\nFileType:2\nMimeType:image/jpeg\nSectionsFound:ANY_TAG, IFD0, THUMBNAIL, EXIF\nCOMPUTED:\n	html:width=\"374\" height=\"480\"\n	Height:480\n	Width:374\n	IsColor:0\n	ByteOrderMotorola:1\n	Thumbnail.FileType:2\n	Thumbnail.MimeType:image/jpeg\n\nOrientation:1\nXResolution:720000/10000\nYResolution:720000/10000\nResolutionUnit:2\nSoftware:Adobe Photoshop CS2 Windows\nDateTime:2007:03:18 23:11:44\nExif_IFD_Pointer:164\nTHUMBNAIL:\n	Compression:6\n	XResolution:72/1\n	YResolution:72/1\n	ResolutionUnit:2\n	JPEGInterchangeFormat:302\n	JPEGInterchangeFormatLength:7562\n\nColorSpace:65535\nExifImageWidth:374\nExifImageLength:480\n'),(3070,135,3,73,0,'480'),(3071,135,3,72,0,'374'),(3072,129,2,50,0,'Johannes Gutenberg 2'),(3073,129,2,41,0,'Johannes Gensfleisch zur Laden zum Gutenberg was a German blacksmith, goldsmith, printer, and publisher who introduced printing to Europe. -Wikipedia\r\n\r\nThis portrait was made after his death.'),(3074,129,2,39,0,'Unknown'),(3075,129,2,48,0,'Wikipedia'),(3076,129,2,40,0,'March 18, 2012'),(3077,129,2,37,0,'Liberal Freemason'),(3078,129,2,7,0,'Portrait'),(4122,95,2,51,0,'Image'),(4117,95,2,50,0,'\"Rotunda\"'),(4125,94,2,50,0,'\"Gothic Script\"'),(4137,84,2,40,0,'900'),(4133,84,2,50,0,'\"Old Italic Script\"'),(4165,34,2,50,0,'\"Visigothic Script\"'),(3144,136,3,74,0,'8'),(3145,136,3,75,0,'3'),(3146,136,3,77,0,'a:8:{s:8:\"FileName\";s:36:\"8ccea53ff15d730f64e8a5fe1318f8ec.jpg\";s:12:\"FileDateTime\";i:1352444017;s:8:\"FileSize\";i:69869;s:8:\"FileType\";i:2;s:8:\"MimeType\";s:10:\"image/jpeg\";s:13:\"SectionsFound\";s:7:\"COMMENT\";s:8:\"COMPUTED\";a:4:{s:4:\"html\";s:24:\"width=\"800\" height=\"541\"\";s:6:\"Height\";i:541;s:5:\"Width\";i:800;s:7:\"IsColor\";i:1;}s:7:\"COMMENT\";a:1:{i:0;s:71:\"File source: http://commons.wikimedia.org/wiki/File:Gutenberg_Bible.jpg\";}}'),(3147,136,3,76,0,'FileName:8ccea53ff15d730f64e8a5fe1318f8ec.jpg\nFileDateTime:1352444017\nFileSize:69869\nFileType:2\nMimeType:image/jpeg\nSectionsFound:COMMENT\nCOMPUTED:\n	html:width=\"800\" height=\"541\"\n	Height:541\n	Width:800\n	IsColor:1\n\nCOMMENT:\n	0:File source: http://commons.wikimedia.org/wiki/File:Gutenberg_Bible.jpg\n\n'),(3148,136,3,73,0,'541'),(3149,136,3,72,0,'800'),(4799,130,2,48,0,'Wikipedia (11/8/2012)'),(4798,130,2,39,0,'Johannes Gutenberg'),(4797,130,2,41,0,'This is a digital image of Gutenberg\'s Bible, created using the printing press.  This Bible is currently in the U.S. Library of Congress'),(4796,130,2,49,0,'Graphic Design (Typography)- History'),(4795,130,2,50,0,'The Gutenberg Bible'),(3158,137,3,74,0,'8'),(3159,137,3,75,0,'3'),(3160,137,3,73,0,'1036'),(3161,137,3,72,0,'709'),(4794,131,2,7,0,'Digital Image'),(4791,131,2,39,0,'Harry Ransom'),(4792,131,2,48,0,'http://www.hrc.utexas.edu/exhibitions/permanent/gutenberg/html/4.html (11/8/2012)'),(4789,131,2,49,0,'Graphic Design (Typography)- History'),(4790,131,2,41,0,'This is a sample of the type of print that Gutenberg\'s printing press used.'),(4070,153,3,73,0,'600'),(4071,153,3,72,0,'496'),(4886,215,3,74,0,'8'),(4880,145,2,48,0,'Wikipedia (11/25/12)'),(4881,145,2,40,0,'November 15, 2012'),(4069,153,3,76,0,'FileName:4668b8d50a70975dfeae76c9f9c5daa6.jpg\nFileDateTime:1353890961\nFileSize:25510\nFileType:2\nMimeType:image/jpeg\nSectionsFound:COMMENT\nCOMPUTED:\n	html:width=\"496\" height=\"600\"\n	Height:600\n	Width:496\n	IsColor:1\n\nCOMMENT:\n	0:File source: http://commons.wikimedia.org/wiki/File:John_Baskerville_by_James_Millar.jpg\n\n'),(4068,153,3,77,0,'a:8:{s:8:\"FileName\";s:36:\"4668b8d50a70975dfeae76c9f9c5daa6.jpg\";s:12:\"FileDateTime\";i:1353890961;s:8:\"FileSize\";i:25510;s:8:\"FileType\";i:2;s:8:\"MimeType\";s:10:\"image/jpeg\";s:13:\"SectionsFound\";s:7:\"COMMENT\";s:8:\"COMPUTED\";a:4:{s:4:\"html\";s:24:\"width=\"496\" height=\"600\"\";s:6:\"Height\";i:600;s:5:\"Width\";i:496;s:7:\"IsColor\";i:1;}s:7:\"COMMENT\";a:1:{i:0;s:88:\"File source: http://commons.wikimedia.org/wiki/File:John_Baskerville_by_James_Millar.jpg\";}}'),(4067,153,3,75,0,'3'),(4066,153,3,74,0,'8'),(4156,38,2,7,0,'Photo'),(4189,27,2,7,0,'Photo'),(4215,157,3,73,0,'72'),(4216,157,3,72,0,'500'),(4885,145,2,10,0,'73 × 59.7 cm'),(4884,145,2,7,0,'Oil Painting'),(4140,84,2,7,0,'Photo'),(4148,83,2,7,0,'Photo'),(4882,145,2,37,0,'N/A'),(4883,145,2,38,0,'<kml xmlns=\"http://earth.google.com/kml/2.0\"><Folder><name>OpenLayers export</name><description>Exported on Sun Nov 25 2012 16:43:40 GMT-0800 (Pacific Standard Time)</description></Folder></kml>||||osm\r\n1774'),(4876,145,2,50,0,'John Baskerville'),(4877,145,2,49,0,'Graphic Design (Typography)'),(4878,145,2,41,0,'A portrait of John Baskerville'),(4879,145,2,39,0,'James Miller'),(4214,157,3,76,0,'FileName:8b905c7a8c6bdbc3d36ab9f9e5c6b315.jpg\nFileDateTime:1354051771\nFileSize:50311\nFileType:2\nMimeType:image/jpeg\nSectionsFound:ANY_TAG, IFD0, THUMBNAIL, EXIF\nCOMPUTED:\n	html:width=\"500\" height=\"72\"\n	Height:72\n	Width:500\n	IsColor:1\n	ByteOrderMotorola:1\n	Thumbnail.FileType:2\n	Thumbnail.MimeType:image/jpeg\n\nOrientation:1\nXResolution:720000/10000\nYResolution:720000/10000\nResolutionUnit:2\nSoftware:Adobe Photoshop Elements 6.0 Macintosh\nDateTime:2012:11:27 13:25:48\nExif_IFD_Pointer:176\nTHUMBNAIL:\n	Compression:6\n	XResolution:72/1\n	YResolution:72/1\n	ResolutionUnit:2\n	JPEGInterchangeFormat:314\n	JPEGInterchangeFormatLength:2073\n\nColorSpace:65535\nExifImageWidth:500\nExifImageLength:72\n'),(3229,45,2,38,0,'<kml xmlns=\"http://earth.google.com/kml/2.0\"><Folder><name>OpenLayers export</name><description>Exported on Fri Nov 09 2012 06:41:27 GMT-0800 (PST)</description></Folder></kml>|0|0.0000000|0.0000000|osm\r\nLos Angeles, CA, USA'),(3226,45,2,39,0,'William Henry Lucas'),(3227,45,2,48,0,'http://classes.dma.ucla.edu/'),(3228,45,2,40,0,'Fall 2007'),(3223,45,2,50,0,'DESMA 25 Syllabus Fall 2007'),(3224,45,2,49,0,'Teaching--Outlines, syllabi, etc.'),(3225,45,2,41,0,'A syllabus from University of California Department f Media Design\'s (DESMA) \"Typography and Letterforms\" taught by Professor William Henry Lucas'),(4036,135,2,48,0,'http://classes.dma.ucla.edu/Spring06/25/'),(4037,135,2,40,0,'Spring 2006'),(4038,135,2,38,0,'<kml xmlns=\"http://earth.google.com/kml/2.0\"><Folder><name>OpenLayers export</name><description>Exported on Fri Nov 09 2012 07:12:08 GMT-0800 (PST)</description></Folder></kml>||||osm\r\nLos Angeles, CA, USA'),(4035,135,2,39,0,'Milka Broukhim'),(4032,135,2,50,0,'DESMA 25 Syllabus Spring 2006'),(4033,135,2,49,0,'Teaching--Outlines, syllabi, etc.'),(4034,135,2,41,0,'A syllabus from University of California Department f Media Design\'s (DESMA) \"Typography and Letterforms\" taught by Professor Milka Broukhim'),(4052,46,2,38,0,'<kml xmlns=\"http://earth.google.com/kml/2.0\"><Folder><name>OpenLayers export</name><description>Exported on Fri Nov 09 2012 07:28:44 GMT-0800 (PST)</description></Folder></kml>||||osm\r\nLos Angeles, CA, USA'),(4050,46,2,48,0,'http://classes.dma.ucla.edu/Fall08/25/ '),(4049,46,2,39,0,'Carla Barr'),(4048,46,2,41,0,'A syllabus from University of California Department f Media Design\'s (DESMA) \"Typography and Letterforms\" taught by Professor Carla Barr'),(4059,44,2,50,0,'DESMA 25 Syllabus Fall 2009'),(4060,44,2,49,0,'Teaching--Outlines, syllabi, etc.'),(4061,44,2,41,0,'A syllabus from University of California Department f Media Design\'s (DESMA) \"Typography and Letterforms\" taught by Professor Gail Swanlund'),(4062,44,2,39,0,'Gail Swanlund'),(4063,44,2,48,0,'http://classes.dma.ucla.edu/Fall09/25/'),(4039,13,2,50,0,'DESMA 25 Syllabus Spring 2011'),(3261,136,2,50,0,'DESMA 25 Syllabus Fall 2010'),(3262,136,2,49,0,'Teaching--Outlines, syllabi, etc.'),(3263,136,2,41,0,'A syllabus from University of California Department f Media Design\'s (DESMA) \"Typography and Letterforms\" taught by Professor Brian Roettinger'),(3264,136,2,39,0,'Brian Roettinger'),(3265,136,2,48,0,'http://classes.dma.ucla.edu/Fall10/25/resources.html '),(3266,136,2,40,0,'Fall 2010'),(3267,136,2,38,0,'<kml xmlns=\"http://earth.google.com/kml/2.0\"><Folder><name>OpenLayers export</name><description>Exported on Fri Nov 09 2012 08:36:00 GMT-0800 (PST)</description></Folder></kml>||||osm\r\nLos Angeles, CA, USA'),(4046,46,2,50,0,'DESMA 25 Syllabus Fall 2008'),(4047,46,2,49,0,'Teaching--Outlines, syllabi, etc.'),(3330,137,2,38,0,'<kml xmlns=\"http://earth.google.com/kml/2.0\"><Folder><name>OpenLayers export</name><description>Exported on Fri Nov 09 2012 08:40:19 GMT-0800 (PST)</description></Folder></kml>||||osm\r\nLos Angeles, CA, USA'),(3327,137,2,39,0,'Carolina Trigo'),(3324,137,2,50,0,'DESMA 25 Syllabus Winter 2011'),(3325,137,2,49,0,'Teaching--Outlines, syllabi, etc.'),(3326,137,2,41,0,'A syllabus from University of California Department f Media Design\'s (DESMA) \"Typography and Letterforms\" taught by Professor Carolina Trigo'),(3311,138,2,50,0,'DESMA 25 Syllabus Winter 2010'),(3312,138,2,49,0,'Teaching--Outlines, syllabi, etc.'),(3313,138,2,41,0,'A syllabus from University of California Department f Media Design\'s (DESMA) \"Typography and Letterforms\" taught by Professor Gail Swanlund'),(3314,138,2,39,0,'Gail Swanlund'),(3315,138,2,40,0,'Winter 2010'),(3316,138,2,38,0,'<kml xmlns=\"http://earth.google.com/kml/2.0\"><Folder><name>OpenLayers export</name><description>Exported on Fri Nov 09 2012 08:42:55 GMT-0800 (PST)</description></Folder></kml>||||osm\r\nLos Angeles, CA, USA'),(3329,137,2,40,0,'Winter 2011'),(3328,137,2,48,0,'http://classes.dma.ucla.edu/Winter11/25/ '),(3331,139,2,50,0,'DESMA 25 Syllabus Spring 2009'),(3332,139,2,49,0,'Teaching--Outlines, syllabi, etc.'),(3333,139,2,41,0,'A syllabus from University of California Department f Media Design\'s (DESMA) \"Typography and Letterforms\" taught by Professor Carla Barr'),(3334,139,2,39,0,'Carla Barr'),(3335,139,2,48,0,'http://classes.dma.ucla.edu/Spring09/25/resources.html'),(3336,139,2,40,0,'Fall 2009'),(3337,139,2,38,0,'<kml xmlns=\"http://earth.google.com/kml/2.0\"><Folder><name>OpenLayers export</name><description>Exported on Fri Nov 09 2012 08:47:46 GMT-0800 (PST)</description></Folder></kml>||||osm\r\nLos Angeles, CA, USA'),(3358,140,2,39,0,'Carolina Trigo'),(3359,140,2,48,0,'http://classes.dma.ucla.edu/Winter08/25/'),(3360,140,2,38,0,'<kml xmlns=\"http://earth.google.com/kml/2.0\"><Folder><name>OpenLayers export</name><description>Exported on Fri Nov 09 2012 08:51:48 GMT-0800 (PST)</description></Folder></kml>||||osm\r\nLos Angeles, CA, USA'),(3355,140,2,50,0,'DESMA 25 Syllabus Winter 2008'),(3356,140,2,49,0,'Teaching--Outlines, syllabi, etc.'),(3357,140,2,41,0,'A syllabus from University of California Department f Media Design\'s (DESMA) \"Typography and Letterforms\" taught by Professor Carolina Trigo'),(3344,141,2,50,0,'DESMA 25 Syllabus Winter 2007'),(3345,141,2,49,0,'Teaching--Outlines, syllabi, etc.'),(3346,141,2,41,0,'A syllabus from University of California Department f Media Design\'s (DESMA) \"Typography and Letterforms\" taught by Professor William Henry Lucas'),(3347,141,2,39,0,'William Henry Lucas'),(3348,141,2,38,0,'<kml xmlns=\"http://earth.google.com/kml/2.0\"><Folder><name>OpenLayers export</name><description>Exported on Fri Nov 09 2012 08:55:31 GMT-0800 (PST)</description></Folder></kml>||||osm\r\nLos Angeles, CA, USA'),(4029,142,2,39,0,'Carla barr'),(4030,142,2,48,0,'http://classes.dma.ucla.edu/Spring08/25/'),(4031,142,2,38,0,'<kml xmlns=\"http://earth.google.com/kml/2.0\"><Folder><name>OpenLayers export</name><description>Exported on Fri Nov 09 2012 08:57:46 GMT-0800 (PST)</description></Folder></kml>||||osm\r\nLos Angeles, CA, USA'),(4026,142,2,50,0,'DESMA 25 Syllabus Spring 2008'),(4027,142,2,49,0,'Teaching--Outlines, syllabi, etc.'),(4028,142,2,41,0,'A syllabus from University of California Department f Media Design\'s (DESMA) \"Typography and Letterforms\" taught by Professor Carla barr'),(3370,39,2,10,0,'396 × 468 pixels'),(3398,152,3,74,0,'8'),(3439,143,2,38,0,'<kml xmlns=\"http://earth.google.com/kml/2.0\"><Folder><name>OpenLayers export</name><description>Exported on Thu Nov 15 2012 20:24:53 GMT-0800 (PST)</description></Folder></kml>||||osm\r\nN/A'),(3438,143,2,37,0,'Method of Action'),(3437,143,2,40,0,'2012'),(3436,143,2,48,0,'shape.method.ac'),(3435,143,2,39,0,'Mark MacKay'),(3433,143,2,49,0,'Graphic Design (Typography)'),(3434,143,2,41,0,'A screenshot taken from, Shape Type, an interactive game in which you control bezier curves.'),(3432,143,2,50,0,'\"Shape Type\"'),(3379,151,3,74,0,'8'),(3380,151,3,73,0,'535'),(3381,151,3,72,0,'540'),(3399,152,3,73,0,'381'),(3400,152,3,72,0,'416'),(3431,144,2,38,0,'<kml xmlns=\"http://earth.google.com/kml/2.0\"><Folder><name>OpenLayers export</name><description>Exported on Thu Nov 15 2012 20:29:36 GMT-0800 (PST)</description></Folder></kml>||||osm\r\nN/A'),(3430,144,2,37,0,'Method of Action'),(3427,144,2,39,0,'Mark MacKay'),(3428,144,2,48,0,'http://type.method.ac'),(3429,144,2,40,0,'2012'),(3424,144,2,50,0,'\"Kern Type\"'),(3425,144,2,49,0,'Graphic Design (Typography)'),(3426,144,2,41,0,'\"Your mission is simple: achieve pleasant and readable text by distributing the space between letters. Typographers call this activity kerning. Your solution will be compared to a typographer\'s solution, and you will be given a score depending on how close you nailed it. Good luck!\"'),(4793,131,2,37,0,'University of Texas'),(4788,131,2,50,0,'Sample of Gutenberg\'s Print'),(3448,127,2,7,0,'http://papress.com/thinkingwithtype/the_personals/the_personals.htm'),(3465,125,2,7,0,'http://www.designishistory.com/design/typography/'),(3474,124,2,7,0,'http://www.brainpickings.org/index.php/2011/08/01/10-essential-books-on-typography/'),(3483,123,2,7,0,'http://webdesign.tutsplus.com/articles/choosing-the-right-font-a-practical-guide-to-typography-on-the-web/'),(3492,122,2,7,0,'http://www.typography.com/ask/recentTopic.php?path=head'),(3501,121,2,7,0,'http://www.adobe.com/type/topics/index.html'),(3510,120,2,7,0,'http://www.typeworkshop.com/index.php?id1=type-basics'),(3627,106,2,10,0,'198 × 234 pixels'),(3659,102,2,6,0,'http://www.fontstruct.com/'),(3684,92,2,38,0,'<kml xmlns=\"http://earth.google.com/kml/2.0\"><Folder><name>OpenLayers export</name><description>Exported on Thu Nov 08 2012 11:52:10 GMT-0800 (PST)</description></Folder></kml>||||osm\r\nN/A'),(3693,91,2,10,0,'400 × 450 pixels'),(3702,90,2,10,0,'468 × 553 pixels'),(3712,89,2,10,0,'468 × 553 pixels'),(3723,88,2,10,0,'396 × 468 pixels'),(3731,87,2,10,0,'198 × 235 pixels'),(3743,86,2,10,0,'200 × 240 pixels'),(3867,65,2,10,0,'468 × 553 pixels'),(3876,64,2,10,0,'198 × 234 pixels'),(3885,63,2,10,0,'198 × 234 pixels'),(3946,56,2,10,0,'198 × 234 pixels'),(3956,55,2,10,0,'200 × 240 pixels'),(3987,41,2,10,0,'396 × 468 pixels'),(3997,40,2,7,0,'200 × 240 pixels'),(4025,100,2,6,0,'http://www.designishistory.com/design/early-typographers/'),(4041,13,2,41,0,'A syllabus from University of California Department f Media Design\'s (DESMA) \"Typography and Letterforms\" taught by Professor Brian Roettinger.'),(4042,13,2,39,0,'Brian Roettinger'),(4043,13,2,48,0,'http://classes.dma.ucla.edu/Spring11/25/'),(4044,13,2,40,0,'Spring 2011'),(4045,13,2,38,0,'<kml xmlns=\"http://earth.google.com/kml/2.0\"><Folder><name>OpenLayers export</name><description>Exported on Wed Nov 21 2012 16:36:30 GMT-0800 (PST)</description></Folder></kml>||||osm\r\nLos Angeles, CA, United States'),(4055,10,2,41,0,'A syllabus from University of California Department f Media Design\'s (DESMA) \"Typography and Letterforms\" taught by Professor Rebeca Méndez.'),(4056,10,2,39,0,'Rebeca Méndez'),(4057,10,2,40,0,'Winter 2012'),(4058,10,2,38,0,'<kml xmlns=\"http://earth.google.com/kml/2.0\"><Folder><name>OpenLayers export</name><description>Exported on Wed Nov 21 2012 16:41:47 GMT-0800 (PST)</description></Folder></kml>||||osm\r\nLos Angeles, CA, United States'),(4213,157,3,77,0,'a:18:{s:8:\"FileName\";s:36:\"8b905c7a8c6bdbc3d36ab9f9e5c6b315.jpg\";s:12:\"FileDateTime\";i:1354051771;s:8:\"FileSize\";i:50311;s:8:\"FileType\";i:2;s:8:\"MimeType\";s:10:\"image/jpeg\";s:13:\"SectionsFound\";s:30:\"ANY_TAG, IFD0, THUMBNAIL, EXIF\";s:8:\"COMPUTED\";a:7:{s:4:\"html\";s:23:\"width=\"500\" height=\"72\"\";s:6:\"Height\";i:72;s:5:\"Width\";i:500;s:7:\"IsColor\";i:1;s:17:\"ByteOrderMotorola\";i:1;s:18:\"Thumbnail.FileType\";i:2;s:18:\"Thumbnail.MimeType\";s:10:\"image/jpeg\";}s:11:\"Orientation\";i:1;s:11:\"XResolution\";s:12:\"720000/10000\";s:11:\"YResolution\";s:12:\"720000/10000\";s:14:\"ResolutionUnit\";i:2;s:8:\"Software\";s:38:\"Adobe Photoshop Elements 6.0 Macintosh\";s:8:\"DateTime\";s:19:\"2012:11:27 13:25:48\";s:16:\"Exif_IFD_Pointer\";i:176;s:9:\"THUMBNAIL\";a:6:{s:11:\"Compression\";i:6;s:11:\"XResolution\";s:4:\"72/1\";s:11:\"YResolution\";s:4:\"72/1\";s:14:\"ResolutionUnit\";i:2;s:21:\"JPEGInterchangeFormat\";i:314;s:27:\"JPEGInterchangeFormatLength\";i:2073;}s:10:\"ColorSpace\";i:65535;s:14:\"ExifImageWidth\";i:500;s:15:\"ExifImageLength\";i:72;}'),(4212,157,3,75,0,'3'),(4211,157,3,74,0,'8'),(4210,146,2,50,0,'The Process header'),(4237,148,2,41,0,'This map segment shows an early design of the Neatline exhibit. Historical fonts were originally depicted as colored polygons, outlining the country where the font originated.'),(4233,158,3,74,0,'8'),(4234,158,3,73,0,'700'),(4235,158,3,72,0,'912'),(4279,149,2,42,0,'Image'),(4278,149,2,37,0,'Mateusz Gwizdala'),(4277,149,2,40,0,'27 November 2012'),(4276,149,2,39,0,'Mateusz Gwizdala'),(4275,149,2,41,0,'The Neatline exhibit in the \"Google Hybrid\" view'),(4251,159,3,74,0,'8'),(4252,159,3,75,0,'3'),(4253,159,3,77,0,'a:11:{s:8:\"FileName\";s:36:\"2aa248c0042bf36a1f3c50ca3d9ac4e2.jpg\";s:12:\"FileDateTime\";i:1354059609;s:8:\"FileSize\";i:576944;s:8:\"FileType\";i:2;s:8:\"MimeType\";s:10:\"image/jpeg\";s:13:\"SectionsFound\";s:13:\"ANY_TAG, IFD0\";s:8:\"COMPUTED\";a:5:{s:4:\"html\";s:24:\"width=\"909\" height=\"621\"\";s:6:\"Height\";i:621;s:5:\"Width\";i:909;s:7:\"IsColor\";i:1;s:17:\"ByteOrderMotorola\";i:1;}s:11:\"XResolution\";s:10:\"37795/1000\";s:11:\"YResolution\";s:10:\"37795/1000\";s:14:\"ResolutionUnit\";i:3;s:8:\"Software\";s:17:\"Paint.NET v3.5.10\";}'),(4243,148,2,7,0,'Photo'),(4238,148,2,39,0,'Mateusz Gwizdala'),(4239,148,2,40,0,'27 November 2012'),(4240,148,2,37,0,'Mateusz Gwizdala'),(4241,148,2,42,0,'Image'),(4242,148,2,38,0,'<kml xmlns=\"http://earth.google.com/kml/2.0\"><Folder><name>OpenLayers export</name><description>Exported on Tue Nov 27 2012 15:13:48 GMT-0800 (Pacific Standard Time)</description></Folder></kml>||||osm\r\nItaly'),(4236,148,2,50,0,'Early Version of Neatline Map'),(4217,147,2,50,0,'The Project header'),(4204,156,3,74,0,'8'),(4205,156,3,75,0,'3'),(4206,156,3,77,0,'a:18:{s:8:\"FileName\";s:36:\"edc851490207e919c56d2cfe28cc2810.jpg\";s:12:\"FileDateTime\";i:1354051724;s:8:\"FileSize\";i:60970;s:8:\"FileType\";i:2;s:8:\"MimeType\";s:10:\"image/jpeg\";s:13:\"SectionsFound\";s:30:\"ANY_TAG, IFD0, THUMBNAIL, EXIF\";s:8:\"COMPUTED\";a:7:{s:4:\"html\";s:23:\"width=\"500\" height=\"72\"\";s:6:\"Height\";i:72;s:5:\"Width\";i:500;s:7:\"IsColor\";i:1;s:17:\"ByteOrderMotorola\";i:1;s:18:\"Thumbnail.FileType\";i:2;s:18:\"Thumbnail.MimeType\";s:10:\"image/jpeg\";}s:11:\"Orientation\";i:1;s:11:\"XResolution\";s:12:\"720000/10000\";s:11:\"YResolution\";s:12:\"720000/10000\";s:14:\"ResolutionUnit\";i:2;s:8:\"Software\";s:38:\"Adobe Photoshop Elements 6.0 Macintosh\";s:8:\"DateTime\";s:19:\"2012:11:27 13:28:06\";s:16:\"Exif_IFD_Pointer\";i:176;s:9:\"THUMBNAIL\";a:6:{s:11:\"Compression\";i:6;s:11:\"XResolution\";s:4:\"72/1\";s:11:\"YResolution\";s:4:\"72/1\";s:14:\"ResolutionUnit\";i:2;s:21:\"JPEGInterchangeFormat\";i:314;s:27:\"JPEGInterchangeFormatLength\";i:2408;}s:10:\"ColorSpace\";i:65535;s:14:\"ExifImageWidth\";i:500;s:15:\"ExifImageLength\";i:72;}'),(4207,156,3,76,0,'FileName:edc851490207e919c56d2cfe28cc2810.jpg\nFileDateTime:1354051724\nFileSize:60970\nFileType:2\nMimeType:image/jpeg\nSectionsFound:ANY_TAG, IFD0, THUMBNAIL, EXIF\nCOMPUTED:\n	html:width=\"500\" height=\"72\"\n	Height:72\n	Width:500\n	IsColor:1\n	ByteOrderMotorola:1\n	Thumbnail.FileType:2\n	Thumbnail.MimeType:image/jpeg\n\nOrientation:1\nXResolution:720000/10000\nYResolution:720000/10000\nResolutionUnit:2\nSoftware:Adobe Photoshop Elements 6.0 Macintosh\nDateTime:2012:11:27 13:28:06\nExif_IFD_Pointer:176\nTHUMBNAIL:\n	Compression:6\n	XResolution:72/1\n	YResolution:72/1\n	ResolutionUnit:2\n	JPEGInterchangeFormat:314\n	JPEGInterchangeFormatLength:2408\n\nColorSpace:65535\nExifImageWidth:500\nExifImageLength:72\n'),(4208,156,3,73,0,'72'),(4209,156,3,72,0,'500'),(4254,159,3,76,0,'FileName:2aa248c0042bf36a1f3c50ca3d9ac4e2.jpg\nFileDateTime:1354059609\nFileSize:576944\nFileType:2\nMimeType:image/jpeg\nSectionsFound:ANY_TAG, IFD0\nCOMPUTED:\n	html:width=\"909\" height=\"621\"\n	Height:621\n	Width:909\n	IsColor:1\n	ByteOrderMotorola:1\n\nXResolution:37795/1000\nYResolution:37795/1000\nResolutionUnit:3\nSoftware:Paint.NET v3.5.10\n'),(4255,159,3,73,0,'621'),(4256,159,3,72,0,'909'),(4280,149,2,38,0,'<kml xmlns=\"http://earth.google.com/kml/2.0\"><Folder><name>OpenLayers export</name><description>Exported on Tue Nov 27 2012 15:34:34 GMT-0800 (Pacific Standard Time)</description></Folder></kml>||||osm\r\nEurope'),(4274,149,2,50,0,'Google Hybrid Map Sample'),(4265,160,3,74,0,'8'),(4266,160,3,75,0,'3'),(4267,160,3,77,0,'a:11:{s:8:\"FileName\";s:36:\"83b25c200f9cfb4df4cfb711d8e9aab6.jpg\";s:12:\"FileDateTime\";i:1354059730;s:8:\"FileSize\";i:488128;s:8:\"FileType\";i:2;s:8:\"MimeType\";s:10:\"image/jpeg\";s:13:\"SectionsFound\";s:13:\"ANY_TAG, IFD0\";s:8:\"COMPUTED\";a:5:{s:4:\"html\";s:24:\"width=\"909\" height=\"620\"\";s:6:\"Height\";i:620;s:5:\"Width\";i:909;s:7:\"IsColor\";i:1;s:17:\"ByteOrderMotorola\";i:1;}s:11:\"XResolution\";s:10:\"37795/1000\";s:11:\"YResolution\";s:10:\"37795/1000\";s:14:\"ResolutionUnit\";i:3;s:8:\"Software\";s:17:\"Paint.NET v3.5.10\";}'),(4268,160,3,76,0,'FileName:83b25c200f9cfb4df4cfb711d8e9aab6.jpg\nFileDateTime:1354059730\nFileSize:488128\nFileType:2\nMimeType:image/jpeg\nSectionsFound:ANY_TAG, IFD0\nCOMPUTED:\n	html:width=\"909\" height=\"620\"\n	Height:620\n	Width:909\n	IsColor:1\n	ByteOrderMotorola:1\n\nXResolution:37795/1000\nYResolution:37795/1000\nResolutionUnit:3\nSoftware:Paint.NET v3.5.10\n'),(4269,160,3,73,0,'620'),(4270,160,3,72,0,'909'),(4325,150,2,41,0,'The Neatline exhibit in the \"Open Street Map\" view'),(4324,150,2,50,0,'Open Street Map Sample'),(4281,149,2,7,0,'Photo'),(4282,161,3,74,0,'8'),(4283,161,3,75,0,'3'),(4284,161,3,77,0,'a:11:{s:8:\"FileName\";s:36:\"7335fb6d0ec9084340a48a5b2156292f.jpg\";s:12:\"FileDateTime\";i:1354059854;s:8:\"FileSize\";i:330791;s:8:\"FileType\";i:2;s:8:\"MimeType\";s:10:\"image/jpeg\";s:13:\"SectionsFound\";s:13:\"ANY_TAG, IFD0\";s:8:\"COMPUTED\";a:5:{s:4:\"html\";s:24:\"width=\"911\" height=\"624\"\";s:6:\"Height\";i:624;s:5:\"Width\";i:911;s:7:\"IsColor\";i:1;s:17:\"ByteOrderMotorola\";i:1;}s:11:\"XResolution\";s:10:\"37795/1000\";s:11:\"YResolution\";s:10:\"37795/1000\";s:14:\"ResolutionUnit\";i:3;s:8:\"Software\";s:17:\"Paint.NET v3.5.10\";}'),(4285,161,3,76,0,'FileName:7335fb6d0ec9084340a48a5b2156292f.jpg\nFileDateTime:1354059854\nFileSize:330791\nFileType:2\nMimeType:image/jpeg\nSectionsFound:ANY_TAG, IFD0\nCOMPUTED:\n	html:width=\"911\" height=\"624\"\n	Height:624\n	Width:911\n	IsColor:1\n	ByteOrderMotorola:1\n\nXResolution:37795/1000\nYResolution:37795/1000\nResolutionUnit:3\nSoftware:Paint.NET v3.5.10\n'),(4286,161,3,73,0,'624'),(4287,161,3,72,0,'911'),(4288,151,2,50,0,'Stamen Toner Map Sample'),(4289,151,2,41,0,'The Neatline exhibit in the \"Stamen Toner\" view'),(4290,151,2,39,0,'Mateusz Gwizdala'),(4291,151,2,40,0,'27 November 2012'),(4292,151,2,37,0,'Mateusz Gwizdala'),(4293,151,2,42,0,'Image'),(4294,151,2,38,0,'<kml xmlns=\"http://earth.google.com/kml/2.0\"><Folder><name>OpenLayers export</name><description>Exported on Tue Nov 27 2012 15:42:09 GMT-0800 (Pacific Standard Time)</description></Folder></kml>||||osm\r\nEurope'),(4295,151,2,7,0,'Photo'),(4296,162,3,74,0,'8'),(4297,162,3,75,0,'3'),(4298,162,3,77,0,'a:11:{s:8:\"FileName\";s:36:\"8a0ba2343dbe6525f1ee21980d3dd6d5.jpg\";s:12:\"FileDateTime\";i:1354059957;s:8:\"FileSize\";i:490443;s:8:\"FileType\";i:2;s:8:\"MimeType\";s:10:\"image/jpeg\";s:13:\"SectionsFound\";s:13:\"ANY_TAG, IFD0\";s:8:\"COMPUTED\";a:5:{s:4:\"html\";s:24:\"width=\"909\" height=\"621\"\";s:6:\"Height\";i:621;s:5:\"Width\";i:909;s:7:\"IsColor\";i:1;s:17:\"ByteOrderMotorola\";i:1;}s:11:\"XResolution\";s:10:\"37795/1000\";s:11:\"YResolution\";s:10:\"37795/1000\";s:14:\"ResolutionUnit\";i:3;s:8:\"Software\";s:17:\"Paint.NET v3.5.10\";}'),(4299,162,3,76,0,'FileName:8a0ba2343dbe6525f1ee21980d3dd6d5.jpg\nFileDateTime:1354059957\nFileSize:490443\nFileType:2\nMimeType:image/jpeg\nSectionsFound:ANY_TAG, IFD0\nCOMPUTED:\n	html:width=\"909\" height=\"621\"\n	Height:621\n	Width:909\n	IsColor:1\n	ByteOrderMotorola:1\n\nXResolution:37795/1000\nYResolution:37795/1000\nResolutionUnit:3\nSoftware:Paint.NET v3.5.10\n'),(4300,162,3,73,0,'621'),(4301,162,3,72,0,'909'),(4302,152,2,50,0,'Watercolor Map Sample'),(4303,152,2,41,0,'The Neatline exhibit in the \"Stamen Watercolor\" view'),(4304,152,2,39,0,'Mateusz Gwizdala'),(4305,152,2,40,0,'27 November 2012'),(4306,152,2,37,0,'Mateusz Gwizdala'),(4307,152,2,42,0,'Image'),(4308,152,2,38,0,'<kml xmlns=\"http://earth.google.com/kml/2.0\"><Folder><name>OpenLayers export</name><description>Exported on Tue Nov 27 2012 15:44:01 GMT-0800 (Pacific Standard Time)</description></Folder></kml>||||osm\r\nEurope'),(4309,152,2,7,0,'Photo'),(4310,163,3,74,0,'8'),(4311,163,3,75,0,'3'),(4312,163,3,77,0,'a:11:{s:8:\"FileName\";s:36:\"5a142ae4c5d7d9169149faf79b55fa00.jpg\";s:12:\"FileDateTime\";i:1354060109;s:8:\"FileSize\";i:465902;s:8:\"FileType\";i:2;s:8:\"MimeType\";s:10:\"image/jpeg\";s:13:\"SectionsFound\";s:13:\"ANY_TAG, IFD0\";s:8:\"COMPUTED\";a:5:{s:4:\"html\";s:24:\"width=\"909\" height=\"621\"\";s:6:\"Height\";i:621;s:5:\"Width\";i:909;s:7:\"IsColor\";i:1;s:17:\"ByteOrderMotorola\";i:1;}s:11:\"XResolution\";s:10:\"37795/1000\";s:11:\"YResolution\";s:10:\"37795/1000\";s:14:\"ResolutionUnit\";i:3;s:8:\"Software\";s:17:\"Paint.NET v3.5.10\";}'),(4313,163,3,76,0,'FileName:5a142ae4c5d7d9169149faf79b55fa00.jpg\nFileDateTime:1354060109\nFileSize:465902\nFileType:2\nMimeType:image/jpeg\nSectionsFound:ANY_TAG, IFD0\nCOMPUTED:\n	html:width=\"909\" height=\"621\"\n	Height:621\n	Width:909\n	IsColor:1\n	ByteOrderMotorola:1\n\nXResolution:37795/1000\nYResolution:37795/1000\nResolutionUnit:3\nSoftware:Paint.NET v3.5.10\n'),(4314,163,3,73,0,'621'),(4315,163,3,72,0,'909'),(4316,153,2,50,0,'Google Satellite Map Sample'),(4317,153,2,41,0,'The Neatline exhibit in the \"Google Satellite\" view'),(4318,153,2,39,0,'Mateusz Gwizdala'),(4319,153,2,40,0,'27 November 2012'),(4320,153,2,37,0,'Mateusz Gwizdala'),(4321,153,2,42,0,'Image'),(4322,153,2,38,0,'<kml xmlns=\"http://earth.google.com/kml/2.0\"><Folder><name>OpenLayers export</name><description>Exported on Tue Nov 27 2012 15:46:15 GMT-0800 (Pacific Standard Time)</description></Folder></kml>||||osm\r\nEurope'),(4323,153,2,7,0,'Photo'),(4326,150,2,39,0,'Mateusz Gwizdala'),(4327,150,2,40,0,'27 November 2012'),(4328,150,2,37,0,'Mateusz Gwizdala'),(4329,150,2,42,0,'Image'),(4330,150,2,38,0,'<kml xmlns=\"http://earth.google.com/kml/2.0\"><Folder><name>OpenLayers export</name><description>Exported on Tue Nov 27 2012 15:48:19 GMT-0800 (Pacific Standard Time)</description></Folder></kml>||||osm\r\nEurope'),(4331,150,2,7,0,'Photo'),(4351,154,2,38,0,'<kml xmlns=\"http://earth.google.com/kml/2.0\"><Folder><name>OpenLayers export</name><description>Exported on Tue Nov 27 2012 16:46:49 GMT-0800 (Pacific Standard Time)</description></Folder></kml>||||osm\r\nLeipzig, Germany'),(4350,154,2,42,0,'Image'),(4349,154,2,37,0,'Mateusz Gwizdala'),(4348,154,2,40,0,'27 November 2012'),(4345,154,2,50,0,'Too Much Zoom Example'),(4346,154,2,41,0,'An example of how Neatline zooms in more than is necessary for our purposes'),(4347,154,2,39,0,'Mateusz Gwizdala'),(4339,164,3,74,0,'8'),(4340,164,3,75,0,'3'),(4341,164,3,77,0,'a:11:{s:8:\"FileName\";s:36:\"77bd26aab235dec22f3ff73587671df6.jpg\";s:12:\"FileDateTime\";i:1354063830;s:8:\"FileSize\";i:373405;s:8:\"FileType\";i:2;s:8:\"MimeType\";s:10:\"image/jpeg\";s:13:\"SectionsFound\";s:13:\"ANY_TAG, IFD0\";s:8:\"COMPUTED\";a:5:{s:4:\"html\";s:24:\"width=\"691\" height=\"503\"\";s:6:\"Height\";i:503;s:5:\"Width\";i:691;s:7:\"IsColor\";i:1;s:17:\"ByteOrderMotorola\";i:1;}s:11:\"XResolution\";s:10:\"37795/1000\";s:11:\"YResolution\";s:10:\"37795/1000\";s:14:\"ResolutionUnit\";i:3;s:8:\"Software\";s:17:\"Paint.NET v3.5.10\";}'),(4342,164,3,76,0,'FileName:77bd26aab235dec22f3ff73587671df6.jpg\nFileDateTime:1354063830\nFileSize:373405\nFileType:2\nMimeType:image/jpeg\nSectionsFound:ANY_TAG, IFD0\nCOMPUTED:\n	html:width=\"691\" height=\"503\"\n	Height:503\n	Width:691\n	IsColor:1\n	ByteOrderMotorola:1\n\nXResolution:37795/1000\nYResolution:37795/1000\nResolutionUnit:3\nSoftware:Paint.NET v3.5.10\n'),(4343,164,3,73,0,'503'),(4344,164,3,72,0,'691'),(4352,154,2,7,0,'Photo'),(4353,165,3,74,0,'8'),(4354,165,3,75,0,'3'),(4355,165,3,77,0,'a:11:{s:8:\"FileName\";s:36:\"0f86740690ea5abdfe3e46ae93a4224c.jpg\";s:12:\"FileDateTime\";i:1354065151;s:8:\"FileSize\";i:99481;s:8:\"FileType\";i:2;s:8:\"MimeType\";s:10:\"image/jpeg\";s:13:\"SectionsFound\";s:13:\"ANY_TAG, IFD0\";s:8:\"COMPUTED\";a:5:{s:4:\"html\";s:24:\"width=\"338\" height=\"435\"\";s:6:\"Height\";i:435;s:5:\"Width\";i:338;s:7:\"IsColor\";i:1;s:17:\"ByteOrderMotorola\";i:1;}s:11:\"XResolution\";s:10:\"37795/1000\";s:11:\"YResolution\";s:10:\"37795/1000\";s:14:\"ResolutionUnit\";i:3;s:8:\"Software\";s:17:\"Paint.NET v3.5.10\";}'),(4356,165,3,76,0,'FileName:0f86740690ea5abdfe3e46ae93a4224c.jpg\nFileDateTime:1354065151\nFileSize:99481\nFileType:2\nMimeType:image/jpeg\nSectionsFound:ANY_TAG, IFD0\nCOMPUTED:\n	html:width=\"338\" height=\"435\"\n	Height:435\n	Width:338\n	IsColor:1\n	ByteOrderMotorola:1\n\nXResolution:37795/1000\nYResolution:37795/1000\nResolutionUnit:3\nSoftware:Paint.NET v3.5.10\n'),(4357,165,3,73,0,'435'),(4358,165,3,72,0,'338'),(4359,155,2,50,0,'Item Menu Example'),(4360,155,2,41,0,'A sample of the item menu from the Neatline exhibit.'),(4361,155,2,39,0,'Mateusz Gwizdala'),(4362,155,2,40,0,'27 November 2012'),(4363,155,2,37,0,'Mateusz Gwizdala'),(4364,155,2,42,0,'Image'),(4365,155,2,7,0,'Photo'),(4366,166,3,74,0,'8'),(4367,166,3,75,0,'3'),(4368,166,3,77,0,'a:9:{s:8:\"FileName\";s:36:\"fde73347d68a10eccc1d17802f4c47e5.jpg\";s:12:\"FileDateTime\";i:1354076830;s:8:\"FileSize\";i:218910;s:8:\"FileType\";i:2;s:8:\"MimeType\";s:10:\"image/jpeg\";s:13:\"SectionsFound\";s:11:\"IFD0, APP12\";s:8:\"COMPUTED\";a:5:{s:4:\"html\";s:24:\"width=\"600\" height=\"436\"\";s:6:\"Height\";i:436;s:5:\"Width\";i:600;s:7:\"IsColor\";i:1;s:17:\"ByteOrderMotorola\";i:0;}s:7:\"Company\";s:5:\"Ducky\";s:4:\"Info\";s:1:\"\";}'),(4369,166,3,76,0,'FileName:fde73347d68a10eccc1d17802f4c47e5.jpg\nFileDateTime:1354076830\nFileSize:218910\nFileType:2\nMimeType:image/jpeg\nSectionsFound:IFD0, APP12\nCOMPUTED:\n	html:width=\"600\" height=\"436\"\n	Height:436\n	Width:600\n	IsColor:1\n	ByteOrderMotorola:0\n\nCompany:Ducky\nInfo:\n'),(4370,166,3,73,0,'436'),(4371,166,3,72,0,'600'),(4874,156,2,7,0,'Book'),(4875,156,2,10,0,'24.5 × 18.5 cm'),(4873,156,2,38,0,'<kml xmlns=\"http://earth.google.com/kml/2.0\"><Folder><name>OpenLayers export</name><description>Exported on Tue Nov 27 2012 20:07:24 GMT-0800 (Pacific Standard Time)</description></Folder></kml>||||osm\r\n1750'),(4872,156,2,37,0,'Gwen Dombrosky'),(4869,156,2,39,0,'John Baskerville'),(4870,156,2,48,0,'Kalamalk Press (11/27/12)'),(4871,156,2,40,0,'2012'),(4867,156,2,49,0,'Graphic Design (Typography)'),(4868,156,2,41,0,'This is an image of a copy of Milton\'s \"Paradise Lost\" that was created using Baskerville\'s printing press.  The work is considered one of Baskerville\'s most famous pieces and exemplifies clearly the font that made him famous.'),(4382,167,3,74,0,'8'),(4383,167,3,75,0,'3'),(4384,167,3,77,0,'a:11:{s:8:\"FileName\";s:36:\"ec8fe644b877aaad7becc763dd4f10d4.jpg\";s:12:\"FileDateTime\";i:1354081205;s:8:\"FileSize\";i:113427;s:8:\"FileType\";i:2;s:8:\"MimeType\";s:10:\"image/jpeg\";s:13:\"SectionsFound\";s:13:\"ANY_TAG, IFD0\";s:8:\"COMPUTED\";a:5:{s:4:\"html\";s:24:\"width=\"388\" height=\"403\"\";s:6:\"Height\";i:403;s:5:\"Width\";i:388;s:7:\"IsColor\";i:1;s:17:\"ByteOrderMotorola\";i:1;}s:11:\"XResolution\";s:10:\"37795/1000\";s:11:\"YResolution\";s:10:\"37795/1000\";s:14:\"ResolutionUnit\";i:3;s:8:\"Software\";s:17:\"Paint.NET v3.5.10\";}'),(4385,167,3,76,0,'FileName:ec8fe644b877aaad7becc763dd4f10d4.jpg\nFileDateTime:1354081205\nFileSize:113427\nFileType:2\nMimeType:image/jpeg\nSectionsFound:ANY_TAG, IFD0\nCOMPUTED:\n	html:width=\"388\" height=\"403\"\n	Height:403\n	Width:388\n	IsColor:1\n	ByteOrderMotorola:1\n\nXResolution:37795/1000\nYResolution:37795/1000\nResolutionUnit:3\nSoftware:Paint.NET v3.5.10\n'),(4386,167,3,73,0,'403'),(4387,167,3,72,0,'388'),(4388,157,2,50,0,'Context Bar Example'),(4389,157,2,41,0,'This screen capture from the Neatline editor shows how the scale of the timeline context bar can be altered.'),(4390,157,2,39,0,'Mateusz Gwizdala'),(4391,157,2,40,0,'27 November 2012'),(4392,157,2,37,0,'Mateusz Gwizdala'),(4393,157,2,42,0,'Image'),(4394,157,2,7,0,'Photo'),(4395,168,3,74,0,'8'),(4396,168,3,75,0,'3'),(4397,168,3,77,0,'a:21:{s:8:\"FileName\";s:36:\"de3b955f86c24f53f3c418f7f41a7d44.jpg\";s:12:\"FileDateTime\";i:1354090673;s:8:\"FileSize\";i:93461;s:8:\"FileType\";i:2;s:8:\"MimeType\";s:10:\"image/jpeg\";s:13:\"SectionsFound\";s:30:\"ANY_TAG, IFD0, THUMBNAIL, EXIF\";s:8:\"COMPUTED\";a:8:{s:4:\"html\";s:24:\"width=\"354\" height=\"240\"\";s:6:\"Height\";i:240;s:5:\"Width\";i:354;s:7:\"IsColor\";i:1;s:17:\"ByteOrderMotorola\";i:1;s:9:\"Copyright\";s:29:\"photo'),(4398,168,3,76,0,'FileName:de3b955f86c24f53f3c418f7f41a7d44.jpg\nFileDateTime:1354090673\nFileSize:93461\nFileType:2\nMimeType:image/jpeg\nSectionsFound:ANY_TAG, IFD0, THUMBNAIL, EXIF\nCOMPUTED:\n	html:width=\"354\" height=\"240\"\n	Height:240\n	Width:354\n	IsColor:1\n	ByteOrderMotorola:1\n	Copyright:photo'),(4399,168,3,73,0,'240'),(4400,168,3,79,0,'a:3:{s:7:\"caption\";s:45:\"TSCHICHOLD, JAN 1963      '),(4401,168,3,78,0,'caption:TSCHICHOLD, JAN 1963      '),(4402,168,3,72,0,'354'),(4418,158,2,37,0,'Sandstein'),(4419,158,2,38,0,'<kml xmlns=\"http://earth.google.com/kml/2.0\"><Folder><name>OpenLayers export</name><description>Exported on Wed Nov 28 2012 00:12:15 GMT-0800 (Pacific Standard Time)</description></Folder></kml>||||osm\r\n1963'),(4417,158,2,40,0,'October 18, 2012'),(4416,158,2,48,0,'Wikipedia 11/28/2012'),(4415,158,2,39,0,'Erling Mandelmann'),(4413,158,2,49,0,'Graphic Design (Typography)- History'),(4414,158,2,41,0,'A picture of the 20th Century typography Jan Tschichold'),(4412,158,2,50,0,'Jan Tschichold'),(4420,158,2,7,0,'Photo'),(4421,169,3,74,0,'8'),(4422,169,3,75,0,'3'),(4423,169,3,77,0,'a:9:{s:8:\"FileName\";s:36:\"aee2e015c697014f53d0a812458af865.jpg\";s:12:\"FileDateTime\";i:1354091177;s:8:\"FileSize\";i:200277;s:8:\"FileType\";i:2;s:8:\"MimeType\";s:10:\"image/jpeg\";s:13:\"SectionsFound\";s:11:\"IFD0, APP12\";s:8:\"COMPUTED\";a:5:{s:4:\"html\";s:25:\"width=\"746\" height=\"1236\"\";s:6:\"Height\";i:1236;s:5:\"Width\";i:746;s:7:\"IsColor\";i:1;s:17:\"ByteOrderMotorola\";i:0;}s:7:\"Company\";s:5:\"Ducky\";s:4:\"Info\";s:1:\"\";}'),(4424,169,3,76,0,'FileName:aee2e015c697014f53d0a812458af865.jpg\nFileDateTime:1354091177\nFileSize:200277\nFileType:2\nMimeType:image/jpeg\nSectionsFound:IFD0, APP12\nCOMPUTED:\n	html:width=\"746\" height=\"1236\"\n	Height:1236\n	Width:746\n	IsColor:1\n	ByteOrderMotorola:0\n\nCompany:Ducky\nInfo:\n'),(4425,169,3,73,0,'1236'),(4426,169,3,72,0,'746'),(4427,159,2,50,0,'Penguin Book Cover'),(4428,159,2,49,0,'Graphic Design (Typography)- History '),(4429,159,2,41,0,'A look at one of Tschichold\'s original cover designs for the publishing company, Penguin Books.'),(4430,159,2,39,0,'Jan Tschichold'),(4431,159,2,48,0,'Design Is History (11/28/2012)'),(4432,159,2,40,0,'N/A'),(4433,159,2,37,0,' Dominic Flask'),(4434,159,2,7,0,'Book Cover'),(4435,170,3,74,0,'8'),(4436,170,3,75,0,'3'),(4437,170,3,77,0,'a:9:{s:8:\"FileName\";s:36:\"a189c6da4d4e6e90fa231a41df55e1e6.jpg\";s:12:\"FileDateTime\";i:1354091995;s:8:\"FileSize\";i:49824;s:8:\"FileType\";i:2;s:8:\"MimeType\";s:10:\"image/jpeg\";s:13:\"SectionsFound\";s:11:\"IFD0, APP12\";s:8:\"COMPUTED\";a:5:{s:4:\"html\";s:24:\"width=\"746\" height=\"531\"\";s:6:\"Height\";i:531;s:5:\"Width\";i:746;s:7:\"IsColor\";i:1;s:17:\"ByteOrderMotorola\";i:0;}s:7:\"Company\";s:5:\"Ducky\";s:4:\"Info\";s:1:\"\";}'),(4438,170,3,76,0,'FileName:a189c6da4d4e6e90fa231a41df55e1e6.jpg\nFileDateTime:1354091995\nFileSize:49824\nFileType:2\nMimeType:image/jpeg\nSectionsFound:IFD0, APP12\nCOMPUTED:\n	html:width=\"746\" height=\"531\"\n	Height:531\n	Width:746\n	IsColor:1\n	ByteOrderMotorola:0\n\nCompany:Ducky\nInfo:\n'),(4439,170,3,73,0,'531'),(4440,170,3,72,0,'746'),(4441,160,2,50,0,'Example of Sabon'),(4442,160,2,49,0,'Graphic Design (Typography)- History'),(4443,160,2,41,0,'Sabon was one of Tschichold\'s completed typefaces. It has been revived as Sabon Next by Jean Francois Porchez for Linotype. - Design Is History'),(4444,160,2,39,0,'Jan Tschichold'),(4445,160,2,48,0,'Design Is History (11/28/2012)'),(4446,160,2,40,0,'N/A'),(4447,160,2,37,0,'Dominic Flask'),(4448,160,2,7,0,'Paper'),(4449,171,3,74,0,'8'),(4450,171,3,75,0,'3'),(4451,171,3,77,0,'a:8:{s:8:\"FileName\";s:36:\"b8f08d7f30597c5a14888b5f3fba3e6d.jpg\";s:12:\"FileDateTime\";i:1354130283;s:8:\"FileSize\";i:11527;s:8:\"FileType\";i:2;s:8:\"MimeType\";s:10:\"image/jpeg\";s:13:\"SectionsFound\";s:7:\"COMMENT\";s:8:\"COMPUTED\";a:4:{s:4:\"html\";s:24:\"width=\"195\" height=\"261\"\";s:6:\"Height\";i:261;s:5:\"Width\";i:195;s:7:\"IsColor\";i:1;}s:7:\"COMMENT\";a:1:{i:0;s:28:\"LEAD Technologies Inc. V1.01\";}}'),(4452,171,3,76,0,'FileName:b8f08d7f30597c5a14888b5f3fba3e6d.jpg\nFileDateTime:1354130283\nFileSize:11527\nFileType:2\nMimeType:image/jpeg\nSectionsFound:COMMENT\nCOMPUTED:\n	html:width=\"195\" height=\"261\"\n	Height:261\n	Width:195\n	IsColor:1\n\nCOMMENT:\n	0:LEAD Technologies Inc. V1.01\n\n'),(4453,171,3,73,0,'261'),(4454,171,3,72,0,'195'),(4455,161,2,50,0,'Printing Press'),(4456,161,2,49,0,'Graphic Design (Typography)- History'),(4457,161,2,41,0,'This is an example of a printing press.  The design remained relatively the same from the time of Gutenberg until the 19th Century.'),(4458,161,2,39,0,'Unknown'),(4459,161,2,48,0,'Happy Press (11/28/2012)'),(4460,161,2,40,0,'July 14, 2012'),(4461,161,2,37,0,'Happy Press Admin.'),(4462,161,2,7,0,'Drawing'),(4463,172,3,74,0,'8'),(4464,172,3,73,0,'600'),(4465,172,3,72,0,'420'),(4478,162,2,48,0,'Wikipedia (11/28/2012)'),(4477,162,2,39,0,'Daniel Ullrich'),(4476,162,2,41,0,'A piece of cast metal type that would be used on a printing press. (Wikipedia)  '),(4475,162,2,49,0,'Graphic Design (Typography)- History'),(4474,162,2,50,0,'Movable Metal Type'),(4479,162,2,40,0,'May 31, 2008'),(4480,162,2,37,0,'Magnus Manske'),(4481,162,2,7,0,'Cast metal type'),(4482,173,3,74,0,'8'),(4483,173,3,75,0,'3'),(4484,173,3,77,0,'a:7:{s:8:\"FileName\";s:36:\"b4c8f80f07b81df4e0438b8ad2373cf4.jpg\";s:12:\"FileDateTime\";i:1354131037;s:8:\"FileSize\";i:105053;s:8:\"FileType\";i:2;s:8:\"MimeType\";s:10:\"image/jpeg\";s:13:\"SectionsFound\";s:0:\"\";s:8:\"COMPUTED\";a:4:{s:4:\"html\";s:24:\"width=\"668\" height=\"548\"\";s:6:\"Height\";i:548;s:5:\"Width\";i:668;s:7:\"IsColor\";i:1;}}'),(4485,173,3,76,0,'FileName:b4c8f80f07b81df4e0438b8ad2373cf4.jpg\nFileDateTime:1354131037\nFileSize:105053\nFileType:2\nMimeType:image/jpeg\nSectionsFound:\nCOMPUTED:\n	html:width=\"668\" height=\"548\"\n	Height:548\n	Width:668\n	IsColor:1\n\n'),(4486,173,3,73,0,'548'),(4487,173,3,72,0,'668'),(4488,163,2,50,0,'Item Mapping Example: Zoomed Out'),(4489,163,2,39,0,'Mateusz Gwizdala'),(4490,163,2,37,0,'Mateusz Gwizdala'),(4491,163,2,42,0,'Image'),(4492,174,3,74,0,'8'),(4493,174,3,73,0,'169'),(4494,174,3,72,0,'512'),(4507,164,2,48,0,'Wikipedia (11/28/2012)'),(4506,164,2,39,0,'Peter Flynn'),(4505,164,2,41,0,'This is a diagram of how letterpress printing works.'),(4504,164,2,49,0,'Graphic Design (Typography)- History'),(4503,164,2,50,0,'Letterpress Diagram'),(4508,164,2,40,0,'May 18, 2004'),(4509,164,2,37,0,'Tympan '),(4510,164,2,7,0,'Diagram'),(4511,175,3,74,0,'8'),(4512,175,3,75,0,'3'),(4513,175,3,77,0,'a:7:{s:8:\"FileName\";s:36:\"b9a05f687b108f00e6c3090ffd66329c.jpg\";s:12:\"FileDateTime\";i:1354131163;s:8:\"FileSize\";i:104374;s:8:\"FileType\";i:2;s:8:\"MimeType\";s:10:\"image/jpeg\";s:13:\"SectionsFound\";s:0:\"\";s:8:\"COMPUTED\";a:4:{s:4:\"html\";s:24:\"width=\"668\" height=\"547\"\";s:6:\"Height\";i:547;s:5:\"Width\";i:668;s:7:\"IsColor\";i:1;}}'),(4514,175,3,76,0,'FileName:b9a05f687b108f00e6c3090ffd66329c.jpg\nFileDateTime:1354131163\nFileSize:104374\nFileType:2\nMimeType:image/jpeg\nSectionsFound:\nCOMPUTED:\n	html:width=\"668\" height=\"547\"\n	Height:547\n	Width:668\n	IsColor:1\n\n'),(4515,175,3,73,0,'547'),(4516,175,3,72,0,'668'),(4517,165,2,50,0,'Item Mapping Example: Zoomed In'),(4518,165,2,39,0,'Mateusz Gwizdala'),(4519,165,2,37,0,'Mateusz Gwizdala'),(4520,165,2,42,0,'Image'),(4521,165,2,7,0,'Photo'),(4563,179,3,76,0,'FileName:28ff7143ac258a304903cde2c5836ad9.jpg\nFileDateTime:1354132627\nFileSize:125964\nFileType:2\nMimeType:image/jpeg\nSectionsFound:\nCOMPUTED:\n	html:width=\"972\" height=\"575\"\n	Height:575\n	Width:972\n	IsColor:1\n\n'),(4562,179,3,77,0,'a:7:{s:8:\"FileName\";s:36:\"28ff7143ac258a304903cde2c5836ad9.jpg\";s:12:\"FileDateTime\";i:1354132627;s:8:\"FileSize\";i:125964;s:8:\"FileType\";i:2;s:8:\"MimeType\";s:10:\"image/jpeg\";s:13:\"SectionsFound\";s:0:\"\";s:8:\"COMPUTED\";a:4:{s:4:\"html\";s:24:\"width=\"972\" height=\"575\"\";s:6:\"Height\";i:575;s:5:\"Width\";i:972;s:7:\"IsColor\";i:1;}}'),(4561,179,3,75,0,'3'),(4560,179,3,74,0,'8'),(4557,166,2,37,0,'Mateusz Gwizdala'),(4556,166,2,40,0,'28 November 2012'),(4555,166,2,39,0,'Mateusz Gwizdala'),(4554,166,2,50,0,'Item Mapping Example: Street Level'),(4534,177,3,74,0,'8'),(4535,177,3,75,0,'3'),(4536,177,3,77,0,'a:8:{s:8:\"FileName\";s:36:\"d8851a1d5db7cd23414378eccbcf4439.jpg\";s:12:\"FileDateTime\";i:1354131658;s:8:\"FileSize\";i:44222;s:8:\"FileType\";i:2;s:8:\"MimeType\";s:10:\"image/jpeg\";s:13:\"SectionsFound\";s:7:\"COMMENT\";s:8:\"COMPUTED\";a:4:{s:4:\"html\";s:24:\"width=\"620\" height=\"413\"\";s:6:\"Height\";i:413;s:5:\"Width\";i:620;s:7:\"IsColor\";i:1;}s:7:\"COMMENT\";a:1:{i:0;s:57:\"CREATOR: gd-jpeg v1.0 (using IJG JPEG v62), quality = 75\n\";}}'),(4537,177,3,76,0,'FileName:d8851a1d5db7cd23414378eccbcf4439.jpg\nFileDateTime:1354131658\nFileSize:44222\nFileType:2\nMimeType:image/jpeg\nSectionsFound:COMMENT\nCOMPUTED:\n	html:width=\"620\" height=\"413\"\n	Height:413\n	Width:620\n	IsColor:1\n\nCOMMENT:\n	0:CREATOR: gd-jpeg v1.0 (using IJG JPEG v62), quality = 75\n\n\n'),(4538,177,3,73,0,'413'),(4539,177,3,72,0,'620'),(4577,180,3,72,0,'408'),(4578,168,2,50,0,'Chicago Style Typewriter'),(4579,168,2,49,0,'Graphic Design (Typography)'),(4580,168,2,41,0,'The beautiful Chicago (1897-1917) is a typewriter of many names. It was originally (1890) called the Munson, and exposed its mechanism rather than encasing it in a cast iron body. Its later name variants include Baltimore, Conover, Draper, Galesburg, Ohio, Yale, and Mizpah (a Hebrew-alphabet version -- no specimens of the Mizpah are known to exist).\r\n\r\nThe type of the Chicago is located on a type cylinder whose axis runs horizontally. The depression of a key rotates and shifts the cylinder into the right position, and a hammer hits the paper against the type. The broad, 1-inch ribbon is another easily recognizable feature of this machine. The Chicago is not a visible writer; the operator must tilt the carriage back to see what she just wrote. - RIchard Polt'),(4581,168,2,39,0,'Richard Polt'),(4582,168,2,48,0,'Xavier.edu (11/28/2012)'),(4583,168,2,40,0,'December 9, 1995'),(4584,168,2,7,0,'Photo'),(4585,181,3,74,0,'8'),(4586,181,3,75,0,'1'),(4587,181,3,77,0,'a:8:{s:8:\"FileName\";s:36:\"87d6907a72063357d018e7cc65e56d72.jpg\";s:12:\"FileDateTime\";i:1354158959;s:8:\"FileSize\";i:91755;s:8:\"FileType\";i:2;s:8:\"MimeType\";s:10:\"image/jpeg\";s:13:\"SectionsFound\";s:7:\"COMMENT\";s:8:\"COMPUTED\";a:4:{s:4:\"html\";s:24:\"width=\"586\" height=\"599\"\";s:6:\"Height\";i:599;s:5:\"Width\";i:586;s:7:\"IsColor\";i:0;}s:7:\"COMMENT\";a:1:{i:0;s:88:\"File source: http://commons.wikimedia.org/wiki/File:Xerox_Roman_PS_Daisywheel_-_mono.jpg\";}}'),(4588,181,3,76,0,'FileName:87d6907a72063357d018e7cc65e56d72.jpg\nFileDateTime:1354158959\nFileSize:91755\nFileType:2\nMimeType:image/jpeg\nSectionsFound:COMMENT\nCOMPUTED:\n	html:width=\"586\" height=\"599\"\n	Height:599\n	Width:586\n	IsColor:0\n\nCOMMENT:\n	0:File source: http://commons.wikimedia.org/wiki/File:Xerox_Roman_PS_Daisywheel_-_mono.jpg\n\n'),(4589,181,3,73,0,'599'),(4590,181,3,72,0,'586'),(4602,169,2,48,0,'Wikipedia (11/28/2012)'),(4601,169,2,39,0,'Pointillist'),(4600,169,2,41,0,'Daisy wheel printing is an impact printing technology invented in 1969 by David S. Lee at Diablo Data Systems. It uses interchangeable pre-formed type elements, each with typically 96 glyphs, to generate high-quality output comparable to premium typewriters such as the IBM Selectric, but two to three times faster. Daisy wheel printing was used in electronic typewriters, word processors and computers from 1972. According to Webster\'s, the daisy wheel is so named because of its resemblance to the daisy flower. - Wikipedia'),(4599,169,2,49,0,'Graphic Design (Typography)'),(4598,169,2,50,0,'Daisy Wheel'),(4603,169,2,40,0,'May 5, 2008'),(4604,169,2,7,0,'Photo'),(4605,182,3,74,0,'8'),(4606,182,3,75,0,'3'),(4607,182,3,77,0,'a:8:{s:8:\"FileName\";s:36:\"17caeb668bcc3f11bd9065c65675929d.jpg\";s:12:\"FileDateTime\";i:1354159777;s:8:\"FileSize\";i:101878;s:8:\"FileType\";i:2;s:8:\"MimeType\";s:10:\"image/jpeg\";s:13:\"SectionsFound\";s:7:\"COMMENT\";s:8:\"COMPUTED\";a:4:{s:4:\"html\";s:24:\"width=\"513\" height=\"348\"\";s:6:\"Height\";i:348;s:5:\"Width\";i:513;s:7:\"IsColor\";i:1;}s:7:\"COMMENT\";a:1:{i:0;s:36:\"File written by Adobe Photoshop'),(4608,182,3,76,0,'FileName:17caeb668bcc3f11bd9065c65675929d.jpg\nFileDateTime:1354159777\nFileSize:101878\nFileType:2\nMimeType:image/jpeg\nSectionsFound:COMMENT\nCOMPUTED:\n	html:width=\"513\" height=\"348\"\n	Height:348\n	Width:513\n	IsColor:1\n\nCOMMENT:\n	0:File written by Adobe Photoshop'),(4609,182,3,73,0,'348'),(4610,182,3,72,0,'513'),(4611,170,2,50,0,'Crary Style Typewriter'),(4612,170,2,49,0,'Graphic Design (Typography)'),(4613,170,2,41,0,'This device was patented by John Mason Crary of Jersey City, New Jersey in 1892. It features a circular keyboard with lowercase letters and punctuation in the front (the lowercase vowels are the closest characters to the typist), uppercase letters on the sides, and numerals and figures in the back. According to Ernst Martin, there are two space bars or space keys, and two shift keys. The paper (or a bound book) lies flat under the machine, and the entire keyboard and typing mechanism travels from left to right as the typebars strike down onto the printing surface. -Richard Polt'),(4614,170,2,39,0,'Richard Polt'),(4615,170,2,48,0,'Xavier.edu (11/28/2012)'),(4616,170,2,40,0,'December 9, 1995'),(4617,170,2,7,0,'Photo'),(4624,184,3,77,0,'a:43:{s:8:\"FileName\";s:36:\"1ae6b0ff0ae4ed8b6e427156d359158b.jpg\";s:12:\"FileDateTime\";i:1354173750;s:8:\"FileSize\";i:348486;s:8:\"FileType\";i:2;s:8:\"MimeType\";s:10:\"image/jpeg\";s:13:\"SectionsFound\";s:39:\"ANY_TAG, IFD0, THUMBNAIL, EXIF, INTEROP\";s:8:\"COMPUTED\";a:8:{s:4:\"html\";s:25:\"width=\"1280\" height=\"723\"\";s:6:\"Height\";i:723;s:5:\"Width\";i:1280;s:7:\"IsColor\";i:1;s:17:\"ByteOrderMotorola\";i:0;s:15:\"ApertureFNumber\";s:5:\"f/2.8\";s:18:\"Thumbnail.FileType\";i:2;s:18:\"Thumbnail.MimeType\";s:10:\"image/jpeg\";}s:16:\"ImageDescription\";s:31:\"                               \";s:4:\"Make\";s:4:\"SONY\";s:5:\"Model\";s:9:\"CYBERSHOT\";s:11:\"Orientation\";i:1;s:11:\"XResolution\";s:4:\"72/1\";s:11:\"YResolution\";s:4:\"72/1\";s:14:\"ResolutionUnit\";i:2;s:8:\"DateTime\";s:19:\"2006:09:01 23:55:23\";s:16:\"YCbCrPositioning\";i:2;s:16:\"Exif_IFD_Pointer\";i:218;s:9:\"THUMBNAIL\";a:10:{s:11:\"Compression\";i:6;s:4:\"Make\";s:4:\"SONY\";s:5:\"Model\";s:9:\"CYBERSHOT\";s:11:\"Orientation\";i:1;s:11:\"XResolution\";s:4:\"72/1\";s:11:\"YResolution\";s:4:\"72/1\";s:14:\"ResolutionUnit\";i:2;s:8:\"DateTime\";s:19:\"2006:09:01 23:55:23\";s:21:\"JPEGInterchangeFormat\";i:851;s:27:\"JPEGInterchangeFormatLength\";i:2555;}s:12:\"ExposureTime\";s:6:\"10/300\";s:7:\"FNumber\";s:5:\"28/10\";s:15:\"ExposureProgram\";i:2;s:15:\"ISOSpeedRatings\";i:160;s:11:\"ExifVersion\";s:4:\"0210\";s:16:\"DateTimeOriginal\";s:19:\"2006:09:01 23:55:23\";s:17:\"DateTimeDigitized\";s:19:\"2006:09:01 23:55:23\";s:23:\"ComponentsConfiguration\";s:4:\"\0\";s:22:\"CompressedBitsPerPixel\";s:3:\"2/1\";s:17:\"ExposureBiasValue\";s:4:\"0/10\";s:16:\"MaxApertureValue\";s:5:\"48/16\";s:12:\"MeteringMode\";i:3;s:11:\"LightSource\";i:0;s:5:\"Flash\";i:0;s:11:\"FocalLength\";s:5:\"80/10\";s:9:\"MakerNote\";s:54:\"SONY DSC \0\0\0\0\0\0\0\0\0f\0\0PrintIM\00100\0\0\0\0\0\0\0\0\0\0\0\";s:15:\"FlashPixVersion\";s:4:\"0100\";s:10:\"ColorSpace\";i:1;s:14:\"ExifImageWidth\";i:723;s:15:\"ExifImageLength\";i:1280;s:22:\"InteroperabilityOffset\";i:642;s:10:\"FileSource\";s:1:\"\";s:9:\"SceneType\";s:1:\"\";s:21:\"InterOperabilityIndex\";s:3:\"R98\";s:23:\"InterOperabilityVersion\";s:4:\"0100\";}'),(4623,184,3,75,0,'3'),(4622,184,3,74,0,'8'),(4625,184,3,76,0,'FileName:1ae6b0ff0ae4ed8b6e427156d359158b.jpg\nFileDateTime:1354173750\nFileSize:348486\nFileType:2\nMimeType:image/jpeg\nSectionsFound:ANY_TAG, IFD0, THUMBNAIL, EXIF, INTEROP\nCOMPUTED:\n	html:width=\"1280\" height=\"723\"\n	Height:723\n	Width:1280\n	IsColor:1\n	ByteOrderMotorola:0\n	ApertureFNumber:f/2.8\n	Thumbnail.FileType:2\n	Thumbnail.MimeType:image/jpeg\n\nImageDescription:                               \nMake:SONY\nModel:CYBERSHOT\nOrientation:1\nXResolution:72/1\nYResolution:72/1\nResolutionUnit:2\nDateTime:2006:09:01 23:55:23\nYCbCrPositioning:2\nExif_IFD_Pointer:218\nTHUMBNAIL:\n	Compression:6\n	Make:SONY\n	Model:CYBERSHOT\n	Orientation:1\n	XResolution:72/1\n	YResolution:72/1\n	ResolutionUnit:2\n	DateTime:2006:09:01 23:55:23\n	JPEGInterchangeFormat:851\n	JPEGInterchangeFormatLength:2555\n\nExposureTime:10/300\nFNumber:28/10\nExposureProgram:2\nISOSpeedRatings:160\nExifVersion:0210\nDateTimeOriginal:2006:09:01 23:55:23\nDateTimeDigitized:2006:09:01 23:55:23\nComponentsConfiguration:\0\nCompressedBitsPerPixel:2/1\nExposureBiasValue:0/10\nMaxApertureValue:48/16\nMeteringMode:3\nLightSource:0\nFlash:0\nFocalLength:80/10\nMakerNote:SONY DSC \0\0\0\0\0\0\0\0\0f\0\0PrintIM\00100\0\0\0\0\0\0\0\0\0\0\0\nFlashPixVersion:0100\nColorSpace:1\nExifImageWidth:723\nExifImageLength:1280\nInteroperabilityOffset:642\nFileSource:\nSceneType:\nInterOperabilityIndex:R98\nInterOperabilityVersion:0100\n'),(4626,184,3,73,0,'723'),(4627,184,3,72,0,'1280'),(4765,172,2,48,0,'Wikipedia (11/28/2012)'),(4764,172,2,39,0,'Nakamura2828'),(4763,172,2,41,0,'Dot matrix printing or impact matrix printing is a type of computer printing which uses a print head that runs back and forth, or in an up and down motion, on the page and prints by impact, striking an ink-soaked cloth ribbon against the paper, much like the print mechanism on a typewriter. - Wikipedia'),(4762,172,2,49,0,'Graphic Design (Typography)'),(4761,172,2,50,0,'Dot Matrix Printer'),(4635,185,3,74,0,'8'),(4636,185,3,73,0,'478'),(4637,185,3,72,0,'966'),(4639,173,2,50,0,'leon vis 1'),(4640,186,3,74,0,'8'),(4641,186,3,75,0,'3'),(4642,186,3,77,0,'a:7:{s:8:\"FileName\";s:36:\"e8972169fcbfb401d387d5b2ad619f41.jpg\";s:12:\"FileDateTime\";i:1354176583;s:8:\"FileSize\";i:111246;s:8:\"FileType\";i:2;s:8:\"MimeType\";s:10:\"image/jpeg\";s:13:\"SectionsFound\";s:0:\"\";s:8:\"COMPUTED\";a:4:{s:4:\"html\";s:24:\"width=\"800\" height=\"587\"\";s:6:\"Height\";i:587;s:5:\"Width\";i:800;s:7:\"IsColor\";i:1;}}'),(4643,186,3,76,0,'FileName:e8972169fcbfb401d387d5b2ad619f41.jpg\nFileDateTime:1354176583\nFileSize:111246\nFileType:2\nMimeType:image/jpeg\nSectionsFound:\nCOMPUTED:\n	html:width=\"800\" height=\"587\"\n	Height:587\n	Width:800\n	IsColor:1\n\n'),(4644,186,3,73,0,'587'),(4645,186,3,72,0,'800'),(4658,174,2,48,0,'Wikipedia (11/29/2012)'),(4657,174,2,39,0,'Unknown'),(4656,174,2,41,0,'Inkjet printing involves the propulsion of ink droplets onto paper thus creating a digital image.  The inkjet printer is one of the most popular types of printers in the modern era. '),(4655,174,2,49,0,'Graphic Design (Typography)'),(4654,174,2,50,0,'Inkjet Printer'),(4659,174,2,40,0,'December 1, 2012'),(4660,174,2,37,0,'Masgatotkaca'),(4661,174,2,7,0,'Photo'),(4698,176,2,50,0,'resource exhibit/syllabi section'),(4697,191,3,72,0,'261'),(4696,191,3,73,0,'127'),(4695,191,3,74,0,'8'),(4674,190,3,74,0,'8'),(4675,190,3,75,0,'3'),(4676,190,3,77,0,'a:8:{s:8:\"FileName\";s:36:\"0ddb9201e7f28802f58c0e02ed855691.jpg\";s:12:\"FileDateTime\";i:1354178040;s:8:\"FileSize\";i:95672;s:8:\"FileType\";i:2;s:8:\"MimeType\";s:10:\"image/jpeg\";s:13:\"SectionsFound\";s:24:\"ANY_TAG, IFD0, THUMBNAIL\";s:8:\"COMPUTED\";a:7:{s:4:\"html\";s:24:\"width=\"468\" height=\"614\"\";s:6:\"Height\";i:614;s:5:\"Width\";i:468;s:7:\"IsColor\";i:1;s:17:\"ByteOrderMotorola\";i:1;s:18:\"Thumbnail.FileType\";i:2;s:18:\"Thumbnail.MimeType\";s:10:\"image/jpeg\";}s:9:\"THUMBNAIL\";a:2:{s:21:\"JPEGInterchangeFormat\";i:44;s:27:\"JPEGInterchangeFormatLength\";i:4594;}}'),(4677,190,3,76,0,'FileName:0ddb9201e7f28802f58c0e02ed855691.jpg\nFileDateTime:1354178040\nFileSize:95672\nFileType:2\nMimeType:image/jpeg\nSectionsFound:ANY_TAG, IFD0, THUMBNAIL\nCOMPUTED:\n	html:width=\"468\" height=\"614\"\n	Height:614\n	Width:468\n	IsColor:1\n	ByteOrderMotorola:1\n	Thumbnail.FileType:2\n	Thumbnail.MimeType:image/jpeg\n\nTHUMBNAIL:\n	JPEGInterchangeFormat:44\n	JPEGInterchangeFormatLength:4594\n\n'),(4678,190,3,73,0,'614'),(4679,190,3,72,0,'468'),(4691,177,2,48,0,'Wikipedia (11/29/2012)'),(4690,177,2,39,0,'Combuchan'),(4689,177,2,41,0,'Laser printing involves the heating and subsequent melting of ink onto a piece of paper through the use of lasers.  The laser printer is much faster than the inkjet printer, offering digital images in mere seconds.'),(4688,177,2,49,0,'Graphic Design (Typography)'),(4687,177,2,50,0,'Laser Printer'),(4692,177,2,40,0,'August 5, 2006'),(4693,177,2,7,0,'Photo'),(4699,192,3,74,0,'8'),(4700,192,3,73,0,'411'),(4701,192,3,72,0,'800'),(4702,178,2,50,0,'Laser Printer Diagram'),(4703,178,2,49,0,'Graphic Design (Typography)'),(4704,178,2,41,0,'This is a diagram of how a laser printer works.  As can be seen, the heated laser that extends through the hollow roller, heats and melts ink onto paper that is passed through both rollers.'),(4705,178,2,39,0,' K. Aainsqatsi'),(4706,178,2,48,0,'Wikipedia (11/29/2012)'),(4707,178,2,40,0,'March 20, 2007'),(4708,178,2,37,0,'Ahmad510'),(4709,178,2,7,0,'Diagram'),(4710,193,3,74,0,'8'),(4711,193,3,75,0,'3'),(4712,193,3,77,0,'a:7:{s:8:\"FileName\";s:36:\"ae1f3ca885c0a30c463a242685003d32.jpg\";s:12:\"FileDateTime\";i:1354179147;s:8:\"FileSize\";i:39992;s:8:\"FileType\";i:2;s:8:\"MimeType\";s:10:\"image/jpeg\";s:13:\"SectionsFound\";s:0:\"\";s:8:\"COMPUTED\";a:4:{s:4:\"html\";s:24:\"width=\"800\" height=\"600\"\";s:6:\"Height\";i:600;s:5:\"Width\";i:800;s:7:\"IsColor\";i:1;}}'),(4713,193,3,76,0,'FileName:ae1f3ca885c0a30c463a242685003d32.jpg\nFileDateTime:1354179147\nFileSize:39992\nFileType:2\nMimeType:image/jpeg\nSectionsFound:\nCOMPUTED:\n	html:width=\"800\" height=\"600\"\n	Height:600\n	Width:800\n	IsColor:1\n\n'),(4714,193,3,73,0,'600'),(4715,193,3,72,0,'800'),(4727,179,2,48,0,'Wikipedia (11/29/2012)'),(4726,179,2,39,0,'Kevinin'),(4725,179,2,41,0,'This is an example of a thermal printer.  A thermal printer selectively heats portions of thermal paper.  This heating turns these selective portions black, thus producing an image.'),(4724,179,2,49,0,'Graphic Design (Typography)'),(4723,179,2,50,0,'Thermal Printer'),(4728,179,2,40,0,'July 16, 2006'),(4729,179,2,7,0,'Photo'),(4730,194,3,74,0,'8'),(4731,194,3,73,0,'127'),(4732,194,3,72,0,'210'),(4733,180,2,50,0,'more'),(4734,195,3,74,0,'8'),(4735,195,3,75,0,'3'),(4736,195,3,77,0,'a:18:{s:8:\"FileName\";s:36:\"d637c733d1cd1a7fbafafe4c4988bda9.jpg\";s:12:\"FileDateTime\";i:1354207643;s:8:\"FileSize\";i:68021;s:8:\"FileType\";i:2;s:8:\"MimeType\";s:10:\"image/jpeg\";s:13:\"SectionsFound\";s:30:\"ANY_TAG, IFD0, THUMBNAIL, EXIF\";s:8:\"COMPUTED\";a:7:{s:4:\"html\";s:24:\"width=\"622\" height=\"134\"\";s:6:\"Height\";i:134;s:5:\"Width\";i:622;s:7:\"IsColor\";i:1;s:17:\"ByteOrderMotorola\";i:1;s:18:\"Thumbnail.FileType\";i:2;s:18:\"Thumbnail.MimeType\";s:10:\"image/jpeg\";}s:11:\"Orientation\";i:1;s:11:\"XResolution\";s:13:\"3000000/10000\";s:11:\"YResolution\";s:13:\"3000000/10000\";s:14:\"ResolutionUnit\";i:2;s:8:\"Software\";s:38:\"Adobe Photoshop Elements 6.0 Macintosh\";s:8:\"DateTime\";s:19:\"2012:11:29 08:44:06\";s:16:\"Exif_IFD_Pointer\";i:176;s:9:\"THUMBNAIL\";a:6:{s:11:\"Compression\";i:6;s:11:\"XResolution\";s:4:\"72/1\";s:11:\"YResolution\";s:4:\"72/1\";s:14:\"ResolutionUnit\";i:2;s:21:\"JPEGInterchangeFormat\";i:314;s:27:\"JPEGInterchangeFormatLength\";i:2769;}s:10:\"ColorSpace\";i:1;s:14:\"ExifImageWidth\";i:622;s:15:\"ExifImageLength\";i:134;}'),(4737,195,3,76,0,'FileName:d637c733d1cd1a7fbafafe4c4988bda9.jpg\nFileDateTime:1354207643\nFileSize:68021\nFileType:2\nMimeType:image/jpeg\nSectionsFound:ANY_TAG, IFD0, THUMBNAIL, EXIF\nCOMPUTED:\n	html:width=\"622\" height=\"134\"\n	Height:134\n	Width:622\n	IsColor:1\n	ByteOrderMotorola:1\n	Thumbnail.FileType:2\n	Thumbnail.MimeType:image/jpeg\n\nOrientation:1\nXResolution:3000000/10000\nYResolution:3000000/10000\nResolutionUnit:2\nSoftware:Adobe Photoshop Elements 6.0 Macintosh\nDateTime:2012:11:29 08:44:06\nExif_IFD_Pointer:176\nTHUMBNAIL:\n	Compression:6\n	XResolution:72/1\n	YResolution:72/1\n	ResolutionUnit:2\n	JPEGInterchangeFormat:314\n	JPEGInterchangeFormatLength:2769\n\nColorSpace:1\nExifImageWidth:622\nExifImageLength:134\n'),(4738,195,3,73,0,'134'),(4739,195,3,72,0,'622'),(4740,181,2,50,0,'Typography: A Header'),(4741,196,3,74,0,'8'),(4742,196,3,73,0,'439'),(4743,196,3,72,0,'572'),(4744,182,2,50,0,'The Basics (methodology) '),(4749,183,2,50,0,'syllabus exhibit VIZ 2'),(4746,197,3,74,0,'8'),(4747,197,3,73,0,'478'),(4748,197,3,72,0,'1003'),(4750,198,3,74,0,'8'),(4751,198,3,73,0,'649'),(4752,198,3,72,0,'717'),(4753,184,2,50,0,'Lupton Syllabus'),(4754,199,3,74,0,'8'),(4755,199,3,75,0,'3'),(4756,199,3,77,0,'a:18:{s:8:\"FileName\";s:36:\"99525cc449cce9c5b07f7db287c8f105.jpg\";s:12:\"FileDateTime\";i:1354238623;s:8:\"FileSize\";i:77985;s:8:\"FileType\";i:2;s:8:\"MimeType\";s:10:\"image/jpeg\";s:13:\"SectionsFound\";s:30:\"ANY_TAG, IFD0, THUMBNAIL, EXIF\";s:8:\"COMPUTED\";a:7:{s:4:\"html\";s:24:\"width=\"622\" height=\"134\"\";s:6:\"Height\";i:134;s:5:\"Width\";i:622;s:7:\"IsColor\";i:1;s:17:\"ByteOrderMotorola\";i:1;s:18:\"Thumbnail.FileType\";i:2;s:18:\"Thumbnail.MimeType\";s:10:\"image/jpeg\";}s:11:\"Orientation\";i:1;s:11:\"XResolution\";s:13:\"3000000/10000\";s:11:\"YResolution\";s:13:\"3000000/10000\";s:14:\"ResolutionUnit\";i:2;s:8:\"Software\";s:38:\"Adobe Photoshop Elements 6.0 Macintosh\";s:8:\"DateTime\";s:19:\"2012:11:29 17:23:20\";s:16:\"Exif_IFD_Pointer\";i:176;s:9:\"THUMBNAIL\";a:6:{s:11:\"Compression\";i:6;s:11:\"XResolution\";s:4:\"72/1\";s:11:\"YResolution\";s:4:\"72/1\";s:14:\"ResolutionUnit\";i:2;s:21:\"JPEGInterchangeFormat\";i:314;s:27:\"JPEGInterchangeFormatLength\";i:3003;}s:10:\"ColorSpace\";i:1;s:14:\"ExifImageWidth\";i:622;s:15:\"ExifImageLength\";i:134;}'),(4757,199,3,76,0,'FileName:99525cc449cce9c5b07f7db287c8f105.jpg\nFileDateTime:1354238623\nFileSize:77985\nFileType:2\nMimeType:image/jpeg\nSectionsFound:ANY_TAG, IFD0, THUMBNAIL, EXIF\nCOMPUTED:\n	html:width=\"622\" height=\"134\"\n	Height:134\n	Width:622\n	IsColor:1\n	ByteOrderMotorola:1\n	Thumbnail.FileType:2\n	Thumbnail.MimeType:image/jpeg\n\nOrientation:1\nXResolution:3000000/10000\nYResolution:3000000/10000\nResolutionUnit:2\nSoftware:Adobe Photoshop Elements 6.0 Macintosh\nDateTime:2012:11:29 17:23:20\nExif_IFD_Pointer:176\nTHUMBNAIL:\n	Compression:6\n	XResolution:72/1\n	YResolution:72/1\n	ResolutionUnit:2\n	JPEGInterchangeFormat:314\n	JPEGInterchangeFormatLength:3003\n\nColorSpace:1\nExifImageWidth:622\nExifImageLength:134\n'),(4758,199,3,73,0,'134'),(4759,199,3,72,0,'622'),(4760,185,2,50,0,'Learning about type header'),(4766,172,2,40,0,'March 9, 2009'),(4767,172,2,7,0,'Photo'),(4866,156,2,50,0,'Baskerville\'s Copy of \"Paradise Lost\"'),(4800,130,2,40,0,'January 2, 2005'),(4801,130,2,37,0,'Llull'),(4802,130,2,7,0,'Photo'),(4803,186,2,50,0,'George Mason University School of Art Fall 2012'),(4804,187,2,50,0,'Georgia State University Fall 2012'),(4805,188,2,50,0,'Mississippi State University Fall 2006'),(4806,189,2,50,0,'Truman State University Winter 2012'),(4807,190,2,50,0,'University of Denver Winter 2012'),(4808,191,2,50,0,'University of Kansas Spring 2011'),(4809,192,2,50,0,'University of Maryland Fall 2008'),(4810,193,2,50,0,'University of the Pacific Fall 2012'),(4811,194,2,50,0,'University of Wyoming Spring 2012'),(4812,195,2,50,0,'Watkins College of Art, Design and Film Spring 2012'),(4813,210,3,74,0,'8'),(4814,210,3,73,0,'600'),(4815,210,3,72,0,'600'),(4819,196,2,50,0,'Designing with Type: The Essential Guide to Typography'),(4820,196,2,39,0,'James Craig'),(4821,196,2,40,0,'2012'),(4822,211,3,74,0,'8'),(4823,211,3,75,0,'3'),(4824,211,3,77,0,'a:7:{s:8:\"FileName\";s:36:\"9c4143e5b23f7476f812dee9e4d7fc4a.jpg\";s:12:\"FileDateTime\";i:1354257231;s:8:\"FileSize\";i:66918;s:8:\"FileType\";i:2;s:8:\"MimeType\";s:10:\"image/jpeg\";s:13:\"SectionsFound\";s:0:\"\";s:8:\"COMPUTED\";a:4:{s:4:\"html\";s:24:\"width=\"500\" height=\"333\"\";s:6:\"Height\";i:333;s:5:\"Width\";i:500;s:7:\"IsColor\";i:1;}}'),(4825,211,3,76,0,'FileName:9c4143e5b23f7476f812dee9e4d7fc4a.jpg\nFileDateTime:1354257231\nFileSize:66918\nFileType:2\nMimeType:image/jpeg\nSectionsFound:\nCOMPUTED:\n	html:width=\"500\" height=\"333\"\n	Height:333\n	Width:500\n	IsColor:1\n\n'),(4826,211,3,73,0,'333'),(4827,211,3,72,0,'500'),(4828,197,2,50,0,'The Elements of Typographic Style'),(4829,197,2,39,0,'Robert Bringhurst'),(4830,197,2,40,0,'2005'),(4831,212,3,74,0,'8'),(4832,212,3,75,0,'3'),(4833,212,3,77,0,'a:9:{s:8:\"FileName\";s:36:\"64882a9c99409915bccbba92411a0139.jpg\";s:12:\"FileDateTime\";i:1354257430;s:8:\"FileSize\";i:96202;s:8:\"FileType\";i:2;s:8:\"MimeType\";s:10:\"image/jpeg\";s:13:\"SectionsFound\";s:5:\"APP12\";s:8:\"COMPUTED\";a:4:{s:4:\"html\";s:24:\"width=\"430\" height=\"350\"\";s:6:\"Height\";i:350;s:5:\"Width\";i:430;s:7:\"IsColor\";i:1;}s:7:\"Company\";s:5:\"Ducky\";s:4:\"Info\";s:1:\"\";}'),(4834,212,3,76,0,'FileName:64882a9c99409915bccbba92411a0139.jpg\nFileDateTime:1354257430\nFileSize:96202\nFileType:2\nMimeType:image/jpeg\nSectionsFound:APP12\nCOMPUTED:\n	html:width=\"430\" height=\"350\"\n	Height:350\n	Width:430\n	IsColor:1\n\nCompany:Ducky\nInfo:\n'),(4835,212,3,73,0,'350'),(4836,212,3,72,0,'430'),(4837,198,2,50,0,'Stop Stealing Sheep & Find Out How Type Works '),(4838,198,2,39,0,'Erik Spiekermann'),(4839,198,2,40,0,'2003'),(4840,213,3,74,0,'8'),(4841,213,3,75,0,'3'),(4842,213,3,77,0,'a:9:{s:8:\"FileName\";s:36:\"92e44431405d656308cb6c1c4fa869ff.jpg\";s:12:\"FileDateTime\";i:1354257484;s:8:\"FileSize\";i:63590;s:8:\"FileType\";i:2;s:8:\"MimeType\";s:10:\"image/jpeg\";s:13:\"SectionsFound\";s:5:\"APP12\";s:8:\"COMPUTED\";a:4:{s:4:\"html\";s:24:\"width=\"460\" height=\"273\"\";s:6:\"Height\";i:273;s:5:\"Width\";i:460;s:7:\"IsColor\";i:1;}s:7:\"Company\";s:5:\"Ducky\";s:4:\"Info\";s:1:\"\";}'),(4843,213,3,76,0,'FileName:92e44431405d656308cb6c1c4fa869ff.jpg\nFileDateTime:1354257484\nFileSize:63590\nFileType:2\nMimeType:image/jpeg\nSectionsFound:APP12\nCOMPUTED:\n	html:width=\"460\" height=\"273\"\n	Height:273\n	Width:460\n	IsColor:1\n\nCompany:Ducky\nInfo:\n'),(4844,213,3,73,0,'273'),(4845,213,3,72,0,'460'),(4846,199,2,50,0,'Thinking with Type: A Critical Guide for Designers, Writers, Editors, & Students\r\n'),(4847,199,2,39,0,'Ellen Lupton\r\n'),(4848,199,2,40,0,'2010'),(4849,214,3,74,0,'8'),(4850,214,3,75,0,'3'),(4851,214,3,77,0,'a:13:{s:8:\"FileName\";s:36:\"e60ec573e003a7e8a293eaf8732520e6.jpg\";s:12:\"FileDateTime\";i:1354258551;s:8:\"FileSize\";i:39248;s:8:\"FileType\";i:2;s:8:\"MimeType\";s:10:\"image/jpeg\";s:13:\"SectionsFound\";s:19:\"ANY_TAG, IFD0, EXIF\";s:8:\"COMPUTED\";a:5:{s:4:\"html\";s:24:\"width=\"866\" height=\"434\"\";s:6:\"Height\";i:434;s:5:\"Width\";i:866;s:7:\"IsColor\";i:1;s:17:\"ByteOrderMotorola\";i:1;}s:11:\"XResolution\";s:4:\"72/1\";s:11:\"YResolution\";s:4:\"72/1\";s:14:\"ResolutionUnit\";i:2;s:16:\"Exif_IFD_Pointer\";i:78;s:14:\"ExifImageWidth\";i:866;s:15:\"ExifImageLength\";i:434;}'),(4852,214,3,76,0,'FileName:e60ec573e003a7e8a293eaf8732520e6.jpg\nFileDateTime:1354258551\nFileSize:39248\nFileType:2\nMimeType:image/jpeg\nSectionsFound:ANY_TAG, IFD0, EXIF\nCOMPUTED:\n	html:width=\"866\" height=\"434\"\n	Height:434\n	Width:866\n	IsColor:1\n	ByteOrderMotorola:1\n\nXResolution:72/1\nYResolution:72/1\nResolutionUnit:2\nExif_IFD_Pointer:78\nExifImageWidth:866\nExifImageLength:434\n'),(4853,214,3,73,0,'434'),(4854,214,3,72,0,'866'),(4855,200,2,50,0,'Bar graph without points'),(4887,215,3,75,0,'3'),(4888,215,3,77,0,'a:7:{s:8:\"FileName\";s:36:\"261a02e4d6b2e28f3e3ec0ffae04ad9c.jpg\";s:12:\"FileDateTime\";i:1354291092;s:8:\"FileSize\";i:9761;s:8:\"FileType\";i:2;s:8:\"MimeType\";s:10:\"image/jpeg\";s:13:\"SectionsFound\";s:0:\"\";s:8:\"COMPUTED\";a:4:{s:4:\"html\";s:24:\"width=\"489\" height=\"106\"\";s:6:\"Height\";i:106;s:5:\"Width\";i:489;s:7:\"IsColor\";i:1;}}'),(4889,215,3,76,0,'FileName:261a02e4d6b2e28f3e3ec0ffae04ad9c.jpg\nFileDateTime:1354291092\nFileSize:9761\nFileType:2\nMimeType:image/jpeg\nSectionsFound:\nCOMPUTED:\n	html:width=\"489\" height=\"106\"\n	Height:106\n	Width:489\n	IsColor:1\n\n'),(4890,215,3,73,0,'106'),(4891,215,3,72,0,'489'),(4892,201,2,50,0,'Timeline Point Example'),(4893,201,2,39,0,'Mateusz Gwizdala'),(4894,201,2,40,0,'30 November 2012'),(4895,201,2,37,0,'Mateusz Gwizdala'),(4896,201,2,42,0,'Image'),(4897,201,2,7,0,'Photo'),(4898,216,3,74,0,'8'),(4899,216,3,73,0,'902'),(4900,216,3,72,0,'1803'),(4902,202,2,50,0,'Texbooks used in 23 Typography Syllabi\r\n'),(4906,204,2,50,0,'DATA');
/*!40000 ALTER TABLE `omeka_element_texts` ENABLE KEYS */;
UNLOCK TABLES;

--
-- Table structure for table `omeka_elements`
--

DROP TABLE IF EXISTS `omeka_elements`;
/*!40101 SET @saved_cs_client     = @@character_set_client */;
/*!40101 SET character_set_client = utf8 */;
CREATE TABLE `omeka_elements` (
  `id` int(10) unsigned NOT NULL AUTO_INCREMENT,
  `record_type_id` int(10) unsigned NOT NULL,
  `data_type_id` int(10) unsigned NOT NULL,
  `element_set_id` int(10) unsigned NOT NULL,
  `order` int(10) unsigned DEFAULT NULL,
  `name` varchar(255) COLLATE utf8_unicode_ci NOT NULL,
  `description` text COLLATE utf8_unicode_ci,
  PRIMARY KEY (`id`),
  UNIQUE KEY `name_element_set_id` (`element_set_id`,`name`),
  UNIQUE KEY `order_element_set_id` (`element_set_id`,`order`),
  KEY `record_type_id` (`record_type_id`),
  KEY `data_type_id` (`data_type_id`),
  KEY `element_set_id` (`element_set_id`)
) ENGINE=MyISAM AUTO_INCREMENT=86 DEFAULT CHARSET=utf8 COLLATE=utf8_unicode_ci;
/*!40101 SET character_set_client = @saved_cs_client */;

--
-- Dumping data for table `omeka_elements`
--

LOCK TABLES `omeka_elements` WRITE;
/*!40000 ALTER TABLE `omeka_elements` DISABLE KEYS */;
INSERT INTO `omeka_elements` VALUES (1,2,1,3,NULL,'Text','Any textual data included in the document.'),(2,2,2,3,NULL,'Interviewer','The person(s) performing the interview.'),(3,2,2,3,NULL,'Interviewee','The person(s) being interviewed.'),(4,2,2,3,NULL,'Location','The location of the interview.'),(5,2,1,3,NULL,'Transcription','Any written text transcribed from a sound.'),(6,2,2,3,NULL,'Local URL','The URL of the local directory containing all assets of the website.'),(7,2,2,3,NULL,'Original Format','If the image is of an object, state the type of object, such as painting, sculpture, paper, photo, and additional data'),(10,2,2,3,NULL,'Physical Dimensions','The actual physical size of the original image.'),(11,2,2,3,NULL,'Duration','Length of time involved (seconds, minutes, hours, days, class periods, etc.)'),(12,2,2,3,NULL,'Compression','Type/rate of compression for moving image file (i.e. MPEG-4)'),(13,2,2,3,NULL,'Producer','Name (or names) of the person who produced the video.'),(14,2,2,3,NULL,'Director','Name (or names) of the person who produced the video.'),(15,2,2,3,NULL,'Bit Rate/Frequency','Rate at which bits are transferred (i.e. 96 kbit/s would be FM quality audio)'),(16,2,2,3,NULL,'Time Summary','A summary of an interview given for different time stamps throughout the interview'),(17,2,1,3,NULL,'Email Body','The main body of the email, including all replied and forwarded text and headers.'),(18,2,2,3,NULL,'Subject Line','The content of the subject line of the email.'),(19,2,2,3,NULL,'From','The name and email address of the person sending the email.'),(20,2,2,3,NULL,'To','The name(s) and email address(es) of the person to whom the email was sent.'),(21,2,2,3,NULL,'CC','The name(s) and email address(es) of the person to whom the email was carbon copied.'),(22,2,2,3,NULL,'BCC','The name(s) and email address(es) of the person to whom the email was blind carbon copied.'),(23,2,2,3,NULL,'Number of Attachments','The number of attachments to the email.'),(24,2,1,3,NULL,'Standards',''),(25,2,1,3,NULL,'Objectives',''),(26,2,1,3,NULL,'Materials',''),(27,2,1,3,NULL,'Lesson Plan Text',''),(28,2,2,3,NULL,'URL',''),(29,2,2,3,NULL,'Event Type',''),(30,2,1,3,NULL,'Participants','Names of individuals or groups participating in the event.'),(31,2,9,3,NULL,'Birth Date',''),(32,2,2,3,NULL,'Birthplace',''),(33,2,9,3,NULL,'Death Date',''),(34,2,2,3,NULL,'Occupation',''),(35,2,1,3,NULL,'Biographical Text',''),(36,2,1,3,NULL,'Bibliography',''),(37,1,2,1,8,'Contributor','An entity responsible for making contributions to the resource. Examples of a Contributor include a person, an organization, or a service. Typically, the name of a Contributor should be used to indicate the entity.'),(38,1,2,1,15,'Coverage','The spatial or temporal topic of the resource, the spatial applicability of the resource, or the jurisdiction under which the resource is relevant. Spatial topic and spatial applicability may be a named place or a location specified by its geographic coordinates. Temporal topic may be a named period, date, or date range. A jurisdiction may be a named administrative entity or a geographic place to which the resource applies. Recommended best practice is to use a controlled vocabulary such as the Thesaurus of Geographic Names [TGN]. Where appropriate, named places or time periods can be used in preference to numeric identifiers such as sets of coordinates or date ranges.'),(39,1,2,1,4,'Creator','An entity primarily responsible for making the resource. Examples of a Creator include a person, an organization, or a service. Typically, the name of a Creator should be used to indicate the entity.'),(40,1,2,1,7,'Date','A point or period of time associated with an event in the lifecycle of the resource. Date may be used to express temporal information at any level of granularity. Recommended best practice is to use an encoding scheme, such as the W3CDTF profile of ISO 8601 [W3CDTF].'),(41,1,1,1,3,'Description','An account of the resource. Description may include but is not limited to: an abstract, a table of contents, a graphical representation, or a free-text account of the resource.'),(42,1,2,1,11,'Format','The file format, physical medium, or dimensions of the resource. Examples of dimensions include size and duration. Recommended best practice is to use a controlled vocabulary such as the list of Internet Media Types [MIME].'),(43,1,2,1,14,'Identifier','An unambiguous reference to the resource within a given context. Recommended best practice is to identify the resource by means of a string conforming to a formal identification system.'),(44,1,2,1,12,'Language','A language of the resource. Recommended best practice is to use a controlled vocabulary such as RFC 4646 [RFC4646].'),(45,1,2,1,6,'Publisher','An entity responsible for making the resource available. Examples of a Publisher include a person, an organization, or a service. Typically, the name of a Publisher should be used to indicate the entity.'),(46,1,2,1,10,'Relation','A related resource. Recommended best practice is to identify the related resource by means of a string conforming to a formal identification system.'),(47,1,2,1,9,'Rights','Information about rights held in and over the resource. Typically, rights information includes a statement about various property rights associated with the resource, including intellectual property rights.'),(48,1,2,1,5,'Source','A related resource from which the described resource is derived. The described resource may be derived from the related resource in whole or in part. Recommended best practice is to identify the related resource by means of a string conforming to a formal identification system.'),(49,1,2,1,2,'Subject','The topic of the resource. Typically, the subject will be represented using keywords, key phrases, or classification codes. Recommended best practice is to use a controlled vocabulary. To describe the spatial or temporal topic of the resource, use the Coverage element.'),(50,1,2,1,1,'Title','A name given to the resource. Typically, a Title will be a name by which the resource is formally known.'),(51,1,2,1,13,'Type','The nature or genre of the resource. Recommended best practice is to use a controlled vocabulary such as the DCMI Type Vocabulary [DCMITYPE]. To describe the file format, physical medium, or dimensions of the resource, use the Format element.'),(58,3,1,4,1,'Additional Creator',''),(59,3,1,4,2,'Transcriber',''),(60,3,1,4,3,'Producer',''),(61,3,1,4,4,'Render Device',''),(62,3,1,4,5,'Render Details',''),(63,3,10,4,6,'Capture Date',''),(64,3,1,4,7,'Capture Device',''),(65,3,1,4,8,'Capture Details',''),(66,3,1,4,9,'Change History',''),(67,3,1,4,10,'Watermark',''),(69,3,1,4,12,'Encryption',''),(70,3,1,4,13,'Compression',''),(71,3,1,4,14,'Post Processing',''),(72,3,4,5,1,'Width',''),(73,3,4,5,2,'Height',''),(74,3,4,5,3,'Bit Depth',''),(75,3,4,5,4,'Channels',''),(76,3,1,5,5,'Exif String',''),(77,3,1,5,6,'Exif Array',''),(78,3,1,5,7,'IPTC String',''),(79,3,1,5,8,'IPTC Array',''),(80,3,4,6,1,'Bitrate',''),(81,3,4,6,2,'Duration',''),(82,3,4,6,3,'Sample Rate',''),(83,3,1,6,4,'Codec',''),(84,3,4,6,5,'Width',''),(85,3,4,6,6,'Height','');
/*!40000 ALTER TABLE `omeka_elements` ENABLE KEYS */;
UNLOCK TABLES;

--
-- Table structure for table `omeka_entities`
--

DROP TABLE IF EXISTS `omeka_entities`;
/*!40101 SET @saved_cs_client     = @@character_set_client */;
/*!40101 SET character_set_client = utf8 */;
CREATE TABLE `omeka_entities` (
  `id` int(10) unsigned NOT NULL AUTO_INCREMENT,
  `first_name` text COLLATE utf8_unicode_ci,
  `middle_name` text COLLATE utf8_unicode_ci,
  `last_name` text COLLATE utf8_unicode_ci,
  `email` text COLLATE utf8_unicode_ci,
  `institution` text COLLATE utf8_unicode_ci,
  PRIMARY KEY (`id`)
) ENGINE=MyISAM AUTO_INCREMENT=8 DEFAULT CHARSET=utf8 COLLATE=utf8_unicode_ci;
/*!40101 SET character_set_client = @saved_cs_client */;

--
-- Dumping data for table `omeka_entities`
--

LOCK TABLES `omeka_entities` WRITE;
/*!40000 ALTER TABLE `omeka_entities` DISABLE KEYS */;
INSERT INTO `omeka_entities` VALUES (1,'Super',NULL,'User','david.js.kim@ucla.edu',NULL),(2,'Leon',NULL,'Diaz de Santillana','ldesantillana@ucla.edu','UCLA'),(3,'Mateusz',NULL,'Gwizdala','mateuszgwizdala@ucla.edu','UCLA'),(4,'Iman',NULL,'Salehian','imansalehian@ucla.edu','UCLA'),(5,'Jacob',NULL,'Ferrari','jferr144@ucla.edu','UCLA'),(6,'david',NULL,'kim','jinsae@ucla.edu',''),(7,'jtadmin',NULL,'jtadmin','tancinco@humnet.ucla.edu','');
/*!40000 ALTER TABLE `omeka_entities` ENABLE KEYS */;
UNLOCK TABLES;

--
-- Table structure for table `omeka_entities_relations`
--

DROP TABLE IF EXISTS `omeka_entities_relations`;
/*!40101 SET @saved_cs_client     = @@character_set_client */;
/*!40101 SET character_set_client = utf8 */;
CREATE TABLE `omeka_entities_relations` (
  `id` int(10) unsigned NOT NULL AUTO_INCREMENT,
  `entity_id` int(10) unsigned DEFAULT NULL,
  `relation_id` int(10) unsigned DEFAULT NULL,
  `relationship_id` int(10) unsigned DEFAULT NULL,
  `type` enum('Item','Collection','Exhibit') COLLATE utf8_unicode_ci NOT NULL,
  `time` datetime DEFAULT NULL,
  PRIMARY KEY (`id`),
  KEY `relation_type` (`type`),
  KEY `relation` (`relation_id`),
  KEY `relationship` (`relationship_id`)
) ENGINE=MyISAM AUTO_INCREMENT=751 DEFAULT CHARSET=utf8 COLLATE=utf8_unicode_ci;
/*!40101 SET character_set_client = @saved_cs_client */;

--
-- Dumping data for table `omeka_entities_relations`
--

LOCK TABLES `omeka_entities_relations` WRITE;
/*!40000 ALTER TABLE `omeka_entities_relations` DISABLE KEYS */;
INSERT INTO `omeka_entities_relations` VALUES (553,3,100,2,'Item','2012-11-21 14:16:01'),(5,5,4,1,'Item','2012-10-19 09:40:39'),(6,4,4,2,'Item','2012-10-19 09:43:59'),(7,4,4,2,'Item','2012-10-19 09:45:07'),(8,2,5,1,'Item','2012-10-19 09:47:12'),(9,4,4,2,'Item','2012-10-19 10:10:36'),(10,4,4,2,'Item','2012-10-19 10:11:40'),(11,4,6,1,'Item','2012-10-21 22:15:30'),(12,4,7,1,'Item','2012-10-21 22:19:18'),(13,3,8,1,'Item','2012-10-23 20:35:24'),(14,3,5,2,'Item','2012-10-23 20:37:51'),(15,3,5,2,'Item','2012-10-23 20:38:40'),(16,3,8,2,'Item','2012-10-23 23:39:13'),(17,3,8,2,'Item','2012-10-23 20:40:16'),(18,3,8,2,'Item','2012-10-23 20:40:41'),(19,3,9,1,'Item','2012-10-23 20:44:52'),(20,2,10,1,'Item','2012-10-24 13:23:15'),(644,5,172,1,'Item','2012-11-28 23:22:30'),(23,2,13,1,'Item','2012-10-24 13:37:25'),(24,2,13,2,'Item','2012-10-24 13:37:37'),(25,4,7,2,'Item','2012-10-24 18:02:50'),(26,4,6,2,'Item','2012-10-24 18:07:21'),(27,4,6,2,'Item','2012-10-24 18:08:48'),(28,4,6,2,'Item','2012-10-24 18:09:11'),(29,4,6,2,'Item','2012-10-24 18:11:16'),(30,4,6,2,'Item','2012-10-24 18:11:56'),(31,4,7,2,'Item','2012-10-24 18:14:16'),(32,4,4,2,'Item','2012-10-24 18:17:08'),(43,4,24,1,'Item','2012-10-25 10:20:49'),(42,7,23,1,'Item','2012-10-25 04:23:43'),(44,4,24,2,'Item','2012-10-25 10:25:34'),(45,1,25,1,'Item','2012-10-25 10:40:43'),(46,3,26,1,'Item','2012-10-25 12:39:40'),(47,3,26,2,'Item','2012-10-25 12:40:16'),(48,3,26,2,'Item','2012-10-25 12:40:24'),(49,3,26,2,'Item','2012-10-25 15:40:38'),(50,3,9,2,'Item','2012-10-25 12:45:13'),(51,3,9,2,'Item','2012-10-25 15:45:34'),(52,3,9,2,'Item','2012-10-25 12:46:36'),(53,3,26,2,'Item','2012-10-25 12:47:03'),(54,3,27,1,'Item','2012-10-25 12:53:19'),(55,3,27,2,'Item','2012-10-25 12:53:33'),(56,3,27,2,'Item','2012-10-25 12:53:39'),(57,3,27,2,'Item','2012-10-25 15:53:53'),(58,3,28,1,'Item','2012-10-25 13:01:52'),(59,3,28,2,'Item','2012-10-25 13:02:13'),(60,3,28,2,'Item','2012-10-25 13:02:23'),(61,3,28,2,'Item','2012-10-25 16:02:36'),(62,5,29,1,'Item','2012-10-25 13:52:49'),(63,3,30,1,'Item','2012-10-25 13:58:14'),(64,3,30,2,'Item','2012-10-25 13:58:45'),(65,3,30,2,'Item','2012-10-25 16:59:02'),(66,5,31,1,'Item','2012-10-25 14:03:50'),(353,4,116,1,'Item','2012-11-08 18:24:50'),(352,3,114,2,'Item','2012-11-08 18:19:19'),(351,4,115,1,'Item','2012-11-08 18:17:44'),(70,3,30,2,'Item','2012-10-25 14:06:30'),(350,3,114,1,'Item','2012-11-08 18:17:34'),(72,5,33,1,'Item','2012-10-25 14:11:03'),(73,3,34,1,'Item','2012-10-25 14:12:27'),(74,3,34,2,'Item','2012-10-25 17:12:39'),(75,3,34,2,'Item','2012-10-25 14:12:54'),(76,3,34,2,'Item','2012-10-25 14:13:01'),(77,5,35,1,'Item','2012-10-25 14:18:02'),(78,5,35,2,'Item','2012-10-25 14:18:35'),(79,3,36,1,'Item','2012-10-25 14:20:01'),(80,3,36,2,'Item','2012-10-25 17:20:39'),(81,5,37,1,'Item','2012-10-25 14:24:14'),(82,3,38,1,'Item','2012-10-25 15:40:59'),(83,3,38,2,'Item','2012-10-25 15:41:16'),(84,3,38,2,'Item','2012-10-25 18:41:34'),(85,3,38,2,'Item','2012-10-25 16:04:53'),(86,3,38,2,'Item','2012-10-25 16:14:27'),(87,3,36,2,'Item','2012-10-25 16:20:17'),(88,3,30,2,'Item','2012-10-25 16:23:44'),(89,3,26,2,'Item','2012-10-25 16:25:01'),(90,3,27,2,'Item','2012-10-25 16:28:03'),(91,3,27,2,'Item','2012-10-25 16:41:37'),(92,4,39,1,'Item','2012-10-25 18:01:45'),(93,4,39,2,'Item','2012-10-25 18:02:28'),(94,4,40,1,'Item','2012-10-25 18:05:12'),(95,4,40,2,'Item','2012-10-25 18:05:24'),(96,4,41,1,'Item','2012-10-25 18:08:28'),(97,4,41,2,'Item','2012-10-25 18:08:42'),(98,4,42,1,'Item','2012-10-25 18:11:55'),(99,4,41,2,'Item','2012-10-25 18:12:11'),(100,4,43,1,'Item','2012-10-25 18:14:29'),(101,2,44,1,'Item','2012-10-26 08:40:32'),(102,2,44,2,'Item','2012-10-26 08:40:47'),(103,2,45,1,'Item','2012-10-26 08:57:43'),(104,2,45,2,'Item','2012-10-26 11:58:58'),(105,2,46,1,'Item','2012-10-26 09:09:17'),(106,5,33,2,'Item','2012-10-26 09:14:30'),(107,2,46,2,'Item','2012-10-26 09:15:48'),(108,2,44,2,'Item','2012-10-26 09:34:45'),(109,2,44,2,'Item','2012-10-26 09:34:45'),(110,2,44,2,'Item','2012-10-26 09:35:17'),(111,3,38,2,'Item','2012-10-26 09:44:30'),(112,4,43,2,'Item','2012-10-26 21:15:56'),(113,4,42,2,'Item','2012-10-26 21:25:07'),(114,4,41,2,'Item','2012-10-26 21:30:53'),(115,4,40,2,'Item','2012-10-26 21:34:01'),(116,4,43,2,'Item','2012-10-26 21:34:24'),(117,4,42,2,'Item','2012-10-26 21:34:38'),(118,4,39,2,'Item','2012-10-26 21:39:24'),(119,4,4,2,'Item','2012-10-26 21:48:02'),(120,4,4,2,'Item','2012-10-27 00:50:33'),(161,4,58,1,'Item','2012-11-05 20:43:47'),(163,4,58,2,'Item','2012-11-05 20:46:21'),(164,4,58,2,'Item','2012-11-06 00:06:57'),(162,4,58,2,'Item','2012-11-05 20:45:20'),(165,4,59,1,'Item','2012-11-05 21:10:30'),(166,4,59,2,'Item','2012-11-06 00:11:02'),(167,4,60,1,'Item','2012-11-05 21:32:24'),(168,4,61,1,'Item','2012-11-06 07:53:57'),(169,4,62,1,'Item','2012-11-06 08:03:55'),(130,3,8,2,'Item','2012-11-02 07:40:03'),(131,3,26,2,'Item','2012-11-02 07:47:43'),(132,3,27,2,'Item','2012-11-02 07:49:16'),(133,3,28,2,'Item','2012-11-02 07:49:49'),(134,3,30,2,'Item','2012-11-02 07:50:38'),(349,4,113,1,'Item','2012-11-08 18:14:51'),(136,3,34,2,'Item','2012-11-02 07:51:38'),(137,3,36,2,'Item','2012-11-02 07:52:20'),(138,3,38,2,'Item','2012-11-02 07:53:01'),(139,3,38,2,'Item','2012-11-02 08:00:51'),(140,3,36,2,'Item','2012-11-02 08:01:23'),(141,3,34,2,'Item','2012-11-02 08:02:03'),(348,4,112,1,'Item','2012-11-08 18:12:30'),(143,3,30,2,'Item','2012-11-02 08:03:00'),(144,3,28,2,'Item','2012-11-02 08:03:31'),(145,3,27,2,'Item','2012-11-02 08:04:10'),(146,3,26,2,'Item','2012-11-02 08:04:31'),(147,3,9,2,'Item','2012-11-02 08:05:06'),(148,1,42,2,'Item','2012-11-05 13:49:44'),(149,4,2,1,'Exhibit','2012-11-05 18:46:27'),(150,4,2,2,'Exhibit','2012-11-05 18:46:35'),(151,4,55,1,'Item','2012-11-05 19:15:32'),(152,4,56,1,'Item','2012-11-05 19:32:16'),(153,4,2,2,'Exhibit','2012-11-05 19:34:09'),(154,4,57,1,'Item','2012-11-05 19:47:26'),(155,4,57,2,'Item','2012-11-05 22:47:59'),(156,4,2,2,'Exhibit','2012-11-05 19:51:14'),(157,4,2,2,'Exhibit','2012-11-05 19:52:05'),(158,4,2,2,'Exhibit','2012-11-05 19:54:04'),(159,4,2,2,'Exhibit','2012-11-05 20:07:18'),(160,4,2,2,'Exhibit','2012-11-05 20:14:06'),(170,4,62,2,'Item','2012-11-06 08:04:10'),(171,4,63,1,'Item','2012-11-06 08:11:08'),(172,4,64,1,'Item','2012-11-06 08:16:10'),(173,4,65,1,'Item','2012-11-06 08:20:01'),(174,4,59,2,'Item','2012-11-06 16:10:35'),(175,4,60,2,'Item','2012-11-06 16:12:04'),(176,4,66,1,'Item','2012-11-06 13:27:04'),(177,4,67,1,'Item','2012-11-06 13:28:24'),(178,4,68,1,'Item','2012-11-06 13:28:57'),(179,4,69,1,'Item','2012-11-06 13:29:19'),(180,4,70,1,'Item','2012-11-06 13:29:35'),(181,4,71,1,'Item','2012-11-06 13:29:53'),(182,4,72,1,'Item','2012-11-06 13:30:13'),(183,4,73,1,'Item','2012-11-06 13:30:33'),(184,4,74,1,'Item','2012-11-06 13:30:47'),(185,4,75,1,'Item','2012-11-06 13:31:01'),(186,4,76,1,'Item','2012-11-06 13:31:24'),(187,4,77,1,'Item','2012-11-06 13:32:05'),(188,4,78,1,'Item','2012-11-06 13:32:24'),(189,2,44,2,'Item','2012-11-06 14:41:24'),(190,5,79,1,'Item','2012-11-07 10:15:10'),(191,5,79,2,'Item','2012-11-07 10:16:47'),(192,5,79,2,'Item','2012-11-07 10:25:48'),(193,5,79,2,'Item','2012-11-07 10:36:18'),(194,5,80,1,'Item','2012-11-07 10:40:51'),(195,5,80,2,'Item','2012-11-07 10:47:19'),(196,5,81,1,'Item','2012-11-07 10:57:54'),(197,5,82,1,'Item','2012-11-07 11:30:00'),(198,4,58,2,'Item','2012-11-07 16:49:39'),(199,4,60,2,'Item','2012-11-07 16:50:11'),(200,4,59,2,'Item','2012-11-07 16:52:18'),(201,3,83,1,'Item','2012-11-07 19:58:43'),(202,3,83,2,'Item','2012-11-07 19:59:29'),(203,3,83,2,'Item','2012-11-07 19:59:43'),(204,3,83,2,'Item','2012-11-07 23:00:03'),(205,3,83,2,'Item','2012-11-07 20:02:47'),(206,3,84,1,'Item','2012-11-07 20:04:47'),(207,3,84,2,'Item','2012-11-07 20:05:07'),(208,3,84,2,'Item','2012-11-07 20:05:20'),(209,3,84,2,'Item','2012-11-07 23:05:32'),(210,4,70,2,'Item','2012-11-07 21:28:33'),(211,4,75,2,'Item','2012-11-07 21:29:52'),(212,4,67,2,'Item','2012-11-07 21:31:06'),(213,4,76,2,'Item','2012-11-07 21:33:58'),(214,4,71,2,'Item','2012-11-07 21:35:18'),(215,4,77,2,'Item','2012-11-07 21:36:21'),(216,4,66,2,'Item','2012-11-07 21:38:22'),(217,4,78,2,'Item','2012-11-07 21:40:05'),(218,4,73,2,'Item','2012-11-07 21:42:00'),(219,4,72,2,'Item','2012-11-07 21:43:31'),(220,4,68,2,'Item','2012-11-07 21:45:20'),(221,4,74,2,'Item','2012-11-07 21:45:44'),(222,4,69,2,'Item','2012-11-07 21:46:25'),(223,4,85,1,'Item','2012-11-07 21:58:55'),(224,4,85,2,'Item','2012-11-08 01:00:15'),(225,4,2,2,'Exhibit','2012-11-07 22:06:01'),(226,5,81,2,'Item','2012-11-08 02:36:36'),(227,5,82,2,'Item','2012-11-08 02:39:39'),(228,5,82,2,'Item','2012-11-07 23:40:40'),(229,5,82,2,'Item','2012-11-08 02:43:24'),(230,5,82,2,'Item','2012-11-07 23:45:34'),(231,5,80,2,'Item','2012-11-08 03:23:17'),(232,5,79,2,'Item','2012-11-08 03:35:08'),(233,4,86,1,'Item','2012-11-08 08:35:45'),(234,4,87,1,'Item','2012-11-08 08:43:04'),(235,4,88,1,'Item','2012-11-08 08:49:34'),(236,4,89,1,'Item','2012-11-08 09:56:18'),(237,4,90,1,'Item','2012-11-08 10:01:45'),(238,4,91,1,'Item','2012-11-08 10:06:53'),(239,4,2,2,'Exhibit','2012-11-08 10:09:56'),(240,4,2,2,'Exhibit','2012-11-08 10:10:10'),(241,3,84,2,'Item','2012-11-08 11:06:04'),(242,3,84,2,'Item','2012-11-08 11:06:45'),(243,3,83,2,'Item','2012-11-08 11:07:13'),(244,3,38,2,'Item','2012-11-08 11:07:46'),(245,3,36,2,'Item','2012-11-08 11:08:01'),(246,3,34,2,'Item','2012-11-08 11:08:19'),(347,4,111,1,'Item','2012-11-08 18:05:36'),(248,3,30,2,'Item','2012-11-08 11:08:52'),(249,3,27,2,'Item','2012-11-08 11:09:07'),(250,3,26,2,'Item','2012-11-08 11:10:45'),(251,4,92,1,'Item','2012-11-08 11:56:19'),(252,4,59,2,'Item','2012-11-08 15:06:19'),(253,4,60,2,'Item','2012-11-08 15:08:24'),(254,3,61,2,'Item','2012-11-08 12:16:47'),(255,3,83,2,'Item','2012-11-08 12:17:06'),(256,3,84,2,'Item','2012-11-08 12:17:21'),(257,3,36,2,'Item','2012-11-08 12:17:31'),(258,3,34,2,'Item','2012-11-08 12:18:05'),(346,3,4,2,'Exhibit','2012-11-08 17:51:39'),(260,3,30,2,'Item','2012-11-08 12:18:29'),(261,3,28,2,'Item','2012-11-08 12:18:42'),(262,3,27,2,'Item','2012-11-08 12:18:57'),(263,3,26,2,'Item','2012-11-08 12:19:12'),(264,4,2,2,'Exhibit','2012-11-08 13:29:40'),(265,4,93,1,'Item','2012-11-08 13:53:51'),(266,4,93,2,'Item','2012-11-08 13:54:44'),(267,4,2,2,'Exhibit','2012-11-08 13:56:30'),(268,3,94,1,'Item','2012-11-08 13:58:01'),(269,3,94,2,'Item','2012-11-08 13:58:16'),(270,3,94,2,'Item','2012-11-08 16:58:29'),(271,3,94,2,'Item','2012-11-08 13:58:41'),(272,3,94,2,'Item','2012-11-08 13:58:48'),(273,3,94,2,'Item','2012-11-08 13:58:54'),(274,3,95,1,'Item','2012-11-08 14:01:00'),(275,3,95,2,'Item','2012-11-08 14:01:18'),(276,3,95,2,'Item','2012-11-08 14:01:25'),(277,3,95,2,'Item','2012-11-08 17:01:37'),(278,3,95,2,'Item','2012-11-08 14:01:47'),(279,3,95,2,'Item','2012-11-08 14:02:06'),(280,4,93,2,'Item','2012-11-08 17:03:31'),(281,4,2,2,'Exhibit','2012-11-08 14:03:54'),(282,3,96,1,'Item','2012-11-08 14:04:38'),(283,4,93,2,'Item','2012-11-08 17:05:23'),(284,3,96,2,'Item','2012-11-08 14:05:39'),(285,3,96,2,'Item','2012-11-08 14:05:44'),(286,4,2,2,'Exhibit','2012-11-08 14:05:47'),(287,3,96,2,'Item','2012-11-08 17:06:01'),(288,3,96,2,'Item','2012-11-08 14:06:20'),(289,3,96,2,'Item','2012-11-08 14:06:28'),(290,3,97,1,'Item','2012-11-08 14:08:24'),(291,3,97,2,'Item','2012-11-08 17:09:32'),(292,3,26,2,'Item','2012-11-08 14:20:06'),(343,3,28,2,'Item','2012-11-08 17:01:13'),(294,5,98,1,'Item','2012-11-08 15:13:11'),(295,4,99,1,'Item','2012-11-08 15:13:35'),(296,5,100,1,'Item','2012-11-08 15:24:05'),(297,3,26,2,'Item','2012-11-08 15:24:38'),(298,3,26,2,'Item','2012-11-08 15:25:54'),(299,3,8,2,'Item','2012-11-08 15:27:26'),(300,5,101,1,'Item','2012-11-08 15:33:04'),(301,5,102,1,'Item','2012-11-08 15:39:25'),(342,3,34,2,'Item','2012-11-08 17:00:43'),(303,3,27,2,'Item','2012-11-08 15:42:50'),(304,3,28,2,'Item','2012-11-08 15:43:39'),(305,3,30,2,'Item','2012-11-08 15:44:25'),(306,3,30,2,'Item','2012-11-08 15:44:58'),(308,4,103,1,'Item','2012-11-08 15:46:34'),(341,3,30,2,'Item','2012-11-08 17:00:26'),(310,5,4,1,'Exhibit','2012-11-08 15:49:22'),(311,3,97,2,'Item','2012-11-08 15:50:24'),(312,3,97,2,'Item','2012-11-08 15:50:36'),(313,3,97,2,'Item','2012-11-08 15:51:01'),(314,4,104,1,'Item','2012-11-08 15:51:45'),(315,3,97,2,'Item','2012-11-08 15:51:52'),(316,3,96,2,'Item','2012-11-08 15:53:37'),(317,3,96,2,'Item','2012-11-08 15:54:27'),(318,4,2,2,'Exhibit','2012-11-08 15:58:58'),(319,3,95,2,'Item','2012-11-08 16:00:58'),(320,3,96,2,'Item','2012-11-08 16:01:33'),(321,3,94,2,'Item','2012-11-08 16:02:03'),(322,3,94,2,'Item','2012-11-08 16:02:15'),(323,3,84,2,'Item','2012-11-08 16:04:11'),(324,3,84,2,'Item','2012-11-08 16:04:23'),(325,3,84,2,'Item','2012-11-08 16:04:56'),(326,3,83,2,'Item','2012-11-08 16:06:16'),(327,3,83,2,'Item','2012-11-08 16:06:35'),(328,3,38,2,'Item','2012-11-08 16:07:07'),(329,3,36,2,'Item','2012-11-08 16:07:52'),(330,3,96,2,'Item','2012-11-08 16:09:17'),(331,3,36,2,'Item','2012-11-08 16:09:50'),(332,3,97,2,'Item','2012-11-08 16:10:27'),(333,4,105,1,'Item','2012-11-08 16:10:33'),(334,3,34,2,'Item','2012-11-08 16:12:08'),(335,4,106,1,'Item','2012-11-08 16:38:12'),(336,4,107,1,'Item','2012-11-08 16:39:26'),(337,4,108,1,'Item','2012-11-08 16:41:02'),(338,4,109,1,'Item','2012-11-08 16:42:49'),(339,4,110,1,'Item','2012-11-08 16:43:51'),(340,3,34,2,'Item','2012-11-08 16:58:16'),(354,3,117,1,'Item','2012-11-08 18:27:37'),(355,3,117,2,'Item','2012-11-08 18:27:46'),(356,3,114,2,'Item','2012-11-08 18:28:01'),(357,3,34,2,'Item','2012-11-08 18:51:07'),(358,3,114,2,'Item','2012-11-08 18:57:43'),(359,4,24,2,'Item','2012-11-08 22:36:36'),(360,4,61,2,'Item','2012-11-08 22:37:41'),(361,4,118,1,'Item','2012-11-08 19:44:53'),(362,4,118,2,'Item','2012-11-08 19:45:03'),(363,4,119,1,'Item','2012-11-08 19:53:52'),(364,4,120,1,'Item','2012-11-08 20:05:08'),(365,4,121,1,'Item','2012-11-08 20:08:03'),(366,4,122,1,'Item','2012-11-08 20:13:09'),(367,4,123,1,'Item','2012-11-08 20:16:05'),(368,4,124,1,'Item','2012-11-08 20:19:12'),(369,3,28,2,'Item','2012-11-08 20:42:22'),(370,3,8,2,'Item','2012-11-08 20:43:01'),(371,4,125,1,'Item','2012-11-08 20:53:22'),(372,4,126,1,'Item','2012-11-08 20:57:29'),(373,4,127,1,'Item','2012-11-08 21:00:16'),(374,5,37,2,'Item','2012-11-08 21:09:50'),(375,5,35,2,'Item','2012-11-08 21:11:44'),(376,5,102,2,'Item','2012-11-08 21:16:08'),(377,5,101,2,'Item','2012-11-08 21:16:33'),(378,5,98,2,'Item','2012-11-08 21:17:25'),(379,5,82,2,'Item','2012-11-08 21:17:48'),(380,5,81,2,'Item','2012-11-08 21:18:18'),(381,5,80,2,'Item','2012-11-08 21:18:47'),(382,5,79,2,'Item','2012-11-08 21:19:15'),(383,5,37,2,'Item','2012-11-08 21:19:44'),(384,5,35,2,'Item','2012-11-08 21:20:02'),(385,5,33,2,'Item','2012-11-08 21:20:40'),(386,5,31,2,'Item','2012-11-08 21:21:22'),(387,5,29,2,'Item','2012-11-08 21:21:53'),(388,5,29,2,'Item','2012-11-08 21:22:21'),(389,5,4,2,'Item','2012-11-08 21:23:57'),(390,5,4,2,'Exhibit','2012-11-08 21:39:20'),(391,5,128,1,'Item','2012-11-08 21:52:20'),(584,4,146,2,'Item','2012-11-27 16:28:44'),(583,4,147,1,'Item','2012-11-27 13:08:32'),(394,5,129,1,'Item','2012-11-08 21:59:37'),(582,4,146,1,'Item','2012-11-27 13:08:12'),(396,3,114,2,'Item','2012-11-08 22:07:58'),(397,3,97,2,'Item','2012-11-08 22:08:20'),(398,3,95,2,'Item','2012-11-08 22:08:52'),(399,3,94,2,'Item','2012-11-08 22:09:05'),(400,3,84,2,'Item','2012-11-08 22:09:19'),(401,3,36,2,'Item','2012-11-08 22:10:01'),(402,3,34,2,'Item','2012-11-08 22:10:13'),(403,3,30,2,'Item','2012-11-08 22:10:26'),(404,5,130,1,'Item','2012-11-08 22:53:38'),(405,5,131,1,'Item','2012-11-08 22:57:45'),(567,5,145,1,'Item','2012-11-25 16:49:21'),(568,5,4,2,'Exhibit','2012-11-25 23:09:11'),(570,3,114,2,'Item','2012-11-27 12:40:52'),(569,3,117,2,'Item','2012-11-27 12:40:26'),(410,2,45,2,'Item','2012-11-09 06:23:57'),(411,2,45,2,'Item','2012-11-09 06:42:09'),(412,4,2,2,'Exhibit','2012-11-09 06:56:02'),(413,4,2,2,'Exhibit','2012-11-09 06:56:16'),(414,2,135,1,'Item','2012-11-09 07:27:20'),(415,2,46,2,'Item','2012-11-09 10:34:21'),(416,2,44,2,'Item','2012-11-09 07:36:42'),(417,2,44,2,'Item','2012-11-09 07:37:01'),(418,2,10,2,'Item','2012-11-09 08:33:01'),(419,2,13,2,'Item','2012-11-09 08:33:44'),(420,2,136,1,'Item','2012-11-09 08:38:36'),(421,2,46,2,'Item','2012-11-09 08:39:44'),(422,2,46,2,'Item','2012-11-09 08:39:49'),(423,2,46,2,'Item','2012-11-09 08:39:59'),(424,5,4,2,'Exhibit','2012-11-09 08:40:53'),(425,2,137,1,'Item','2012-11-09 08:42:38'),(426,2,138,1,'Item','2012-11-09 08:44:39'),(427,2,138,2,'Item','2012-11-09 11:45:40'),(428,2,138,2,'Item','2012-11-09 11:45:41'),(429,2,138,2,'Item','2012-11-09 08:46:21'),(430,2,137,2,'Item','2012-11-09 11:47:21'),(431,2,137,2,'Item','2012-11-09 08:47:31'),(432,4,2,2,'Exhibit','2012-11-09 08:48:56'),(433,4,2,2,'Exhibit','2012-11-09 08:49:00'),(434,2,139,1,'Item','2012-11-09 08:50:49'),(435,2,140,1,'Item','2012-11-09 08:54:04'),(436,2,141,1,'Item','2012-11-09 08:57:24'),(437,2,142,1,'Item','2012-11-09 09:00:36'),(438,2,140,2,'Item','2012-11-09 09:00:52'),(552,4,2,2,'Exhibit','2012-11-20 17:03:36'),(551,4,2,2,'Exhibit','2012-11-20 17:02:10'),(441,3,116,2,'Item','2012-11-15 15:31:46'),(442,3,115,2,'Item','2012-11-15 15:31:46'),(443,3,113,2,'Item','2012-11-15 15:31:46'),(444,3,112,2,'Item','2012-11-15 15:31:46'),(445,3,111,2,'Item','2012-11-15 15:31:46'),(446,3,110,2,'Item','2012-11-15 15:31:46'),(447,3,109,2,'Item','2012-11-15 15:31:46'),(448,3,108,2,'Item','2012-11-15 15:31:46'),(449,3,107,2,'Item','2012-11-15 15:31:46'),(450,3,106,2,'Item','2012-11-15 15:31:46'),(451,3,91,2,'Item','2012-11-15 15:32:08'),(452,3,90,2,'Item','2012-11-15 15:32:08'),(453,3,89,2,'Item','2012-11-15 15:32:08'),(454,3,88,2,'Item','2012-11-15 15:32:08'),(455,3,87,2,'Item','2012-11-15 15:32:08'),(456,3,86,2,'Item','2012-11-15 15:32:08'),(457,3,65,2,'Item','2012-11-15 15:32:08'),(458,3,64,2,'Item','2012-11-15 15:32:08'),(459,3,63,2,'Item','2012-11-15 15:32:08'),(460,3,62,2,'Item','2012-11-15 15:32:08'),(461,3,57,2,'Item','2012-11-15 15:32:25'),(462,3,56,2,'Item','2012-11-15 15:32:25'),(463,3,55,2,'Item','2012-11-15 15:32:25'),(464,3,43,2,'Item','2012-11-15 15:32:25'),(465,3,42,2,'Item','2012-11-15 15:32:25'),(466,3,41,2,'Item','2012-11-15 15:32:25'),(467,3,40,2,'Item','2012-11-15 15:32:25'),(468,3,39,2,'Item','2012-11-15 15:32:25'),(469,3,39,2,'Item','2012-11-15 18:42:23'),(470,4,143,1,'Item','2012-11-15 20:27:50'),(471,4,143,2,'Item','2012-11-15 23:28:15'),(472,4,143,2,'Item','2012-11-15 20:29:20'),(473,4,144,1,'Item','2012-11-15 20:31:13'),(474,4,143,2,'Item','2012-11-15 20:31:31'),(475,5,131,2,'Item','2012-11-16 09:23:11'),(476,4,144,2,'Item','2012-11-16 09:27:12'),(477,4,143,2,'Item','2012-11-16 09:27:23'),(478,4,127,2,'Item','2012-11-16 09:27:50'),(479,4,126,2,'Item','2012-11-16 09:27:58'),(480,4,125,2,'Item','2012-11-16 09:28:05'),(481,4,124,2,'Item','2012-11-16 09:28:13'),(482,4,123,2,'Item','2012-11-16 09:28:21'),(483,4,122,2,'Item','2012-11-16 09:28:28'),(484,4,121,2,'Item','2012-11-16 09:28:35'),(485,4,120,2,'Item','2012-11-16 09:28:41'),(486,4,119,2,'Item','2012-11-16 09:28:49'),(487,4,118,2,'Item','2012-11-16 09:28:56'),(488,4,117,2,'Item','2012-11-16 09:29:03'),(489,4,116,2,'Item','2012-11-16 09:29:10'),(490,4,115,2,'Item','2012-11-16 09:29:19'),(491,4,113,2,'Item','2012-11-16 09:29:27'),(492,4,112,2,'Item','2012-11-16 09:29:34'),(493,4,112,2,'Item','2012-11-16 09:29:50'),(494,4,111,2,'Item','2012-11-16 09:29:57'),(495,4,110,2,'Item','2012-11-16 09:30:06'),(496,4,109,2,'Item','2012-11-16 09:30:13'),(497,4,108,2,'Item','2012-11-16 09:30:21'),(498,4,107,2,'Item','2012-11-16 09:30:28'),(499,4,106,2,'Item','2012-11-16 09:30:35'),(500,4,105,2,'Item','2012-11-16 09:30:42'),(501,4,104,2,'Item','2012-11-16 09:30:48'),(502,4,103,2,'Item','2012-11-16 09:30:56'),(503,4,102,2,'Item','2012-11-16 09:31:08'),(504,4,99,2,'Item','2012-11-16 09:31:20'),(505,4,93,2,'Item','2012-11-16 09:31:45'),(506,4,92,2,'Item','2012-11-16 09:31:52'),(507,4,91,2,'Item','2012-11-16 09:31:59'),(508,4,90,2,'Item','2012-11-16 09:32:05'),(509,4,89,2,'Item','2012-11-16 09:32:13'),(510,4,88,2,'Item','2012-11-16 09:32:21'),(511,4,87,2,'Item','2012-11-16 09:32:28'),(512,4,86,2,'Item','2012-11-16 09:32:35'),(513,4,85,2,'Item','2012-11-16 09:32:42'),(514,4,78,2,'Item','2012-11-16 09:32:58'),(515,4,77,2,'Item','2012-11-16 09:33:04'),(516,4,76,2,'Item','2012-11-16 09:33:12'),(517,4,75,2,'Item','2012-11-16 09:33:21'),(518,4,74,2,'Item','2012-11-16 09:33:28'),(519,4,73,2,'Item','2012-11-16 09:33:36'),(520,4,72,2,'Item','2012-11-16 09:33:43'),(521,4,71,2,'Item','2012-11-16 09:33:55'),(522,4,70,2,'Item','2012-11-16 09:34:06'),(523,4,69,2,'Item','2012-11-16 09:34:13'),(524,4,68,2,'Item','2012-11-16 09:34:21'),(525,4,67,2,'Item','2012-11-16 09:34:28'),(526,4,66,2,'Item','2012-11-16 09:34:35'),(527,4,65,2,'Item','2012-11-16 09:34:42'),(528,4,64,2,'Item','2012-11-16 09:34:50'),(529,4,63,2,'Item','2012-11-16 09:34:55'),(530,4,62,2,'Item','2012-11-16 09:35:07'),(531,4,61,2,'Item','2012-11-16 09:35:15'),(532,4,60,2,'Item','2012-11-16 09:35:24'),(533,4,59,2,'Item','2012-11-16 09:35:31'),(534,4,58,2,'Item','2012-11-16 09:35:39'),(535,4,57,2,'Item','2012-11-16 09:35:46'),(536,4,56,2,'Item','2012-11-16 09:35:54'),(537,4,55,2,'Item','2012-11-16 09:36:00'),(538,4,43,2,'Item','2012-11-16 09:36:11'),(539,4,42,2,'Item','2012-11-16 09:36:21'),(540,4,41,2,'Item','2012-11-16 09:36:30'),(541,4,40,2,'Item','2012-11-16 09:36:36'),(542,4,24,2,'Item','2012-11-16 09:37:45'),(543,4,7,2,'Item','2012-11-16 09:38:00'),(544,4,4,2,'Item','2012-11-16 09:38:19'),(545,4,2,2,'Exhibit','2012-11-20 16:38:24'),(546,4,2,2,'Exhibit','2012-11-20 16:38:34'),(547,4,2,2,'Exhibit','2012-11-20 16:40:05'),(548,4,7,1,'Exhibit','2012-11-20 16:50:16'),(549,4,7,2,'Exhibit','2012-11-20 16:50:19'),(550,4,7,2,'Exhibit','2012-11-20 16:50:39'),(554,2,142,2,'Item','2012-11-21 16:21:29'),(555,2,141,2,'Item','2012-11-21 16:22:43'),(556,2,139,2,'Item','2012-11-21 16:22:43'),(557,2,138,2,'Item','2012-11-21 16:22:43'),(558,2,137,2,'Item','2012-11-21 16:22:43'),(559,2,136,2,'Item','2012-11-21 16:22:43'),(560,2,135,2,'Item','2012-11-21 16:23:25'),(561,2,7,2,'Exhibit','2012-11-21 16:26:56'),(562,2,13,2,'Item','2012-11-21 16:39:01'),(563,2,46,2,'Item','2012-11-21 16:41:31'),(564,2,10,2,'Item','2012-11-21 16:43:13'),(565,2,44,2,'Item','2012-11-21 16:48:45'),(566,2,7,2,'Exhibit','2012-11-21 16:50:42'),(571,3,97,2,'Item','2012-11-27 12:41:07'),(572,3,96,2,'Item','2012-11-27 12:41:21'),(573,3,95,2,'Item','2012-11-27 12:41:33'),(574,3,94,2,'Item','2012-11-27 12:41:44'),(575,3,84,2,'Item','2012-11-27 12:41:55'),(576,3,83,2,'Item','2012-11-27 12:42:09'),(577,3,38,2,'Item','2012-11-27 12:42:25'),(578,3,36,2,'Item','2012-11-27 12:42:37'),(579,3,34,2,'Item','2012-11-27 12:42:49'),(580,3,30,2,'Item','2012-11-27 12:43:01'),(581,3,27,2,'Item','2012-11-27 12:43:15'),(585,4,147,2,'Item','2012-11-27 16:29:31'),(586,3,2,2,'Exhibit','2012-11-27 15:07:19'),(587,3,2,2,'Exhibit','2012-11-27 15:07:41'),(588,3,148,1,'Item','2012-11-27 15:20:54'),(589,3,148,2,'Item','2012-11-27 15:21:10'),(590,3,148,2,'Item','2012-11-27 18:21:32'),(591,3,149,1,'Item','2012-11-27 15:39:32'),(592,3,149,2,'Item','2012-11-27 18:40:10'),(593,3,150,1,'Item','2012-11-27 15:42:10'),(594,3,149,2,'Item','2012-11-27 15:42:20'),(595,3,151,1,'Item','2012-11-27 15:44:15'),(596,3,152,1,'Item','2012-11-27 15:45:57'),(597,3,153,1,'Item','2012-11-27 15:48:29'),(598,3,150,2,'Item','2012-11-27 15:49:15'),(599,3,154,1,'Item','2012-11-27 16:50:05'),(600,3,154,2,'Item','2012-11-27 19:50:30'),(601,3,155,1,'Item','2012-11-27 17:12:31'),(602,2,101,2,'Item','2012-11-27 19:07:43'),(603,2,130,2,'Item','2012-11-27 19:08:41'),(604,2,129,2,'Item','2012-11-27 19:08:41'),(605,2,128,2,'Item','2012-11-27 19:08:41'),(606,2,98,2,'Item','2012-11-27 19:08:41'),(607,2,82,2,'Item','2012-11-27 19:08:41'),(608,2,81,2,'Item','2012-11-27 19:08:41'),(609,2,80,2,'Item','2012-11-27 19:08:41'),(610,2,79,2,'Item','2012-11-27 19:08:41'),(611,2,37,2,'Item','2012-11-27 19:09:18'),(612,2,35,2,'Item','2012-11-27 19:09:18'),(613,2,33,2,'Item','2012-11-27 19:09:18'),(614,2,31,2,'Item','2012-11-27 19:09:18'),(615,2,29,2,'Item','2012-11-27 19:09:18'),(616,5,156,1,'Item','2012-11-27 20:27:10'),(617,3,2,2,'Exhibit','2012-11-27 21:29:50'),(618,3,157,1,'Item','2012-11-27 21:40:06'),(619,5,158,1,'Item','2012-11-28 00:17:54'),(620,5,158,2,'Item','2012-11-28 00:18:07'),(621,5,159,1,'Item','2012-11-28 00:26:17'),(622,5,160,1,'Item','2012-11-28 00:39:55'),(623,5,161,1,'Item','2012-11-28 11:18:04'),(624,5,162,1,'Item','2012-11-28 11:23:34'),(625,5,162,2,'Item','2012-11-28 11:23:46'),(626,3,163,1,'Item','2012-11-28 11:30:37'),(627,5,164,1,'Item','2012-11-28 11:30:55'),(628,5,164,2,'Item','2012-11-28 11:31:10'),(629,3,165,1,'Item','2012-11-28 11:32:43'),(630,3,166,1,'Item','2012-11-28 11:35:24'),(631,5,82,2,'Item','2012-11-28 14:40:59'),(632,3,166,2,'Item','2012-11-28 14:49:08'),(633,3,167,1,'Item','2012-11-28 11:57:07'),(634,3,8,1,'Exhibit','2012-11-28 15:19:20'),(635,3,8,2,'Exhibit','2012-11-28 15:22:52'),(636,5,168,1,'Item','2012-11-28 19:09:29'),(637,5,169,1,'Item','2012-11-28 19:15:59'),(638,5,169,2,'Item','2012-11-28 19:16:11'),(639,5,170,1,'Item','2012-11-28 19:29:37'),(640,3,8,2,'Exhibit','2012-11-28 20:10:02'),(641,3,8,2,'Exhibit','2012-11-28 20:11:04'),(642,3,8,2,'Exhibit','2012-11-28 20:11:48'),(645,2,173,1,'Item','2012-11-28 23:46:08'),(646,2,173,2,'Item','2012-11-28 23:50:17'),(647,2,7,2,'Exhibit','2012-11-28 23:51:03'),(648,5,174,1,'Item','2012-11-29 00:09:44'),(649,5,174,2,'Item','2012-11-29 00:09:59'),(653,2,7,2,'Exhibit','2012-11-29 00:25:35'),(652,2,176,1,'Item','2012-11-29 00:20:24'),(654,5,177,1,'Item','2012-11-29 00:34:00'),(655,5,177,2,'Item','2012-11-29 00:34:12'),(656,2,7,2,'Exhibit','2012-11-29 00:34:49'),(657,2,176,2,'Item','2012-11-29 00:37:47'),(658,2,176,2,'Item','2012-11-29 03:38:09'),(659,5,178,1,'Item','2012-11-29 00:48:11'),(660,5,179,1,'Item','2012-11-29 00:52:27'),(661,5,179,2,'Item','2012-11-29 00:52:41'),(662,2,180,1,'Item','2012-11-29 01:38:46'),(663,4,8,2,'Exhibit','2012-11-29 08:15:51'),(664,4,8,2,'Exhibit','2012-11-29 08:19:12'),(665,4,8,2,'Exhibit','2012-11-29 08:25:08'),(666,4,8,2,'Exhibit','2012-11-29 08:25:15'),(667,4,2,2,'Exhibit','2012-11-29 08:28:52'),(668,4,2,2,'Exhibit','2012-11-29 08:30:32'),(669,4,2,2,'Exhibit','2012-11-29 08:31:45'),(670,4,2,2,'Exhibit','2012-11-29 08:31:54'),(671,4,2,2,'Exhibit','2012-11-29 08:32:25'),(672,4,2,2,'Exhibit','2012-11-29 08:33:42'),(673,4,2,2,'Exhibit','2012-11-29 08:34:06'),(674,4,181,1,'Item','2012-11-29 08:47:24'),(675,4,4,2,'Exhibit','2012-11-29 08:48:06'),(676,4,182,1,'Item','2012-11-29 09:15:22'),(677,4,8,2,'Exhibit','2012-11-29 11:54:36'),(678,2,183,1,'Item','2012-11-29 12:19:06'),(679,2,183,2,'Item','2012-11-29 15:19:49'),(680,2,184,1,'Item','2012-11-29 15:44:59'),(681,2,7,2,'Exhibit','2012-11-29 16:21:05'),(682,4,185,1,'Item','2012-11-29 17:23:43'),(683,4,7,2,'Exhibit','2012-11-29 17:24:48'),(684,5,172,2,'Item','2012-11-29 18:52:42'),(685,5,156,2,'Item','2012-11-29 20:50:30'),(686,5,145,2,'Item','2012-11-29 20:52:38'),(687,5,131,2,'Item','2012-11-29 20:53:03'),(688,5,130,2,'Item','2012-11-29 20:53:12'),(689,2,186,1,'Item','2012-11-29 21:48:45'),(690,2,187,1,'Item','2012-11-29 21:49:20'),(691,2,188,1,'Item','2012-11-29 21:50:30'),(692,2,189,1,'Item','2012-11-29 21:51:00'),(693,2,190,1,'Item','2012-11-29 21:52:25'),(694,2,191,1,'Item','2012-11-29 21:53:00'),(695,2,192,1,'Item','2012-11-29 21:53:45'),(696,2,193,1,'Item','2012-11-29 21:54:24'),(697,2,194,1,'Item','2012-11-29 21:55:31'),(698,2,195,1,'Item','2012-11-29 21:56:05'),(699,2,195,2,'Item','2012-11-29 21:58:04'),(700,2,194,2,'Item','2012-11-29 21:58:04'),(701,2,193,2,'Item','2012-11-29 21:58:04'),(702,2,192,2,'Item','2012-11-29 21:58:04'),(703,2,191,2,'Item','2012-11-29 21:58:04'),(704,2,190,2,'Item','2012-11-29 21:58:04'),(705,2,189,2,'Item','2012-11-29 21:58:04'),(706,2,188,2,'Item','2012-11-29 21:58:04'),(707,2,187,2,'Item','2012-11-29 21:58:04'),(708,2,186,2,'Item','2012-11-29 21:58:04'),(709,2,196,1,'Item','2012-11-29 22:28:15'),(710,2,196,2,'Item','2012-11-29 22:30:11'),(711,2,197,1,'Item','2012-11-29 22:33:52'),(712,2,198,1,'Item','2012-11-29 22:37:11'),(713,2,199,1,'Item','2012-11-29 22:38:04'),(714,2,199,2,'Item','2012-11-29 22:41:54'),(715,2,198,2,'Item','2012-11-29 22:41:54'),(716,2,197,2,'Item','2012-11-29 22:41:54'),(717,2,196,2,'Item','2012-11-29 22:41:54'),(718,2,184,2,'Item','2012-11-29 22:48:49'),(719,2,183,2,'Item','2012-11-29 22:48:49'),(720,2,180,2,'Item','2012-11-29 22:48:49'),(721,2,176,2,'Item','2012-11-29 22:49:42'),(722,2,173,2,'Item','2012-11-29 22:49:42'),(723,2,200,1,'Item','2012-11-29 22:55:51'),(724,5,114,2,'Item','2012-11-30 00:26:29'),(725,5,156,2,'Item','2012-11-30 00:27:04'),(726,5,145,2,'Item','2012-11-30 00:27:31'),(727,2,184,2,'Item','2012-11-30 05:56:33'),(728,2,183,2,'Item','2012-11-30 05:56:33'),(729,2,180,2,'Item','2012-11-30 05:56:33'),(730,2,176,2,'Item','2012-11-30 05:56:33'),(731,2,173,2,'Item','2012-11-30 05:56:33'),(732,2,184,2,'Item','2012-11-30 06:03:23'),(733,2,183,2,'Item','2012-11-30 06:03:23'),(734,2,180,2,'Item','2012-11-30 06:03:23'),(735,2,176,2,'Item','2012-11-30 06:03:23'),(736,2,173,2,'Item','2012-11-30 06:03:23'),(737,2,7,2,'Exhibit','2012-11-30 06:40:39'),(738,2,184,2,'Item','2012-11-30 06:44:32'),(739,2,183,2,'Item','2012-11-30 06:44:32'),(740,2,180,2,'Item','2012-11-30 06:44:32'),(741,2,176,2,'Item','2012-11-30 06:44:32'),(742,2,173,2,'Item','2012-11-30 06:44:32'),(743,2,7,2,'Exhibit','2012-11-30 06:57:04'),(744,3,201,1,'Item','2012-11-30 07:58:12'),(745,2,202,1,'Item','2012-11-30 09:01:19'),(746,2,202,2,'Item','2012-11-30 09:01:43'),(748,2,204,1,'Item','2012-12-07 15:29:37'),(749,2,204,2,'Item','2012-12-07 18:30:31'),(750,2,204,2,'Item','2012-12-07 18:30:59');
/*!40000 ALTER TABLE `omeka_entities_relations` ENABLE KEYS */;
UNLOCK TABLES;

--
-- Table structure for table `omeka_entity_relationships`
--

DROP TABLE IF EXISTS `omeka_entity_relationships`;
/*!40101 SET @saved_cs_client     = @@character_set_client */;
/*!40101 SET character_set_client = utf8 */;
CREATE TABLE `omeka_entity_relationships` (
  `id` int(10) unsigned NOT NULL AUTO_INCREMENT,
  `name` text COLLATE utf8_unicode_ci,
  `description` text COLLATE utf8_unicode_ci,
  PRIMARY KEY (`id`)
) ENGINE=MyISAM AUTO_INCREMENT=5 DEFAULT CHARSET=utf8 COLLATE=utf8_unicode_ci;
/*!40101 SET character_set_client = @saved_cs_client */;

--
-- Dumping data for table `omeka_entity_relationships`
--

LOCK TABLES `omeka_entity_relationships` WRITE;
/*!40000 ALTER TABLE `omeka_entity_relationships` DISABLE KEYS */;
INSERT INTO `omeka_entity_relationships` VALUES (1,'added',NULL),(2,'modified',NULL),(3,'favorite',NULL),(4,'collector',NULL);
/*!40000 ALTER TABLE `omeka_entity_relationships` ENABLE KEYS */;
UNLOCK TABLES;

--
-- Table structure for table `omeka_exhibits`
--

DROP TABLE IF EXISTS `omeka_exhibits`;
/*!40101 SET @saved_cs_client     = @@character_set_client */;
/*!40101 SET character_set_client = utf8 */;
CREATE TABLE `omeka_exhibits` (
  `id` int(10) unsigned NOT NULL AUTO_INCREMENT,
  `title` varchar(255) COLLATE utf8_unicode_ci DEFAULT NULL,
  `description` text COLLATE utf8_unicode_ci,
  `credits` text COLLATE utf8_unicode_ci,
  `featured` tinyint(1) DEFAULT '0',
  `public` tinyint(1) DEFAULT '0',
  `theme` varchar(30) COLLATE utf8_unicode_ci DEFAULT NULL,
  `theme_options` text COLLATE utf8_unicode_ci,
  `slug` varchar(30) COLLATE utf8_unicode_ci DEFAULT NULL,
  PRIMARY KEY (`id`),
  UNIQUE KEY `slug` (`slug`),
  KEY `public` (`public`)
) ENGINE=MyISAM AUTO_INCREMENT=9 DEFAULT CHARSET=utf8 COLLATE=utf8_unicode_ci;
/*!40101 SET character_set_client = @saved_cs_client */;

--
-- Dumping data for table `omeka_exhibits`
--

LOCK TABLES `omeka_exhibits` WRITE;
/*!40000 ALTER TABLE `omeka_exhibits` DISABLE KEYS */;
INSERT INTO `omeka_exhibits` VALUES (2,'The Basics','<p><img src=\"http://dh101.humanities.ucla.edu/DH101Fall12Lab1/archive/files/351b64c9a11be14ad1f6f83994ca7d0f.jpg\" alt=\"\" /></p>\r\n<p>In <em>Elements of Typographic Style</em>, Robert Bringhurst once described Typography as \"<span>the craft of endowing human language with a durable visual form\".</span>&nbsp;Typography undoubtedly plays a fundamental role in our understanding of written language; but, what of the language the field of typography carries within itself?</p>\r\n<p>Like any discipline, the study of typography has a unique vernacular. While most books and websites on type <em>do</em> offer glossaries and appendices, at first glance, these overviews can pose a daunting challenge to budding typophiles. Here one finds an exhibit consisting, in simple terms, of some basic typography concepts we&nbsp;think would equip beginners &nbsp;with the tools necessary to move on to more advanced discussion and practice.</p>\r\n<p>Topics currently include: Typeface Anatomy, Typeface Classification</p>\r\n<p>Proposed future topics: Font Families, Text Arrangement, Grid.&nbsp;</p>\r\n<p>Users will also find a \"Resources\" page that links several educational tools for further exploration of the concepts introduced.&nbsp;</p>','Iman Salehian',0,1,'','a:1:{s:7:\"default\";a:4:{s:4:\"logo\";s:36:\"7cbdcab863cabe1053766a80a026fde5.jpg\";s:17:\"header_background\";N;s:11:\"footer_text\";s:0:\"\";s:24:\"display_footer_copyright\";s:1:\"0\";}}','basics'),(4,'Typography: A History','<p><img src=\"http://dh101.humanities.ucla.edu/DH101Fall12Lab1/archive/files/d637c733d1cd1a7fbafafe4c4988bda9.jpg\" alt=\"\" /></p>\r\n<p>Contemporary typographers view typography as craft with a very long&nbsp;<a>history&nbsp;</a>tracing its origins back to the first punches and dies used to make&nbsp;<a>seals&nbsp;</a>and&nbsp;<a>currency&nbsp;</a>in&nbsp;ancient times. The basic elements of typography are at least as old as&nbsp;<a>civilization and</a> the earliest&nbsp;writing systems&mdash;a series of key developments that were eventually drawn together as a systematic craft.</p>','Wikipedia, www.hrc.utexas.edu',0,1,'default',NULL,'typography--a-history'),(8,'Methodology','<p>In order to add an overarching level of transparency to our critical resource, this exhibit provides users with a description of our process- including issues faced, solutions found, proposed areas of improval, and more.</p>\r\n<p>Each sections has been authored by an individual group member according to their area of focus.&nbsp;</p>','',0,1,'',NULL,'methodology'),(7,'Learning about Typography','<p><img src=\"http://dh101.humanities.ucla.edu/DH101Fall12Lab1/archive/files/99525cc449cce9c5b07f7db287c8f105.jpg\" alt=\"\" /></p>\r\n<p><span>Students of typography/letterfaces/typefonts/type in classroom environments use more online resources than other traditional fields of study: humanities, social sceinces, sciences. It might be because the nature of the medium is the web today (there are plenty of typographers per se, but most students are taught and aspire to be graphic designers).</span></p>\r\n<p>The following syllabi are treated as both a resource for autodidacts and amateur typographers, but also as tools that&nbsp;\"reveal a network of trends over geographies, time and disciplines, mapping which texts and authors are in favor\" (Morgan Currie).</p>\r\n<p><span><br /></span></p>','Leon de Santillana',0,1,'',NULL,'resources');
/*!40000 ALTER TABLE `omeka_exhibits` ENABLE KEYS */;
UNLOCK TABLES;

--
-- Table structure for table `omeka_files`
--

DROP TABLE IF EXISTS `omeka_files`;
/*!40101 SET @saved_cs_client     = @@character_set_client */;
/*!40101 SET character_set_client = utf8 */;
CREATE TABLE `omeka_files` (
  `id` int(10) unsigned NOT NULL AUTO_INCREMENT,
  `item_id` int(10) unsigned NOT NULL,
  `order` int(10) unsigned DEFAULT NULL,
  `size` int(10) unsigned NOT NULL,
  `has_derivative_image` tinyint(1) NOT NULL,
  `authentication` char(32) COLLATE utf8_unicode_ci DEFAULT NULL,
  `mime_browser` varchar(255) COLLATE utf8_unicode_ci DEFAULT NULL,
  `mime_os` varchar(255) COLLATE utf8_unicode_ci DEFAULT NULL,
  `type_os` varchar(255) COLLATE utf8_unicode_ci DEFAULT NULL,
  `archive_filename` text COLLATE utf8_unicode_ci NOT NULL,
  `original_filename` text COLLATE utf8_unicode_ci NOT NULL,
  `modified` timestamp NOT NULL DEFAULT CURRENT_TIMESTAMP ON UPDATE CURRENT_TIMESTAMP,
  `added` timestamp NOT NULL DEFAULT '0000-00-00 00:00:00',
  `stored` tinyint(1) NOT NULL DEFAULT '0',
  PRIMARY KEY (`id`),
  KEY `item_id` (`item_id`)
) ENGINE=MyISAM AUTO_INCREMENT=222 DEFAULT CHARSET=utf8 COLLATE=utf8_unicode_ci;
/*!40101 SET character_set_client = @saved_cs_client */;

--
-- Dumping data for table `omeka_files`
--

LOCK TABLES `omeka_files` WRITE;
/*!40000 ALTER TABLE `omeka_files` DISABLE KEYS */;
INSERT INTO `omeka_files` VALUES (4,5,NULL,326978,0,'b86098a7708eaa3fde3c787946d24084','application/pdf','','','671487b414007d1fed06b7ec5f3d95ab.pdf','W2012_DESMA25_Typography_Syllabus.pdf','2012-10-24 03:38:40','2012-10-19 16:47:12',1),(5,8,NULL,27281,0,'e9f3eb829bc13952c24bb3a710d76ec1','application/msword','','','731abfe2027ad32e0691fb428d9caa75.docx','Searching for the Roots The Origins of Carolingian Minuscule.docx','2012-11-09 04:43:01','2012-10-24 03:39:13',1),(8,10,NULL,326978,0,'b86098a7708eaa3fde3c787946d24084','application/pdf','','','7f1c4ba468794f611fb0e68eb8282885.pdf','Winter 2012 - DESMA 25 Syllabus.pdf','2012-11-22 00:43:13','2012-10-24 20:23:15',1),(184,172,NULL,348486,1,'bbcc2eaeb3e055e9d3eb03d7ad4ef382','image/jpeg','image/jpeg','JPEG image data, EXIF standard 2.1','1ae6b0ff0ae4ed8b6e427156d359158b.jpg','Dot Matrix printer.jpg','2012-11-30 02:52:42','2012-11-29 07:22:30',1),(11,13,NULL,324756,0,'ac791bdfb900d8329f63575c3a930c2c','application/pdf','','','1e464dd8b64c7dd8da0c742c47a7c196.pdf','Spring 2011 - DESMA 25 Syllabus.pdf','2012-11-22 00:39:01','2012-10-24 20:37:25',1),(21,25,NULL,18647,1,'797b053c849e1690ffdf06bff4bfde9e','image/jpeg','image/jpeg','JPEG image data, JFIF standard 1.01','5732381ff9021d0487d8d029d388ae49.jpeg','typographysample.jpeg','2012-10-25 20:40:44','2012-10-25 17:40:43',1),(20,23,NULL,15089,1,'150a22235a7c5b043ed68dff5e574ff2','image/jpeg','image/jpeg','JPEG image data, JFIF standard 1.01','3e8efb4445161a56338872ab9754c2e8.jpg','ucla.jpg','2012-10-25 14:23:43','2012-10-25 11:23:43',1),(22,26,NULL,207050,1,'c1e292c8753987e023c7f002b701855d','image/png','image/png','PNG image data, 1478 x 888, 8-bit/color RGB, non-interlaced','0bb8df70e66a35b74cb94200b9a4b272.png','ANTIQUE BLACK.png','2012-11-08 23:25:54','2012-10-25 19:40:36',1),(23,9,NULL,9788,1,'0cf7e1eda20536ca91494d00fe64f711','image/jpeg','image/jpeg','JPEG image data, JFIF standard 1.00, comment: \"LEAD Technologies Inc. V1.01\"','a06210df85e429f1ee434e9bd2a1ec88.jpg','TransitionalScriptMerovingiantoCarolingian.jpg','2012-11-02 15:05:06','2012-10-25 19:45:34',1),(24,27,NULL,80672,1,'a5f41fe8fa651b2889d555ee6e5d07eb','image/jpeg','image/jpeg','JPEG image data, JFIF standard 1.01, comment: \"File source: http://commons.wik\"','a9a51bf2a57af856e33a0119cda050ef.jpg','CarolingianMinisculeScript.jpg','2012-11-27 20:43:15','2012-10-25 19:53:53',1),(25,28,NULL,38288,1,'96ddbc842f0ce67f7a5645722fdd3c28','image/png','image/png','PNG image data, 1000 x 1000, 8-bit grayscale, non-interlaced','85e137e6a2297c230ade8399e63d1517.png','TexturRotundaSchwabacherFranktur.png','2012-11-09 04:42:22','2012-10-25 20:02:35',1),(26,29,NULL,133845,1,'5513c77ed278bd1052b6dfee58dd5354','image/jpeg','image/jpeg','JPEG image data, JFIF standard 1.01','1b3b978b625033b192068b26df13e74f.jpg','modular typeface.jpg','2012-11-09 05:22:21','2012-10-25 20:52:49',1),(27,30,NULL,16022,1,'71fdc4d0544a4535de666f74ef21388e','image/gif','image/gif','GIF image data, version 89a, 469 x 151','24f16510881f52de0fcb8899bd98f191.gif','MerovingianScript.gif','2012-11-27 20:43:01','2012-10-25 20:59:02',1),(115,111,NULL,51103,1,'5e1c012f914bd5a85558b3c2638bff82','image/png','image/png','PNG image data, 500 x 591, 8-bit/color RGBA, non-interlaced','397f33f033ac28c97b9f58bb5b21b24b.png','500px-LucidaGrandeSpecAIB.svg.png','2012-11-16 17:29:57','2012-11-09 02:05:36',1),(29,33,NULL,93938,1,'5be98f96545c661cd8682aeda7fabf1a','image/jpeg','image/jpeg','JPEG image data, EXIF standard','4d393d8cac48b8e769c06126178c482f.jpg','motion sensitive typeface.jpg','2012-11-09 05:20:40','2012-10-25 21:11:03',1),(30,34,NULL,13136,1,'960f67913ba7901c515fb09573811f1f','image/gif','image/gif','GIF image data, version 89a, 461 x 125','57d252cf60d50e7c539bfcfc8f092512.gif','VisigothicScript.gif','2012-11-27 20:42:49','2012-10-25 21:12:39',1),(31,35,NULL,552959,1,'e63c1213029d5da09af6979412b21a59','image/jpeg','image/jpeg','JPEG image data, JFIF standard 1.01','538083e308547bbf02fe24ef833830f2.jpg','typographic map.jpg','2012-11-09 05:20:02','2012-10-25 21:18:02',1),(32,36,NULL,29915,1,'9610345e4b1741787b9f42400f0ab7ed','image/jpeg','image/jpeg','JPEG image data, JFIF standard 1.02','76287275bf8e371c940b30e2f5958018.jpg','RomanCapitalAlphabet.jpg','2012-11-27 20:42:37','2012-10-25 21:20:38',1),(33,37,NULL,466946,1,'1f2830c15919184221041ca3dfdeaf20','image/jpeg','image/jpeg','JPEG image data, JFIF standard 1.01','97114c3234b2c41f58550476e317e759.jpg','london typographic.jpg','2012-11-09 05:19:44','2012-10-25 21:24:14',1),(34,38,NULL,7765,1,'bea7baa82bf05d505507c599cf01d146','image/gif','image/gif','GIF image data, version 89a, 400 x 94','0fcce1d8887db55f7acb4e1dfbc95e82.gif','GreekCapitalScript.gif','2012-11-27 20:42:26','2012-10-25 22:41:34',1),(35,39,NULL,82498,1,'8af6d061fee27c830b9d3a23d6a01954','image/png','image/png','PNG image data, 500 x 591, 8-bit/color RGBA, non-interlaced','75f3bd52f4bb4a78b3e9a408e3314167.png','500px-AdobeGaramondSp.svg.png','2012-11-16 02:42:23','2012-10-26 01:01:45',1),(36,40,NULL,71865,1,'a621ae2c46f505b910e383955120cf30','image/png','image/png','PNG image data, 500 x 600, 8-bit/color RGBA, non-interlaced','262062a9c4abaaa96c95105266340d1f.png','500px-BaskervilleSpec.svg.png','2012-11-16 17:36:36','2012-10-26 01:05:12',1),(37,41,NULL,112886,1,'d5a897707a770cef879fa1cd8540e911','image/png','image/png','PNG image data, 500 x 591, 8-bit/color RGBA, non-interlaced','e007adce6c9e9477535e3bc81d0bf340.png','ITCBodoni.png','2012-11-16 17:36:30','2012-10-26 01:08:28',1),(38,42,NULL,151799,1,'d04c9e6c97d8821bc5d980953702721d','image/png','image/png','PNG image data, 500 x 591, 8-bit/color RGBA, interlaced','14ec71ce49b2a5fb8f58507f61f547e8.png','RockwellWM.png','2012-11-16 17:36:21','2012-10-26 01:11:55',1),(39,43,NULL,51609,1,'51163f74950d1f965169205e0e26f2c4','image/png','image/png','PNG image data, 500 x 591, 8-bit/color RGBA, non-interlaced','38372335f4916227244c4caa474f5b17.png','500px-HelveticaSpecimenCH.svg.png','2012-11-16 17:36:11','2012-10-26 01:14:29',1),(40,44,NULL,273381,0,'f0714822d7048423abbd224f464b5c11','application/pdf','application/pdf','PDF document, version 1.4','25dc2f10bae5bf6af746d26ecaf66065.pdf','DESMA25.pdf','2012-11-22 00:48:46','2012-10-26 15:40:32',1),(41,45,NULL,162790,0,'e98a4ffd47cddb51a3e1ee776199eff0','application/pdf','application/pdf','PDF document, version 1.4','926ad110805347b2452f59cb7c181324.pdf','Fall 2007, Lucas - DESMA 25 Syllabus.pdf','2012-11-09 14:42:09','2012-10-26 15:58:58',1),(142,46,NULL,165482,0,'14c78ff656aaa5707a992c8e5b522717','application/pdf','application/pdf','PDF document, version 1.3','d4d7df8fc71ab8077d502899e38ae507.pdf','Fall 2008, Barr - DESMA 25 Syllabus.pdf','2012-11-22 00:41:31','2012-11-09 15:34:20',1),(43,4,NULL,720351,1,'052244214c982397fe27c1deaed35d1c','image/png','image/png','PNG image data, 1440 x 847, 8-bit/color RGB, non-interlaced','984edacd87af42faef590f52da7db422.png','Screen Shot 2012-10-26 at 9.50.17 PM.png','2012-11-16 17:38:19','2012-10-27 04:50:32',1),(94,59,NULL,181924,1,'fd37f844312feb5b49c5cb7c891a8f05','image/jpeg','image/jpeg','JPEG image data, JFIF standard 1.01','5adbcde932db978b82114549c68152c4.jpg','manyeyesvis.jpg','2012-11-16 17:35:31','2012-11-08 20:06:14',1),(56,58,NULL,42332,0,'33d782a7c928cc105b4d7a3414b77940','application/vnd.ms-excel','application/x-zip','Zip archive data, at least v2.0 to extract','90894a7609e5622aba74f1dd08e53a7a.xlsx','Master File Data Fonts.xlsx','2012-11-16 17:35:39','2012-11-06 05:06:57',1),(100,93,NULL,65281,1,'ea23fbff386993afa8793e333dd2ddf1','image/jpeg','image/jpeg','JPEG image data, JFIF standard 1.02','351b64c9a11be14ad1f6f83994ca7d0f.jpg','basicsheader-itseasyas.jpg','2012-11-16 17:31:45','2012-11-08 22:05:23',1),(59,62,NULL,64874,1,'dbf492d92edd86d97c81b790e3db5cf4','image/png','image/png','PNG image data, 500 x 591, 8-bit/color RGBA, non-interlaced','36c5a07923d0b84010dd7b9433019e22.png','500px-GoudyOSPecimen.png','2012-11-16 17:35:07','2012-11-06 16:03:55',1),(60,63,NULL,60724,1,'012e07dfeb4fbb7d2c2b64e9a327bf88','image/png','image/png','PNG image data, 500 x 591, 8-bit/color RGBA, non-interlaced','e4fb0b5cc9fa0ba8a94408fded04f561.png','500px-JansonTsp.svg.png','2012-11-16 17:34:55','2012-11-06 16:11:08',1),(61,64,NULL,65021,1,'80120fd77e4e3dbc907107b773d2a3dc','image/png','image/png','PNG image data, 500 x 591, 8-bit/color RGBA, non-interlaced','f01186bd1602d4c35192922bc7839c86.png','500px-Palatino_font_sample.svg.png','2012-11-16 17:34:50','2012-11-06 16:16:10',1),(62,65,NULL,36033,1,'8ae3508235d860d78bddab27a4049d6a','image/png','image/png','PNG image data, 468 x 553, 8-bit/color RGBA, non-interlaced','39019dbf314ba42f1f24318b61719fe2.png','Sabon.png','2012-11-16 17:34:42','2012-11-06 16:20:01',1),(52,55,NULL,66787,1,'0c598fb7d02940ea5d7f06c40e172719','image/png','image/png','PNG image data, 500 x 600, 8-bit/color RGBA, non-interlaced','694619f275e0720eb4511460ccc3f51a.png','500px-CooperBlackspec.svg.png','2012-11-16 17:36:00','2012-11-06 03:15:32',1),(53,56,NULL,75980,1,'5b94c4143c1d979093d755177fa59889','image/png','image/png','PNG image data, 500 x 591, 8-bit/color RGBA, non-interlaced','f032bbfaf5ec5fbc84327ca1aae2472c.png','500px-MistralSpec.svg.png','2012-11-16 17:35:54','2012-11-06 03:32:16',1),(54,57,NULL,44740,1,'00842a656103637d169903990ad6fcbc','image/png','image/png','PNG image data, 500 x 591, 8-bit/color RGBA, non-interlaced','ab0b8f5e5d62d05f099256ac58504350.png','Futura_Specimen.svg.png','2012-11-16 17:35:46','2012-11-06 03:47:59',1),(65,66,NULL,1285,1,'d28fc5d002c93a9036b1b55c7e85820d','image/gif','image/gif','GIF image data, version 89a, 170 x 170','2531d3f453d35b59b946b250855b8021.gif','2 meanline.gif','2012-11-16 17:34:35','2012-11-06 21:27:04',1),(66,67,NULL,1288,1,'841c5c2fe8767c018bb95919f396e13b','image/gif','image/gif','GIF image data, version 89a, 170 x 170','4fb76744f75336ef443fbb58aca39824.gif','1 baseline.gif','2012-11-16 17:34:28','2012-11-06 21:28:24',1),(67,68,NULL,1421,1,'afda05db9dbf6319982b871f8882a7e9','image/gif','image/gif','GIF image data, version 89a, 170 x 170','8eea9e227cfd282d7b4fc0953e7aa750.gif','3 xheight.gif','2012-11-16 17:34:21','2012-11-06 21:28:57',1),(68,69,NULL,1231,1,'f71e82af1cdea523c9296541ab1c2a99','image/gif','image/gif','GIF image data, version 89a, 170 x 170','6463d28b2d5ad8839eb841599364eba7.gif','4 capheight.gif','2012-11-16 17:34:13','2012-11-06 21:29:19',1),(69,70,NULL,1686,1,'21e3455dc28f23e3d61a501e39080367','image/gif','image/gif','GIF image data, version 89a, 170 x 170','506f3af77f2e4361bd745d98bb4197bc.gif','5 ascender.gif','2012-11-16 17:34:06','2012-11-06 21:29:35',1),(70,71,NULL,1541,1,'4f8d44ea7bb820b81261f9536bac5bb6','image/gif','image/gif','GIF image data, version 89a, 170 x 170','8bc012b28bce23a4aa1b77e639e82f69.gif','6 descender.gif','2012-11-16 17:33:55','2012-11-06 21:29:53',1),(71,72,NULL,1281,1,'406e2402c7c84b41ebbf5020325b272b','image/gif','image/gif','GIF image data, version 89a, 170 x 170','ef086fdcd98c07a801dcb75a40584b83.gif','7 serif.gif','2012-11-16 17:33:43','2012-11-06 21:30:13',1),(72,73,NULL,939,1,'bc58dd511a4dffa5f1ccc0d9785dbbee','image/gif','image/gif','GIF image data, version 89a, 170 x 170','983f54088e3b5845b350870dab5df1c7.gif','8 stem.gif','2012-11-16 17:33:36','2012-11-06 21:30:33',1),(73,74,NULL,839,1,'f80598b23c886713b05028e98c425a67','image/gif','image/gif','GIF image data, version 89a, 170 x 170','a7d409a67b484ee15c8f007b3228bbd2.gif','9 bar.gif','2012-11-16 17:33:28','2012-11-06 21:30:47',1),(74,75,NULL,1318,1,'08b31b0e5aade518d610f449425c2aa3','image/gif','image/gif','GIF image data, version 89a, 170 x 170','977a4f74b6c876e1984b00e8b0645fd1.gif','10 bowl.gif','2012-11-16 17:33:21','2012-11-06 21:31:01',1),(75,76,NULL,1376,1,'7cb36c3e86321985acb903262f8d6167','image/gif','image/gif','GIF image data, version 89a, 170 x 170','ad5e37505575c785149d02520dd9136d.gif','11 counter.gif','2012-11-16 17:33:12','2012-11-06 21:31:24',1),(76,77,NULL,987,1,'218cc3f1fb4ae8788760c072c58df49f','image/gif','image/gif','GIF image data, version 89a, 170 x 170','b8329d7e2339e026c4cfb9cfa7d227f4.gif','12 leg.gif','2012-11-16 17:33:05','2012-11-06 21:32:05',1),(77,78,NULL,1156,1,'470d54d9dc46ac7a25074760cb59f3f2','image/gif','image/gif','GIF image data, version 89a, 170 x 170','e86e9bf2aff22e818664537b51480e5f.gif','13 shoulder.gif','2012-11-16 17:32:58','2012-11-06 21:32:24',1),(78,83,NULL,7846,1,'3ef36c54893c8fb31df8868df16b88d8','image/gif','image/gif','GIF image data, version 89a, 400 x 125','c66acf770df857fc89907bcf9f92e606.gif','UnicalScript.gif','2012-11-27 20:42:09','2012-11-08 04:00:02',1),(79,84,NULL,7894,1,'f9d7a6fc54194a146564ca7d5eafb2ac','image/gif','image/gif','GIF image data, version 89a, 462 x 107','398adbf1147e1c8808ad9721855db6b2.gif','OldItalicScript.gif','2012-11-27 20:41:55','2012-11-08 04:05:31',1),(80,85,NULL,19447,1,'9ffdd6f4c15e994d3a4c0a7531115697','image/jpeg','image/jpeg','JPEG image data, JFIF standard 1.01','1a427dcf0f7bc9722f776ea41de0408f.jpg','9781581158946.jpg','2012-11-16 17:32:42','2012-11-08 06:00:15',1),(81,81,NULL,3590,1,'08d420aaff76b7ec71a781ec4f717913','image/png','image/png','PNG image data, 212 x 43, 8-bit/color RGBA, non-interlaced','12f451850fdde8b8ac1c54f804b40574.png','212px-Serif_and_sans-serif_01.svg.png','2012-11-09 05:18:18','2012-11-08 07:36:35',1),(85,80,NULL,3476,1,'dc4de9dae70fa57b12e766370cf597ae','image/png','image/png','PNG image data, 209 x 53, 8-bit/color RGBA, non-interlaced','5bf3fc927e4f7cdacb047e5eb464b4c6.png','209px-Serif_and_sans-serif_03.svg.png','2012-11-09 05:18:47','2012-11-08 08:23:16',1),(178,166,NULL,101113,1,'a47d3028cc65ef9f6148df03ac6aad6c','image/jpeg','image/jpeg','JPEG image data, JFIF standard 1.01','47f69f788dae862cd834f7a0cee6005a.jpg','ItemMap6.jpg','2012-11-28 22:49:08','2012-11-28 19:49:07',1),(86,79,NULL,141534,0,'8b93a8ddf6f96f9922ba2379e0f30cf0','application/pdf','application/pdf','PDF document, version 1.5','cbd2c2e9ac063f44523e896d180cc0bf.pdf','typographytheory.pdf','2012-11-09 05:19:15','2012-11-08 08:35:08',1),(87,86,NULL,69316,1,'b64eeade48fdeffa0719c1c997950434','image/png','image/png','PNG image data, 500 x 600, 8-bit/color RGBA, non-interlaced','dcd825d0e8fbdfd2041ce5807b5ecbd6.png','500px-BookmanSpec.svg.png','2012-11-16 17:32:35','2012-11-08 16:35:45',1),(88,87,NULL,51633,1,'a4f0f43de1dd6df9d8d3e8af0b5845d4','image/png','image/png','PNG image data, 500 x 593, 8-bit/color RGBA, non-interlaced','2f7a8fbfdaa8a0141fdb4206370a43ff.png','500px-JoannaSpec.svg.png','2012-11-16 17:32:28','2012-11-08 16:43:04',1),(89,88,NULL,30740,1,'512642816ca7e9c814bf55a918b50fc1','image/png','image/png','PNG image data, 396 x 468, 8-bit/color RGBA, non-interlaced','ea5ae94871ad06e187bca0216b7f8d91.png','DidotSP.png','2012-11-16 17:32:21','2012-11-08 16:49:34',1),(90,89,NULL,58862,1,'49594b05594aacb4fd7c6bc40a5f3f7b','image/png','image/png','PNG image data, 468 x 553, 8-bit/color RGBA, non-interlaced','159b4c087ad99d7d334263b1379529cd.png','468px-Clarendon.svg.png','2012-11-16 17:32:13','2012-11-08 17:56:18',1),(91,90,NULL,36481,1,'070196605562b1e915f8c90a3075eb00','image/png','image/png','PNG image data, 468 x 553, 8-bit/color RGBA, non-interlaced','f617ab8ad535ea1b5626d42005e756aa.png','WmEgyptienne.png','2012-11-16 17:32:05','2012-11-08 18:01:45',1),(92,91,NULL,37843,1,'d2f2ec5b91df7e6ddcc8955b3a1e0579','image/png','image/png','PNG image data, 400 x 450, 8-bit/color RGBA, non-interlaced','eafdc581ec50970ce4f404d9f516a6e5.png','400px-Courier.svg.png','2012-11-16 17:31:59','2012-11-08 18:06:53',1),(93,92,NULL,86003,1,'96ec1022cb0ed314d1fbd6d4801c8a3a','image/jpeg','image/jpeg','JPEG image data, JFIF standard 1.01','247c47d80e305fd6d712731cad3276a5.jpg','piechart.jpg','2012-11-16 17:31:52','2012-11-08 19:56:19',1),(95,60,NULL,118780,1,'166ddae6c0f5c99b9c46357bd4f986b3','image/jpeg','image/jpeg','JPEG image data, JFIF standard 1.01','95e4f40a7ae57f01efa516f9f4878423.jpg','dataviscloserlook.jpg','2012-11-16 17:35:24','2012-11-08 20:08:23',1),(97,94,NULL,3409,1,'acae2a3f903507774f756ed90297117c','image/gif','image/gif','GIF image data, version 89a, 390 x 141','fa5cbc4a0bad8553bca32e14220fa863.gif','GothicScript.gif','2012-11-27 20:41:44','2012-11-08 21:58:29',1),(98,95,NULL,22297,1,'2139295997cc7c3add0ffa7e8bbd923c','image/jpeg','image/jpeg','JPEG image data, JFIF standard 1.02','611b35018a5573a6992548ed04feccb6.jpg','Rotunda.jpg','2012-11-27 20:41:33','2012-11-08 22:01:36',1),(101,96,NULL,7721,1,'77a5d17a2920bf596e1611b00fbc69fd','image/gif','image/gif','GIF image data, version 89a, 400 x 150','22ed99e98508b607ea7a2e2514bd04fb.gif','RomanMajiscule.gif','2012-11-27 20:41:21','2012-11-08 22:06:01',1),(102,96,NULL,14615,1,'620a58d49925540c0017d172c8705cf6','image/gif','image/gif','GIF image data, version 89a, 400 x 212','977eabfa0f57d8e3ddf109ec45073c14.gif','RomanMiniscule.gif','2012-11-27 20:41:21','2012-11-09 01:06:01',1),(103,97,NULL,9963,1,'078f8ecf0e2c596fc13b180324757ec8','image/gif','image/gif','GIF image data, version 89a, 400 x 163','63984fe2f8c94ab7e2e13bdb342821c9.gif','SumerianCuneiformScript.gif','2012-11-27 20:41:07','2012-11-08 22:09:32',1),(104,98,NULL,25015,1,'8e0755a9247a1cb209d9cf0648c28bee','image/jpeg','image/jpeg','JPEG image data, JFIF standard 1.02','7e193dab07e99bf653eda640ebcb70b6.jpg','preview-day20.jpg','2012-11-09 05:17:25','2012-11-08 23:13:11',1),(105,99,NULL,10849,1,'b16e4d19a10da012f3a2f398c7409dcc','image/png','image/png','PNG image data, 500 x 268, 8-bit/color RGB, non-interlaced','febe60b2fde5c9afff21a7f31f334e3b.png','old-style-characteristics.png','2012-11-16 17:31:20','2012-11-08 23:13:35',1),(106,100,NULL,93381,1,'4a81f3ab711766652f03dca62d4ec509','image/jpeg','image/jpeg','JPEG image data, EXIF standard','d54aa97e71b588f81149e6ef03fc1563.jpg','jenson.jpg','2012-11-21 22:16:02','2012-11-08 23:24:05',1),(107,103,NULL,70264,1,'83cd1f3d5799e7c83c06dfebbe7d0267','image/png','image/png','PNG image data, 485 x 221, 8-bit/color RGB, non-interlaced','77ab3c3c3e33d574cc18aa7210733f1e.png','Screen Shot 2012-11-08 at 3.43.10 PM.png','2012-11-16 17:30:56','2012-11-08 23:46:34',1),(108,104,NULL,9197,1,'011c235943714ab63c132031f17ada78','image/gif','image/gif','GIF image data, version 89a, 497 x 263','cd7bb7622dc1e14553a041b6c4b427a1.gif','modern traits.gif','2012-11-16 17:30:48','2012-11-08 23:51:45',1),(109,105,NULL,10300,1,'aee676f5fdd4851abb7ebae15a6cc843','image/gif','image/gif','GIF image data, version 89a, 500 x 334','6c9e308a070e80fe3e7d9da4c6629aa5.gif','clarendon-slab.gif','2012-11-16 17:30:42','2012-11-09 00:10:33',1),(110,106,NULL,63558,1,'70a5b9fa0e828a9ddd2ecfbe77a89c5e','image/png','image/png','PNG image data, 500 x 591, 8-bit/color RGBA, non-interlaced','495c4317d71380a8e797366cf9b98c27.png','500px-GeorgiaSpecimenAIB.svg.png','2012-11-16 17:30:35','2012-11-09 00:38:12',1),(111,107,NULL,54888,1,'ce7fb2ed4e7621535939752cdb31b341','image/png','image/png','PNG image data, 500 x 591, 8-bit/color RGBA, non-interlaced','83757375e998c8046900115edf4cc310.png','500px-PerpetuaEG.svg.png','2012-11-16 17:30:28','2012-11-09 00:39:26',1),(112,108,NULL,53128,1,'2cd860e715b5692845d75e3c6c813535','image/png','image/png','PNG image data, 500 x 591, 8-bit/color RGBA, non-interlaced','447d7521e649399c6da8ac4a62444b93.png','500px-GillSansEG.svg.png','2012-11-16 17:30:21','2012-11-09 00:41:02',1),(113,109,NULL,31839,1,'efc160e0323d93c6940e4bf7ec48cb63','image/png','image/png','PNG image data, 396 x 468, 8-bit/color RGBA, non-interlaced','5abd6187a68bb40b4c46a8fc9850d23f.png','BellMT.png','2012-11-16 17:30:13','2012-11-09 00:42:49',1),(114,110,NULL,53942,1,'cd0baff59d955976c593c8f856d590b5','image/png','image/png','PNG image data, 500 x 591, 8-bit/color RGBA, non-interlaced','e77c9cae69448b032108693250d60ff2.png','ArcherSpec.svg.png','2012-11-16 17:30:06','2012-11-09 00:43:51',1),(116,112,NULL,64016,1,'5c4c823ea1952aaf19cc898c7105acb2','image/png','image/png','PNG image data, 500 x 591, 8-bit/color RGBA, non-interlaced','77914854c25adf611de3e5f85904f2cd.png','500px-Optima_font_sample.svg.png','2012-11-16 17:29:50','2012-11-09 02:12:30',1),(117,113,NULL,53185,1,'18226648fcceb7da32cd7f487dd720d2','image/png','image/png','PNG image data, 500 x 590, 8-bit/color RGBA, non-interlaced','53f64f50e26e9a6f1fbbd24448d5f5f0.png','500px-EurostileSpec.svg.png','2012-11-16 17:29:27','2012-11-09 02:14:51',1),(118,114,NULL,13889,1,'78bfd4aa0227591226e0f903c81fe545','image/gif','image/gif','GIF image data, version 89a, 432 x 288','7f43a1b0d858152423160ae829662c33.png','Baskerville.png','2012-11-30 08:26:29','2012-11-09 02:17:34',1),(119,115,NULL,50067,1,'b822ddc5f8b1f1f0f06e56ba81f05c12','image/png','image/png','PNG image data, 500 x 591, 8-bit/color RGBA, non-interlaced','d162ef5858b9a6ce925ff716a31c79fb.png','500px-Univers_Specimen.svg.png','2012-11-16 17:29:19','2012-11-09 02:17:44',1),(120,116,NULL,54471,1,'97bab0d5ac2c9d12758a112bd298ad44','image/png','image/png','PNG image data, 500 x 591, 8-bit/color RGBA, non-interlaced','385cb000a1a3611a406d771603bb87bd.png','500px-AkzidenzGroteskspecAIB1.svg.png','2012-11-16 17:29:10','2012-11-09 02:24:50',1),(121,117,NULL,53948,1,'cd73081dee79a32e2488c8b38ff0c45e','image/png','image/png','PNG image data, 396 x 468, 8-bit/color RGBA, non-interlaced','0f1ca93a5a961daf205f3268a2718522.png','TimesNewRoman.png','2012-11-27 20:40:26','2012-11-09 02:27:37',1),(122,24,NULL,11593,1,'936a103f7927eb2e9d1b3fa70875a1a3','image/png','image/png','PNG image data, 239 x 119, 8-bit/color RGB, non-interlaced','4d8d2d0ae3d5ab0ca83a8e66a5c0b69f.png','Screen Shot 2012-11-08 at 7.35.17 PM.png','2012-11-16 17:37:45','2012-11-09 03:36:36',1),(123,61,NULL,72951,1,'35f62aa3b99d63f6839c48644f1104f9','image/png','image/png','PNG image data, 632 x 578, 8-bit/color RGB, non-interlaced','897d2ae9187219e823a407ce915d8896.png','Screen Shot 2012-11-06 at 7.40.41 AM.png','2012-11-16 17:35:15','2012-11-09 03:37:41',1),(124,118,NULL,64374,1,'225237acffa18ed2de3e96c6d8ffbe40','image/png','image/png','PNG image data, 296 x 256, 8-bit/color RGB, non-interlaced','34b4c98251a22dd544b161fb540edc91.png','Screen Shot 2012-11-08 at 7.42.27 PM.png','2012-11-16 17:28:56','2012-11-09 03:44:53',1),(125,119,NULL,314421,1,'42d7df923da50f405048cdd2bc36991d','image/png','image/png','PNG image data, 800 x 4600, 8-bit/color RGB, non-interlaced','770ef40671e6f3453a4d6877ec597242.png','Typography Infographic.png','2012-11-16 17:28:49','2012-11-09 03:53:52',1),(126,120,NULL,53456,1,'7f43fe7c92eb3eef74d017cf9df4693f','image/png','image/png','PNG image data, 243 x 234, 8-bit/color RGB, non-interlaced','72c166b4747b2697e8b317d3d4758bc2.png','Screen Shot 2012-11-08 at 8.00.33 PM.png','2012-11-16 17:28:42','2012-11-09 04:05:08',1),(127,121,NULL,15535,1,'ab74f6c1f1bf968382061f200f15b790','image/png','image/png','PNG image data, 206 x 168, 8-bit/color RGB, non-interlaced','ca6651aa697c21acbe2b7fe8267a3fe2.png','Screen Shot 2012-11-08 at 8.05.58 PM.png','2012-11-16 17:28:35','2012-11-09 04:08:03',1),(128,122,NULL,14001,1,'beb3d5fddf16af6a38ed8874596ac67f','image/png','image/png','PNG image data, 339 x 182, 8-bit/color RGB, non-interlaced','b0a6b3481055d58a52160fc522f83db4.png','Screen Shot 2012-11-08 at 8.09.50 PM.png','2012-11-16 17:28:28','2012-11-09 04:13:09',1),(129,123,NULL,50948,1,'ecb0870240a244b9ff5daedf20012ea9','image/png','image/png','PNG image data, 234 x 240, 8-bit/color RGB, non-interlaced','e34c97607df911a381554c367e77e7bd.png','Screen Shot 2012-11-08 at 8.14.08 PM.png','2012-11-16 17:28:21','2012-11-09 04:16:05',1),(130,124,NULL,13396,1,'397e9e9d8b7674367d23c787eb884598','image/png','image/png','PNG image data, 231 x 147, 8-bit/color RGB, non-interlaced','9315df16ea72e3940dafdaa1ae71a40b.png','Screen Shot 2012-11-08 at 8.18.36 PM.png','2012-11-16 17:28:13','2012-11-09 04:19:12',1),(131,125,NULL,19375,1,'6a109f90ded260244a287ef581c4c8a3','image/png','image/png','PNG image data, 161 x 119, 8-bit/color RGB, non-interlaced','efe9ea32e6fc05b3920b295fe32180e8.png','Screen Shot 2012-11-08 at 8.50.02 PM.png','2012-11-16 17:28:05','2012-11-09 04:53:22',1),(132,126,NULL,26622,1,'8aaf557159c89154397a4fc554d0dcf0','image/png','image/png','PNG image data, 724 x 198, 8-bit/color RGB, non-interlaced','9966346a3587e63c0075df00c149fe9e.png','Screen Shot 2012-11-08 at 8.55.20 PM.png','2012-11-16 17:27:58','2012-11-09 04:57:29',1),(133,127,NULL,10902,1,'63b5ba020f6a1eb62d9e9da7442afb48','image/png','image/png','PNG image data, 225 x 143, 8-bit/color RGB, non-interlaced','d303fb128d1f100b067b62640e1eb8e2.png','Screen Shot 2012-11-08 at 9.00.08 PM.png','2012-11-16 17:27:50','2012-11-09 05:00:16',1),(134,128,NULL,131145,1,'069196f9864c42906d028ef9ba4c0e85','image/gif','image/gif','GIF image data, version 89a, 709 x 929','0392ad19532402ccec7bad8da781ff74.gif','jg1_big.gif','2012-11-09 08:52:20','2012-11-09 05:52:20',1),(135,129,NULL,155002,1,'3e20438298edd3a3fa746766d803f379','image/jpeg','image/jpeg','JPEG image data, JFIF standard 1.02','51b6db45d1b3f47ff188673bd8e50eb1.jpg','Gutenberg.jpg','2012-11-09 08:59:37','2012-11-09 05:59:37',1),(136,130,NULL,69869,1,'5e1d08df30459a5fe6e29dad8f1631a0','image/jpeg','image/jpeg','JPEG image data, JFIF standard 1.01, comment: \"File source: http://commons.wik\"','8ccea53ff15d730f64e8a5fe1318f8ec.jpg','Gutenberg_Bible.jpg','2012-11-30 04:53:12','2012-11-09 06:53:38',1),(137,131,NULL,64947,1,'a6693d42c691abeb1afb7853ff8c6101','image/gif','image/gif','GIF image data, version 89a, 709 x 1036','e6a3828eaf7c3287cf0432dfaf79c7ab.gif','potb3_big.gif','2012-11-30 04:53:03','2012-11-09 06:57:45',1),(153,145,NULL,25510,1,'46f78fba0dff76a9facc8edbf29a8c72','image/jpeg','image/jpeg','JPEG image data, JFIF standard 1.01, comment: \"File source: http://commons.wik\"','4668b8d50a70975dfeae76c9f9c5daa6.jpg','John Baskerville.jpg','2012-11-30 08:27:31','2012-11-26 00:49:21',1),(157,147,NULL,50311,1,'6a68a362bcf15e79b619c124a2c069bb','image/jpeg','image/jpeg','JPEG image data, JFIF standard 1.02','8b905c7a8c6bdbc3d36ab9f9e5c6b315.jpg','the project.jpg','2012-11-28 00:29:31','2012-11-27 21:29:31',1),(141,135,NULL,408571,0,'c764325a1d645330bf048d9da31b0267','application/pdf','application/pdf','PDF document, version 1.3','6aa03f92b4ed6055f8bf44437f63b644.pdf','Spring 2006, Broukhim - DESMA 25 Syllabus.pdf','2012-11-22 00:23:25','2012-11-09 15:27:20',1),(143,136,NULL,319684,0,'3a3425b0d84fd31716c8abbcfc8fc839','application/pdf','application/pdf','PDF document, version 1.5','db62aa15837e8c1bc1399c7f81373abf.pdf','Fall 2010, Roettinger - DESMA 25 Syllabus.pdf','2012-11-09 19:38:36','2012-11-09 16:38:36',1),(144,138,NULL,190610,0,'7ed46f20ba94b2f89fc82d64be4394b7','application/pdf','application/pdf','PDF document, version 1.3','d63228c3eb37400f490582bfb9b74dfe.pdf','Winter 2010, Swanlund - DESMA 25 Syllabus.pdf','2012-11-09 16:46:21','2012-11-09 16:45:40',1),(146,137,NULL,290408,0,'09c002137ffdffaa86de0dc1120a0671','application/pdf','application/pdf','PDF document, version 1.4','748557eb171cfdced3cefb8db32c200e.pdf','Winter 2011, Trigo - DESMA 25 Syllabus.pdf','2012-11-09 16:47:32','2012-11-09 16:47:21',1),(147,139,NULL,192914,0,'d671b4cf4c7a92c448d351b3135cc528','application/pdf','application/pdf','PDF document, version 1.3','83a691125b300b7a9ccdf28f8ac01a41.pdf','Spring 2009, Barr - DESMA 25 Syllabus.pdf','2012-11-09 19:50:49','2012-11-09 16:50:49',1),(148,140,NULL,78869,0,'0a617431af78c2fe4fd233edfd97acab','application/pdf','application/pdf','PDF document, version 1.3','5505045bb23cfb2110065a88add0600c.pdf','Winter 2008, Trigo, DESMA 25 Syllabus.pdf','2012-11-09 17:00:52','2012-11-09 16:54:04',1),(149,141,NULL,1801621,0,'d2a1585acc9b20193f90c08047cb5ff9','application/pdf','application/pdf','PDF document, version 1.4','3b00f11b53bd7a0df1b045f18fb9e738.pdf','Winter 2007, Lucas - DESMA 25 Syllabus.pdf','2012-11-09 19:57:24','2012-11-09 16:57:24',1),(150,142,NULL,117739,0,'ff5cb63b1a0e3f0ae933da7dab315c76','application/pdf','application/pdf','PDF document, version 1.6','53bcfbd0b3bc9a3562c9ff6bf33704ac.pdf','Spring 2008, Barr - DESMA 25 Syllabus.pdf','2012-11-22 00:21:29','2012-11-09 17:00:36',1),(151,143,NULL,32944,1,'ea22bd974a47583144a35e69b2a9fbc1','image/png','image/png','PNG image data, 540 x 535, 8-bit/color RGB, non-interlaced','4bb357dcd3b7d957b4ae2700fdeda429.png','Screen Shot 2012-11-15 at 8.24.19 PM.png','2012-11-16 17:27:23','2012-11-16 04:28:15',1),(152,144,NULL,24557,1,'c185fd7ef6ce031b07dd9962bed82338','image/png','image/png','PNG image data, 416 x 381, 8-bit/color RGB, non-interlaced','778382dbadf2a5d44a9bcab47530ee37.png','Screen Shot 2012-11-15 at 8.30.51 PM.png','2012-11-16 17:27:12','2012-11-16 04:31:13',1),(158,148,NULL,178383,1,'bda7d9e70c3399f59ae80c9a44a19cec','image/png','image/png','PNG image data, 912 x 700, 8-bit/color RGB, non-interlaced','c728786e4e51eff2d90b2796ac22f345.png','OriginalNeatlineMap.png','2012-11-28 02:21:32','2012-11-27 23:21:31',1),(156,146,NULL,60970,1,'27aae14c0b7282c45228aff29a3fa6ef','image/jpeg','image/jpeg','JPEG image data, JFIF standard 1.02','edc851490207e919c56d2cfe28cc2810.jpg','the process.jpg','2012-11-28 00:28:44','2012-11-27 21:28:44',1),(159,149,NULL,576944,1,'c159276414250fc15976ad3c5cbb4e51','image/jpeg','image/jpeg','JPEG image data, JFIF standard 1.01','2aa248c0042bf36a1f3c50ca3d9ac4e2.jpg','HybridMap.jpg','2012-11-27 23:42:21','2012-11-27 23:40:09',1),(160,150,NULL,488128,1,'233b0aec212f58cbe13eca0b84ee333c','image/jpeg','image/jpeg','JPEG image data, JFIF standard 1.01','83b25c200f9cfb4df4cfb711d8e9aab6.jpg','StreetMap.jpg','2012-11-27 23:49:15','2012-11-27 23:42:10',1),(161,151,NULL,330791,1,'ad4baf71fd1dc9218ba4e1241680b533','image/jpeg','image/jpeg','JPEG image data, JFIF standard 1.01','7335fb6d0ec9084340a48a5b2156292f.jpg','TonerMap.jpg','2012-11-28 02:44:15','2012-11-27 23:44:15',1),(162,152,NULL,490443,1,'e7ad85485884ff2a8312ec9b803d82ae','image/jpeg','image/jpeg','JPEG image data, JFIF standard 1.01','8a0ba2343dbe6525f1ee21980d3dd6d5.jpg','WatercolorMap.jpg','2012-11-28 02:45:58','2012-11-27 23:45:57',1),(163,153,NULL,465902,1,'77819d7d301a2c61eea94ec0df7148dd','image/jpeg','image/jpeg','JPEG image data, JFIF standard 1.01','5a142ae4c5d7d9169149faf79b55fa00.jpg','SatelliteMap.jpg','2012-11-28 02:48:30','2012-11-27 23:48:29',1),(164,154,NULL,373405,1,'777968cdf05caae6851015e7de906eee','image/jpeg','image/jpeg','JPEG image data, JFIF standard 1.01','77bd26aab235dec22f3ff73587671df6.jpg','ZoomExample.jpg','2012-11-28 03:50:30','2012-11-28 00:50:30',1),(165,155,NULL,99481,1,'9353c6291309b393e736ef9bc4f40891','image/jpeg','image/jpeg','JPEG image data, JFIF standard 1.01','0f86740690ea5abdfe3e46ae93a4224c.jpg','ItemMenu.jpg','2012-11-28 04:12:31','2012-11-28 01:12:31',1),(166,156,NULL,218910,1,'0ade9d7ee440bb723c54c61157225382','image/jpeg','image/jpeg','JPEG image data, EXIF standard','fde73347d68a10eccc1d17802f4c47e5.jpg','Baskerville-Milton-tp-600.jpg','2012-11-30 08:27:04','2012-11-28 04:27:10',1),(167,157,NULL,113427,1,'9b9dab20afa4ff7c6179d1563ac159da','image/jpeg','image/jpeg','JPEG image data, JFIF standard 1.01','ec8fe644b877aaad7becc763dd4f10d4.jpg','ContextBar.jpg','2012-11-28 08:40:06','2012-11-28 05:40:06',1),(168,158,NULL,93461,1,'ffb249e74a397b3c188cbba6168a2ef8','image/jpeg','image/jpeg','JPEG image data, JFIF standard 1.02','de3b955f86c24f53f3c418f7f41a7d44.jpg','Tschichold 3.jpg','2012-11-28 08:18:07','2012-11-28 08:17:54',1),(169,159,NULL,200277,1,'c078e958851b901709d17ea4cf30a167','image/jpeg','image/jpeg','JPEG image data, EXIF standard','aee2e015c697014f53d0a812458af865.jpg','Tschichold 2.jpg','2012-11-28 11:26:18','2012-11-28 08:26:17',1),(170,160,NULL,49824,1,'5ef6fed322a481b21b55a6d1f4ab7298','image/jpeg','image/jpeg','JPEG image data, EXIF standard','a189c6da4d4e6e90fa231a41df55e1e6.jpg','Tschichold 1.jpg','2012-11-28 11:39:55','2012-11-28 08:39:55',1),(171,161,NULL,11527,1,'2855f0b95320aabd9c83721a6bf5fec8','image/jpeg','image/jpeg','JPEG image data, JFIF standard 1.00, comment: \"LEAD Technologies Inc. V1.01\"','b8f08d7f30597c5a14888b5f3fba3e6d.jpg','Printing press.jpg','2012-11-28 22:18:04','2012-11-28 19:18:04',1),(172,162,NULL,274378,1,'0837b3075d39d25f70e8a4a441b3395a','image/png','image/png','PNG image data, 420 x 600, 8-bit/color RGB, non-interlaced','a583a193c092de4ca080ba650bb6a01c.png','Movable type.png','2012-11-28 19:23:46','2012-11-28 19:23:34',1),(173,163,NULL,105053,1,'bbff3138d35adcf302902daab3646933','image/jpeg','image/jpeg','JPEG image data, JFIF standard 1.01','b4c8f80f07b81df4e0438b8ad2373cf4.jpg','ItemMap1.jpg','2012-11-28 22:30:38','2012-11-28 19:30:37',1),(174,164,NULL,11536,1,'1ba23018c93f429b708ad12022eae295','image/png','image/png','PNG image data, 512 x 169, 8-bit grayscale, non-interlaced','5216a679c30ee90284824b7f714fa493.png','Letterpress process.png','2012-11-28 19:31:10','2012-11-28 19:30:55',1),(175,165,NULL,104374,1,'75683cc2f7e17b764eccc0d91b111919','image/jpeg','image/jpeg','JPEG image data, JFIF standard 1.01','b9a05f687b108f00e6c3090ffd66329c.jpg','ItemMap2.jpg','2012-11-28 22:32:43','2012-11-28 19:32:43',1),(179,167,NULL,125964,1,'185e7525a83fbc65c664b212b83c6515','image/jpeg','image/jpeg','JPEG image data, JFIF standard 1.01','28ff7143ac258a304903cde2c5836ad9.jpg','ItemMapDefault.jpg','2012-11-28 22:57:08','2012-11-28 19:57:07',1),(177,82,NULL,44222,1,'5d20cd37a27a96801eb0fecdb5d0b30e','image/jpeg','image/jpeg','JPEG image data, JFIF standard 1.01, comment: \"CREATOR: gd-jpeg v1.0 (using IJ\"','d8851a1d5db7cd23414378eccbcf4439.jpg','Letter press.jpg','2012-11-28 22:40:59','2012-11-28 19:40:59',1),(180,168,NULL,48974,1,'b82fd2dd22bf7e4f0c4fa61e20b2a7f5','image/jpeg','image/jpeg','JPEG image data, JFIF standard 1.02','11146b62ffb52999b9d8c4f981a05e2a.jpg','chicago-small typewriter.jpg','2012-11-29 06:09:30','2012-11-29 03:09:29',1),(181,169,NULL,91755,1,'7976a8c4f34b9dcb26a60e6a9e6333fb','image/jpeg','image/jpeg','JPEG image data, JFIF standard 1.01, comment: \"File source: http://commons.wik\"','87d6907a72063357d018e7cc65e56d72.jpg','Daisy wheel printing.jpg','2012-11-29 03:16:11','2012-11-29 03:15:59',1),(182,170,NULL,101878,1,'d89171d91d64a186a730b42d7222aeb6','image/jpeg','image/jpeg','JPEG image data, JFIF standard 1.02','17caeb668bcc3f11bd9065c65675929d.jpg','crary typewriter.jpg','2012-11-29 06:29:37','2012-11-29 03:29:37',1),(185,173,NULL,254887,1,'876ec6bd5a1f050c5ff76d71d6688909','image/png','image/png','PNG image data, 966 x 478, 8-bit/color RGB, non-interlaced','7a9042d557348e02014dda04a4c3e5e7.jpeg','DESMAWordCloudVisualization.jpeg','2012-11-29 07:50:17','2012-11-29 07:46:08',1),(186,174,NULL,111246,1,'ecfc4077eb22f4a0e74ed7b7e04dec14','image/jpeg','image/jpeg','JPEG image data, JFIF standard 1.01','e8972169fcbfb401d387d5b2ad619f41.jpg','Inkjet printer.jpg','2012-11-29 08:09:59','2012-11-29 08:09:44',1),(192,178,NULL,44927,1,'82747efdcb3a410f080ab5ea27e60d7c','image/png','image/png','PNG image data, 800 x 411, 8-bit/color RGBA, non-interlaced','0e7cdb091383965b6fafa64171deb65f.png','Laser Mechanism.png','2012-11-29 11:48:11','2012-11-29 08:48:11',1),(190,177,NULL,95672,1,'ba063e9c713b776d43bcad72dd9b6d83','image/jpeg','image/jpeg','JPEG image data, JFIF standard 1.01','0ddb9201e7f28802f58c0e02ed855691.jpg','Laser Printer.jpg','2012-11-29 08:34:12','2012-11-29 08:34:00',1),(191,176,NULL,13747,1,'3a5a2734b983473e13ce9d6391b07993','image/png','image/png','PNG image data, 261 x 127, 8-bit/color RGB, non-interlaced','e984f6cd1defb036ee15545c89c9ea47.png','Screen Shot 2012-11-29 at 12.32.20 AM.png','2012-11-29 11:38:09','2012-11-29 08:38:09',1),(193,179,NULL,39992,1,'38678814dbfcab1e61a0340dfab4c7b1','image/jpeg','image/jpeg','JPEG image data, JFIF standard 1.01','ae1f3ca885c0a30c463a242685003d32.jpg','Thermal Printer.jpg','2012-11-29 08:52:41','2012-11-29 08:52:27',1),(194,180,NULL,24920,1,'755325a213a79490393adddedbebfece','image/png','image/png','PNG image data, 210 x 127, 8-bit/color RGB, non-interlaced','06b701fdeddad22a290af9c6ebdec4f9.png','Screen Shot 2012-11-29 at 1.33.21 AM.png','2012-11-29 12:38:46','2012-11-29 09:38:46',1),(195,181,NULL,68021,1,'562ea06eaae2334605e4a18f4b068b65','image/jpeg','image/jpeg','JPEG image data, JFIF standard 1.02','d637c733d1cd1a7fbafafe4c4988bda9.jpg','typographyahistory.jpg','2012-11-29 19:47:25','2012-11-29 16:47:24',1),(196,182,NULL,40207,1,'7f1c96d70d6716fbc0ac3d7c96698344','image/png','image/png','PNG image data, 572 x 439, 8-bit/color RGB, non-interlaced','b826230decb76208c6d68745c25ffba3.png','The Basics (Problems).png','2012-11-29 20:15:22','2012-11-29 17:15:22',1),(197,183,NULL,60943,1,'de9cdd2f1b264d834b65fe002be15958','image/png','image/png','PNG image data, 1003 x 478, 8-bit grayscale, non-interlaced','f5e21388c49dff21a6d6f9be40c24ba4.jpeg','DESMA_word_cloud_all_resources.jpeg','2012-11-29 23:19:49','2012-11-29 20:19:49',1),(198,184,NULL,123783,1,'a2ea953dbf6a346e4e131cd2dcb8bdc3','image/png','image/png','PNG image data, 717 x 649, 8-bit/color RGB, non-interlaced','45afbe3a90e3308800fde828325bdfec.png','Screen Shot 2012-11-29 at 3.40.27 PM.png','2012-11-30 02:45:00','2012-11-29 23:44:59',1),(199,185,NULL,77985,1,'8edca266ff081f2f1dfe55dc33eae7f0','image/jpeg','image/jpeg','JPEG image data, JFIF standard 1.02','99525cc449cce9c5b07f7db287c8f105.jpg','learningabouttypography.jpg','2012-11-30 04:23:44','2012-11-30 01:23:43',1),(200,186,NULL,136716,0,'6ded6085b4e3a8e87ef46a2d9e88398c','application/pdf','application/pdf','PDF document, version 1.3','bb269ba8ef2ffe7109f886a9e6d9b6ea.pdf','George Mason University School of Art Fall 2012.pdf','2012-11-30 08:48:46','2012-11-30 05:48:45',1),(201,187,NULL,114840,0,'c8cf0be37c1d49c91d10b8a28b8ab7cd','application/pdf','application/pdf','PDF document, version 1.3','58d441011a908b3a53305aa90c1802c8.pdf','Georgia State University Fall 2012.pdf','2012-11-30 08:49:20','2012-11-30 05:49:20',1),(202,188,NULL,2735984,0,'2cf3c825b5ac696434eaa388e3decf8a','application/pdf','application/pdf','PDF document, version 1.5','7dd8030cd57e5460bd43340d6ebd8e40.pdf','Mississippi State University Fall 2006.pdf','2012-11-30 08:50:30','2012-11-30 05:50:30',1),(203,189,NULL,71421,0,'c0b7c47125382da2ef7be947de5d0289','application/pdf','application/pdf','PDF document, version 1.3','6db7c94cdc09e1a0a554fe19acc69d38.pdf','Truman State University Winter 2012.pdf','2012-11-30 08:51:00','2012-11-30 05:51:00',1),(204,190,NULL,121539,0,'f689dacde430170be8c21d9a4fa8f4fb','application/pdf','application/pdf','PDF document, version 1.3','95e281eed4eb86b82dd067033e016a1d.pdf','University of Denver Winter 2012.pdf','2012-11-30 08:52:25','2012-11-30 05:52:25',1),(205,191,NULL,86882,0,'1dfaa3833c58bde132a3cb030181fbd8','application/pdf','application/pdf','PDF document, version 1.3','b96a7eb93e628344dac47055b1bde5e8.pdf','University of Kansas Spring 2011.pdf','2012-11-30 08:53:00','2012-11-30 05:53:00',1),(206,192,NULL,217716,0,'681e956355b52a018d037e2d7df7fd6c','application/pdf','application/pdf','PDF document, version 1.6','e403374beac48fb0cbeb116d32c41678.pdf','University of Maryland Fall 2008.pdf','2012-11-30 08:53:45','2012-11-30 05:53:45',1),(207,193,NULL,114229,0,'220eec2ded89685cde2f8a01397a3841','application/pdf','application/pdf','PDF document, version 1.3','a7474cfc398baafa2dae667cd33ef71e.pdf','University of the Pacific Fall 2012.pdf','2012-11-30 08:54:24','2012-11-30 05:54:24',1),(208,194,NULL,1829461,0,'6da1b81a54de3b6394ede53bfdce7d26','application/pdf','application/pdf','PDF document, version 1.6','7a253136c7ebae02c8519ba74bbccea0.pdf','University of Wyoming Spring 2012.pdf','2012-11-30 08:55:31','2012-11-30 05:55:31',1),(209,195,NULL,34543,0,'d9176f3c6d6fcd271810667fdbd39259','application/pdf','application/pdf','PDF document, version 1.6','b2c09fea0942b986e9e5a8a59e8b694b.pdf','Watkins College of Art, Design and Film Spring 2012.pdf','2012-11-30 08:56:05','2012-11-30 05:56:05',1),(210,196,NULL,67452,1,'77425f309eb7244c5dd266f21db80b8e','image/png','image/png','PNG image data, 600 x 600, 8-bit/color RGB, non-interlaced','7f3c0bc54f2dad069864406d36ff3df5.png','Designing with Type.png','2012-11-30 06:30:11','2012-11-30 06:28:15',1),(211,197,NULL,66918,1,'622d6208f7d9e5452df04fb27260d868','image/jpeg','image/jpeg','JPEG image data, JFIF standard 1.01','9c4143e5b23f7476f812dee9e4d7fc4a.jpg','Elements of typographic-style.jpg','2012-11-30 09:33:52','2012-11-30 06:33:52',1),(212,198,NULL,96202,1,'93f8cbc93376fb6de34048eee2c1307c','image/jpeg','image/jpeg','JPEG image data, JFIF standard 1.02','64882a9c99409915bccbba92411a0139.jpg','Stop_stealing_sheep.jpg','2012-11-30 09:37:11','2012-11-30 06:37:11',1),(213,199,NULL,63590,1,'f32892dc2b2e4b295e90a48924947ae3','image/jpeg','image/jpeg','JPEG image data, JFIF standard 1.02','92e44431405d656308cb6c1c4fa869ff.jpg','thinkingWithType.jpg','2012-11-30 09:38:04','2012-11-30 06:38:04',1),(214,200,NULL,39248,1,'32f1b1541b0d805d7c8838aae32ab485','image/jpeg','image/jpeg','JPEG image data, JFIF standard 1.01','e60ec573e003a7e8a293eaf8732520e6.jpg','resources without points.jpg','2012-11-30 09:55:52','2012-11-30 06:55:51',1),(215,201,NULL,9761,1,'0770c6f38f6e37ef01ecd64e9cf75b62','image/jpeg','image/jpeg','JPEG image data, JFIF standard 1.01','261a02e4d6b2e28f3e3ec0ffae04ad9c.jpg','TimelinePoint.jpg','2012-11-30 18:58:13','2012-11-30 15:58:12',1),(216,202,NULL,191894,1,'6946beff2d5fd0c0c1e6edfe1b3378f7','image/png','image/png','PNG image data, 1803 x 902, 8-bit/color RGBA, non-interlaced','57688fb4d59ae77b3b9beb904fb218a0.png','LAST.png','2012-11-30 17:01:43','2012-11-30 17:01:19',1),(218,204,NULL,30569,0,'ced4de63806e273e097b13b7fdca2cc2','application/vnd.ms-excel','application/x-zip','Zip archive data, at least v2.0 to extract','b0a774f67d947b544046cf0d7bb66eb8.xlsx','REsources without points.xlsx','2012-12-08 02:30:59','2012-12-07 23:29:37',1),(219,204,NULL,45573,0,'6220c911ad7615a07ff5aaeb0a25212f','application/vnd.ms-excel','application/x-zip','Zip archive data, at least v2.0 to extract','6a3c355ebcf1a86e446bc8da8f682d88.xlsx','FINAL TP with points.xlsx','2012-12-08 02:30:59','2012-12-07 23:30:31',1),(220,204,NULL,46392,0,'af5160b5c826488a1a4491a7881ded40','application/vnd.ms-excel','application/x-zip','Zip archive data, at least v2.0 to extract','71dcaba19af3f2a44debb1d5f4035ca1.xlsx','TP Primary.xlsx','2012-12-08 02:30:59','2012-12-07 23:30:59',1),(221,204,NULL,41968,0,'bb2fde27c140105fd6fad5bb73fda0bf','application/vnd.ms-excel','application/x-zip','Zip archive data, at least v2.0 to extract','06a59df3e11d03121aba0f644c5757b7.xlsx','TP Secondary+Primary.xlsx','2012-12-08 02:30:59','2012-12-08 02:30:59',1);
/*!40000 ALTER TABLE `omeka_files` ENABLE KEYS */;
UNLOCK TABLES;

--
-- Table structure for table `omeka_image_annotation_annotations`
--

DROP TABLE IF EXISTS `omeka_image_annotation_annotations`;
/*!40101 SET @saved_cs_client     = @@character_set_client */;
/*!40101 SET character_set_client = utf8 */;
CREATE TABLE `omeka_image_annotation_annotations` (
  `id` int(11) unsigned NOT NULL AUTO_INCREMENT,
  `user_id` int(11) unsigned NOT NULL,
  `file_id` int(11) unsigned NOT NULL,
  `top` mediumint(8) unsigned NOT NULL,
  `left` mediumint(8) unsigned NOT NULL,
  `width` mediumint(8) unsigned NOT NULL,
  `height` mediumint(8) unsigned NOT NULL,
  `text` text COLLATE utf8_unicode_ci NOT NULL,
  `added` timestamp NOT NULL DEFAULT CURRENT_TIMESTAMP,
  `modified` timestamp NOT NULL DEFAULT '0000-00-00 00:00:00',
  `public` tinyint(4) NOT NULL DEFAULT '1',
  PRIMARY KEY (`id`),
  KEY `file_id` (`file_id`),
  KEY `user_id` (`user_id`),
  KEY `added` (`added`),
  KEY `modified` (`modified`)
) ENGINE=MyISAM DEFAULT CHARSET=utf8 COLLATE=utf8_unicode_ci;
/*!40101 SET character_set_client = @saved_cs_client */;

--
-- Dumping data for table `omeka_image_annotation_annotations`
--

LOCK TABLES `omeka_image_annotation_annotations` WRITE;
/*!40000 ALTER TABLE `omeka_image_annotation_annotations` DISABLE KEYS */;
/*!40000 ALTER TABLE `omeka_image_annotation_annotations` ENABLE KEYS */;
UNLOCK TABLES;

--
-- Table structure for table `omeka_item_types`
--

DROP TABLE IF EXISTS `omeka_item_types`;
/*!40101 SET @saved_cs_client     = @@character_set_client */;
/*!40101 SET character_set_client = utf8 */;
CREATE TABLE `omeka_item_types` (
  `id` int(10) unsigned NOT NULL AUTO_INCREMENT,
  `name` varchar(255) COLLATE utf8_unicode_ci NOT NULL,
  `description` text COLLATE utf8_unicode_ci,
  PRIMARY KEY (`id`),
  UNIQUE KEY `name` (`name`)
) ENGINE=MyISAM AUTO_INCREMENT=14 DEFAULT CHARSET=utf8 COLLATE=utf8_unicode_ci;
/*!40101 SET character_set_client = @saved_cs_client */;

--
-- Dumping data for table `omeka_item_types`
--

LOCK TABLES `omeka_item_types` WRITE;
/*!40000 ALTER TABLE `omeka_item_types` DISABLE KEYS */;
INSERT INTO `omeka_item_types` VALUES (1,'Document','A resource containing textual data.  Note that facsimiles or images of texts are still of the genre text.'),(3,'Moving Image','A series of visual representations that, when shown in succession, impart an impression of motion.'),(4,'Oral History','A resource containing historical information obtained in interviews with persons having firsthand knowledge.'),(5,'Sound','A resource whose content is primarily intended to be rendered as audio.'),(6,'Still Image','A static visual representation. Examples of still images are: paintings, drawings, graphic designs, plans and maps.  Recommended best practice is to assign the type \"text\" to images of textual materials.'),(7,'Website','A resource comprising of a web page or web pages and all related assets ( such as images, sound and video files, etc. ).'),(8,'Event','A non-persistent, time-based occurrence.  Metadata for an event provides descriptive information that is the basis for discovery of the purpose, location, duration, and responsible agents associated with an event. Examples include an exhibition, webcast, conference, workshop, open day, performance, battle, trial, wedding, tea party, conflagration.'),(9,'Email','A resource containing textual messages and binary attachments sent electronically from one person to another or one person to many people.'),(10,'Lesson Plan','Instructional materials.'),(11,'Hyperlink','Title, URL, Description or annotation.'),(12,'Person','An individual, biographical data, birth and death, etc.'),(13,'Interactive Resource','A resource requiring interaction from the user to be understood, executed, or experienced. Examples include forms on Web pages, applets, multimedia learning objects, chat services, or virtual reality environments.');
/*!40000 ALTER TABLE `omeka_item_types` ENABLE KEYS */;
UNLOCK TABLES;

--
-- Table structure for table `omeka_item_types_elements`
--

DROP TABLE IF EXISTS `omeka_item_types_elements`;
/*!40101 SET @saved_cs_client     = @@character_set_client */;
/*!40101 SET character_set_client = utf8 */;
CREATE TABLE `omeka_item_types_elements` (
  `id` int(10) unsigned NOT NULL AUTO_INCREMENT,
  `item_type_id` int(10) unsigned NOT NULL,
  `element_id` int(10) unsigned NOT NULL,
  `order` int(10) unsigned DEFAULT NULL,
  PRIMARY KEY (`id`),
  UNIQUE KEY `item_type_id_element_id` (`item_type_id`,`element_id`),
  KEY `item_type_id` (`item_type_id`),
  KEY `element_id` (`element_id`)
) ENGINE=MyISAM AUTO_INCREMENT=48 DEFAULT CHARSET=utf8 COLLATE=utf8_unicode_ci;
/*!40101 SET character_set_client = @saved_cs_client */;

--
-- Dumping data for table `omeka_item_types_elements`
--

LOCK TABLES `omeka_item_types_elements` WRITE;
/*!40000 ALTER TABLE `omeka_item_types_elements` DISABLE KEYS */;
INSERT INTO `omeka_item_types_elements` VALUES (1,1,7,NULL),(2,1,1,NULL),(3,6,7,NULL),(6,6,10,NULL),(7,3,7,NULL),(8,3,11,NULL),(9,3,12,NULL),(10,3,13,NULL),(11,3,14,NULL),(12,3,5,NULL),(13,5,7,NULL),(14,5,11,NULL),(15,5,15,NULL),(16,5,5,NULL),(17,4,7,NULL),(18,4,11,NULL),(19,4,15,NULL),(20,4,5,NULL),(21,4,2,NULL),(22,4,3,NULL),(23,4,4,NULL),(24,4,16,NULL),(25,9,17,NULL),(26,9,18,NULL),(27,9,20,NULL),(28,9,19,NULL),(29,9,21,NULL),(30,9,22,NULL),(31,9,23,NULL),(32,10,24,NULL),(33,10,25,NULL),(34,10,26,NULL),(35,10,11,NULL),(36,10,27,NULL),(37,7,6,NULL),(38,11,28,NULL),(39,8,29,NULL),(40,8,30,NULL),(41,8,11,NULL),(42,12,31,NULL),(43,12,32,NULL),(44,12,33,NULL),(45,12,34,NULL),(46,12,35,NULL),(47,12,36,NULL);
/*!40000 ALTER TABLE `omeka_item_types_elements` ENABLE KEYS */;
UNLOCK TABLES;

--
-- Table structure for table `omeka_items`
--

DROP TABLE IF EXISTS `omeka_items`;
/*!40101 SET @saved_cs_client     = @@character_set_client */;
/*!40101 SET character_set_client = utf8 */;
CREATE TABLE `omeka_items` (
  `id` int(10) unsigned NOT NULL AUTO_INCREMENT,
  `item_type_id` int(10) unsigned DEFAULT NULL,
  `collection_id` int(10) unsigned DEFAULT NULL,
  `featured` tinyint(4) NOT NULL,
  `public` tinyint(4) NOT NULL,
  `modified` timestamp NOT NULL DEFAULT CURRENT_TIMESTAMP ON UPDATE CURRENT_TIMESTAMP,
  `added` timestamp NOT NULL DEFAULT '0000-00-00 00:00:00',
  PRIMARY KEY (`id`),
  KEY `item_type_id` (`item_type_id`),
  KEY `collection_id` (`collection_id`),
  KEY `public` (`public`),
  KEY `featured` (`featured`)
) ENGINE=MyISAM AUTO_INCREMENT=205 DEFAULT CHARSET=utf8 COLLATE=utf8_unicode_ci;
/*!40101 SET character_set_client = @saved_cs_client */;

--
-- Dumping data for table `omeka_items`
--

LOCK TABLES `omeka_items` WRITE;
/*!40000 ALTER TABLE `omeka_items` DISABLE KEYS */;
INSERT INTO `omeka_items` VALUES (4,6,NULL,0,1,'2012-11-16 17:38:19','2012-10-19 16:40:39'),(5,1,NULL,0,1,'2012-10-24 03:38:40','2012-10-19 16:47:12'),(6,1,NULL,0,1,'2012-10-25 01:11:56','2012-10-22 05:15:30'),(7,1,NULL,0,1,'2012-11-16 17:38:00','2012-10-22 05:19:18'),(8,1,2,0,1,'2012-11-09 04:43:01','2012-10-24 03:35:24'),(9,6,NULL,0,0,'2012-11-02 15:05:06','2012-10-24 03:44:52'),(10,1,3,0,1,'2012-11-22 00:43:13','2012-10-24 20:23:15'),(172,6,NULL,0,1,'2012-11-30 02:52:42','2012-11-29 07:22:30'),(13,1,3,0,1,'2012-11-22 00:39:01','2012-10-24 20:37:25'),(24,6,7,0,1,'2012-11-16 17:37:45','2012-10-25 17:20:49'),(23,0,NULL,0,0,'2012-10-25 11:23:43','2012-10-25 11:23:43'),(25,0,NULL,0,0,'2012-10-25 17:40:43','2012-10-25 17:40:43'),(26,6,2,0,1,'2012-11-08 23:25:54','2012-10-25 19:39:39'),(27,6,2,0,1,'2012-11-27 20:43:15','2012-10-25 19:53:19'),(28,6,2,0,1,'2012-11-09 04:42:22','2012-10-25 20:01:52'),(29,6,NULL,0,1,'2012-11-28 03:09:18','2012-10-25 20:52:49'),(30,6,2,0,1,'2012-11-27 20:43:01','2012-10-25 20:58:14'),(31,3,NULL,0,1,'2012-11-28 03:09:18','2012-10-25 21:03:50'),(111,6,1,0,1,'2012-11-16 17:29:57','2012-11-09 02:05:36'),(33,6,NULL,0,1,'2012-11-28 03:09:18','2012-10-25 21:11:03'),(34,6,2,0,1,'2012-11-27 20:42:49','2012-10-25 21:12:27'),(35,6,NULL,0,1,'2012-11-28 03:09:18','2012-10-25 21:18:02'),(36,6,2,0,1,'2012-11-27 20:42:37','2012-10-25 21:20:01'),(37,6,NULL,0,1,'2012-11-28 03:09:18','2012-10-25 21:24:14'),(38,6,2,0,1,'2012-11-27 20:42:25','2012-10-25 22:40:59'),(39,6,1,0,1,'2012-11-16 02:42:23','2012-10-26 01:01:45'),(40,6,1,0,1,'2012-11-16 17:36:36','2012-10-26 01:05:12'),(41,6,1,0,1,'2012-11-16 17:36:30','2012-10-26 01:08:28'),(42,6,1,0,1,'2012-11-16 17:36:21','2012-10-26 01:11:55'),(43,6,1,0,1,'2012-11-16 17:36:11','2012-10-26 01:14:29'),(44,1,3,0,1,'2012-11-22 00:48:45','2012-10-26 15:40:32'),(45,1,3,0,1,'2012-11-09 14:42:09','2012-10-26 15:57:43'),(46,1,3,0,1,'2012-11-22 00:41:31','2012-10-26 16:09:17'),(58,1,7,0,1,'2012-11-16 17:35:39','2012-11-06 04:43:47'),(59,6,7,0,1,'2012-11-16 17:35:31','2012-11-06 05:10:30'),(60,6,7,0,1,'2012-11-16 17:35:24','2012-11-06 05:32:24'),(61,6,2,0,1,'2012-11-16 17:35:15','2012-11-06 15:53:57'),(62,6,1,0,1,'2012-11-16 17:35:07','2012-11-06 16:03:55'),(63,6,1,0,1,'2012-11-16 17:34:55','2012-11-06 16:11:08'),(64,6,1,0,1,'2012-11-16 17:34:50','2012-11-06 16:16:10'),(65,6,1,0,1,'2012-11-16 17:34:42','2012-11-06 16:20:01'),(55,6,1,0,1,'2012-11-16 17:36:00','2012-11-06 03:15:32'),(56,6,1,0,1,'2012-11-16 17:35:54','2012-11-06 03:32:16'),(57,6,1,0,1,'2012-11-16 17:35:46','2012-11-06 03:47:26'),(66,6,7,0,1,'2012-11-16 17:34:35','2012-11-06 21:27:04'),(67,6,7,0,1,'2012-11-16 17:34:28','2012-11-06 21:28:24'),(68,6,7,0,1,'2012-11-16 17:34:21','2012-11-06 21:28:57'),(69,6,7,0,1,'2012-11-16 17:34:13','2012-11-06 21:29:19'),(70,6,7,0,1,'2012-11-16 17:34:06','2012-11-06 21:29:35'),(71,6,7,0,1,'2012-11-16 17:33:55','2012-11-06 21:29:53'),(72,6,7,0,1,'2012-11-16 17:33:43','2012-11-06 21:30:13'),(73,6,7,0,1,'2012-11-16 17:33:36','2012-11-06 21:30:33'),(74,6,7,0,1,'2012-11-16 17:33:28','2012-11-06 21:30:47'),(75,6,7,0,1,'2012-11-16 17:33:21','2012-11-06 21:31:01'),(76,6,7,0,1,'2012-11-16 17:33:12','2012-11-06 21:31:24'),(77,6,7,0,1,'2012-11-16 17:33:04','2012-11-06 21:32:05'),(78,6,7,0,1,'2012-11-16 17:32:58','2012-11-06 21:32:24'),(79,1,NULL,0,1,'2012-11-28 03:08:41','2012-11-07 18:15:10'),(80,6,NULL,0,1,'2012-11-28 03:08:41','2012-11-07 18:40:51'),(81,6,NULL,0,1,'2012-11-28 03:08:41','2012-11-07 18:57:54'),(82,6,NULL,0,1,'2012-11-28 22:40:59','2012-11-07 19:30:00'),(83,6,2,0,1,'2012-11-27 20:42:09','2012-11-08 03:58:43'),(84,6,2,0,1,'2012-11-27 20:41:55','2012-11-08 04:04:47'),(85,6,7,0,1,'2012-11-16 17:32:42','2012-11-08 05:58:55'),(86,6,1,0,1,'2012-11-16 17:32:35','2012-11-08 16:35:45'),(87,6,1,0,1,'2012-11-16 17:32:28','2012-11-08 16:43:04'),(88,6,1,0,1,'2012-11-16 17:32:21','2012-11-08 16:49:34'),(89,6,1,0,1,'2012-11-16 17:32:13','2012-11-08 17:56:18'),(90,6,1,0,1,'2012-11-16 17:32:05','2012-11-08 18:01:45'),(91,6,1,0,1,'2012-11-16 17:31:59','2012-11-08 18:06:53'),(92,6,7,0,1,'2012-11-16 17:31:52','2012-11-08 19:56:19'),(93,0,NULL,0,1,'2012-11-16 17:31:45','2012-11-08 21:53:51'),(94,6,2,0,1,'2012-11-27 20:41:44','2012-11-08 21:58:01'),(95,6,2,0,1,'2012-11-27 20:41:33','2012-11-08 22:01:00'),(96,6,2,0,1,'2012-11-27 20:41:21','2012-11-08 22:04:38'),(97,6,2,0,1,'2012-11-27 20:41:07','2012-11-08 22:08:24'),(98,7,NULL,0,1,'2012-11-28 03:08:41','2012-11-08 23:13:11'),(99,6,7,0,1,'2012-11-16 17:31:20','2012-11-08 23:13:35'),(100,7,2,0,1,'2012-11-21 22:16:01','2012-11-08 23:24:05'),(101,7,7,0,1,'2012-11-28 03:07:43','2012-11-08 23:33:04'),(102,7,NULL,0,1,'2012-11-16 17:31:08','2012-11-08 23:39:25'),(103,6,7,0,1,'2012-11-16 17:30:56','2012-11-08 23:46:34'),(104,6,7,0,1,'2012-11-16 17:30:48','2012-11-08 23:51:45'),(105,6,7,0,1,'2012-11-16 17:30:42','2012-11-09 00:10:33'),(106,6,1,0,1,'2012-11-16 17:30:35','2012-11-09 00:38:12'),(107,6,1,0,1,'2012-11-16 17:30:28','2012-11-09 00:39:26'),(108,6,1,0,1,'2012-11-16 17:30:21','2012-11-09 00:41:02'),(109,6,1,0,1,'2012-11-16 17:30:13','2012-11-09 00:42:49'),(110,6,1,0,1,'2012-11-16 17:30:06','2012-11-09 00:43:51'),(112,6,1,0,1,'2012-11-16 17:29:50','2012-11-09 02:12:30'),(113,6,1,0,1,'2012-11-16 17:29:27','2012-11-09 02:14:51'),(114,6,2,0,1,'2012-11-30 08:26:29','2012-11-09 02:17:34'),(115,6,1,0,1,'2012-11-16 17:29:19','2012-11-09 02:17:44'),(116,6,1,0,1,'2012-11-16 17:29:10','2012-11-09 02:24:50'),(117,6,2,0,1,'2012-11-27 20:40:26','2012-11-09 02:27:37'),(118,6,7,0,1,'2012-11-16 17:28:56','2012-11-09 03:44:53'),(119,6,7,0,1,'2012-11-16 17:28:49','2012-11-09 03:53:52'),(120,6,7,0,1,'2012-11-16 17:28:41','2012-11-09 04:05:08'),(121,6,7,0,1,'2012-11-16 17:28:35','2012-11-09 04:08:03'),(122,6,7,0,1,'2012-11-16 17:28:28','2012-11-09 04:13:09'),(123,6,7,0,1,'2012-11-16 17:28:21','2012-11-09 04:16:05'),(124,6,7,0,1,'2012-11-16 17:28:13','2012-11-09 04:19:12'),(125,6,7,0,1,'2012-11-16 17:28:05','2012-11-09 04:53:22'),(126,6,7,0,1,'2012-11-16 17:27:58','2012-11-09 04:57:29'),(127,6,7,0,1,'2012-11-16 17:27:50','2012-11-09 05:00:16'),(128,6,NULL,0,1,'2012-11-28 03:08:41','2012-11-09 05:52:20'),(129,6,NULL,0,1,'2012-11-28 03:08:41','2012-11-09 05:59:37'),(130,6,NULL,0,1,'2012-11-30 04:53:12','2012-11-09 06:53:38'),(131,6,NULL,0,1,'2012-11-30 04:53:03','2012-11-09 06:57:45'),(145,6,NULL,0,1,'2012-11-30 08:27:31','2012-11-26 00:49:21'),(146,0,NULL,0,0,'2012-11-28 00:28:44','2012-11-27 21:08:12'),(147,0,NULL,0,0,'2012-11-28 00:29:31','2012-11-27 21:08:32'),(135,1,3,0,1,'2012-11-22 00:23:25','2012-11-09 15:27:20'),(136,1,3,0,1,'2012-11-22 00:22:43','2012-11-09 16:38:36'),(137,1,3,0,1,'2012-11-22 00:22:43','2012-11-09 16:42:38'),(138,1,3,0,1,'2012-11-22 00:22:43','2012-11-09 16:44:39'),(139,1,3,0,1,'2012-11-22 00:22:43','2012-11-09 16:50:49'),(140,1,3,0,1,'2012-11-09 17:00:52','2012-11-09 16:54:04'),(141,1,3,0,1,'2012-11-22 00:22:43','2012-11-09 16:57:24'),(142,1,3,0,1,'2012-11-22 00:21:29','2012-11-09 17:00:36'),(143,6,7,0,1,'2012-11-16 17:27:23','2012-11-16 04:27:50'),(144,6,7,0,1,'2012-11-16 17:27:12','2012-11-16 04:31:13'),(148,6,NULL,0,1,'2012-11-28 02:21:32','2012-11-27 23:20:53'),(149,6,NULL,0,1,'2012-11-27 23:42:20','2012-11-27 23:39:32'),(150,6,NULL,0,1,'2012-11-27 23:49:15','2012-11-27 23:42:10'),(151,6,NULL,0,1,'2012-11-27 23:44:15','2012-11-27 23:44:15'),(152,6,NULL,0,1,'2012-11-27 23:45:57','2012-11-27 23:45:57'),(153,6,NULL,0,1,'2012-11-27 23:48:29','2012-11-27 23:48:29'),(154,6,NULL,0,1,'2012-11-28 03:50:30','2012-11-28 00:50:05'),(155,6,NULL,0,1,'2012-11-28 01:12:31','2012-11-28 01:12:31'),(156,6,NULL,0,1,'2012-11-30 08:27:04','2012-11-28 04:27:10'),(157,6,NULL,0,1,'2012-11-28 05:40:06','2012-11-28 05:40:06'),(158,6,NULL,0,1,'2012-11-28 08:18:07','2012-11-28 08:17:54'),(159,6,NULL,0,1,'2012-11-28 08:26:17','2012-11-28 08:26:17'),(160,6,NULL,0,1,'2012-11-28 08:39:55','2012-11-28 08:39:55'),(161,6,NULL,0,1,'2012-11-28 19:18:03','2012-11-28 19:18:03'),(162,6,NULL,0,1,'2012-11-28 19:23:46','2012-11-28 19:23:34'),(163,6,NULL,0,1,'2012-11-28 19:30:37','2012-11-28 19:30:37'),(164,6,NULL,0,1,'2012-11-28 19:31:10','2012-11-28 19:30:55'),(165,6,NULL,0,1,'2012-11-28 19:32:43','2012-11-28 19:32:43'),(166,6,NULL,0,1,'2012-11-28 22:49:08','2012-11-28 19:35:24'),(167,6,NULL,0,1,'2012-11-28 19:57:07','2012-11-28 19:57:07'),(168,6,NULL,0,1,'2012-11-29 03:09:29','2012-11-29 03:09:29'),(169,6,NULL,0,1,'2012-11-29 03:16:11','2012-11-29 03:15:59'),(170,6,NULL,0,1,'2012-11-29 03:29:37','2012-11-29 03:29:37'),(173,0,10,0,1,'2012-11-30 14:44:32','2012-11-29 07:46:08'),(174,6,NULL,0,1,'2012-11-29 08:09:59','2012-11-29 08:09:44'),(176,0,10,0,1,'2012-11-30 14:44:32','2012-11-29 08:20:24'),(177,6,NULL,0,1,'2012-11-29 08:34:12','2012-11-29 08:34:00'),(178,6,NULL,0,1,'2012-11-29 08:48:11','2012-11-29 08:48:11'),(179,6,NULL,0,1,'2012-11-29 08:52:41','2012-11-29 08:52:27'),(180,0,10,0,1,'2012-11-30 14:44:32','2012-11-29 09:38:46'),(181,0,NULL,0,0,'2012-11-29 16:47:24','2012-11-29 16:47:24'),(182,0,NULL,0,0,'2012-11-29 17:15:22','2012-11-29 17:15:22'),(183,0,10,0,1,'2012-11-30 14:44:32','2012-11-29 20:19:06'),(184,0,10,0,1,'2012-11-30 14:44:32','2012-11-29 23:44:59'),(185,0,NULL,0,0,'2012-11-30 01:23:43','2012-11-30 01:23:43'),(186,1,8,0,1,'2012-11-30 05:58:04','2012-11-30 05:48:45'),(187,1,8,0,1,'2012-11-30 05:58:04','2012-11-30 05:49:20'),(188,1,8,0,1,'2012-11-30 05:58:04','2012-11-30 05:50:30'),(189,1,8,0,1,'2012-11-30 05:58:04','2012-11-30 05:51:00'),(190,1,8,0,1,'2012-11-30 05:58:04','2012-11-30 05:52:25'),(191,1,8,0,1,'2012-11-30 05:58:04','2012-11-30 05:53:00'),(192,1,8,0,1,'2012-11-30 05:58:04','2012-11-30 05:53:45'),(193,1,8,0,1,'2012-11-30 05:58:04','2012-11-30 05:54:24'),(194,1,8,0,1,'2012-11-30 05:58:04','2012-11-30 05:55:31'),(195,1,8,0,1,'2012-11-30 05:58:04','2012-11-30 05:56:05'),(196,1,9,0,1,'2012-11-30 06:41:54','2012-11-30 06:28:15'),(197,1,9,0,1,'2012-11-30 06:41:54','2012-11-30 06:33:52'),(198,1,9,0,1,'2012-11-30 06:41:54','2012-11-30 06:37:11'),(199,1,9,0,1,'2012-11-30 06:41:54','2012-11-30 06:38:04'),(200,0,NULL,0,0,'2012-11-30 06:55:51','2012-11-30 06:55:51'),(201,6,NULL,0,1,'2012-11-30 15:58:12','2012-11-30 15:58:12'),(202,0,10,0,1,'2012-11-30 17:01:43','2012-11-30 17:01:19'),(204,0,NULL,0,0,'2012-12-08 02:30:59','2012-12-07 23:29:37');
/*!40000 ALTER TABLE `omeka_items` ENABLE KEYS */;
UNLOCK TABLES;

--
-- Table structure for table `omeka_items_section_pages`
--

DROP TABLE IF EXISTS `omeka_items_section_pages`;
/*!40101 SET @saved_cs_client     = @@character_set_client */;
/*!40101 SET character_set_client = utf8 */;
CREATE TABLE `omeka_items_section_pages` (
  `id` int(10) unsigned NOT NULL AUTO_INCREMENT,
  `item_id` int(10) unsigned DEFAULT NULL,
  `page_id` int(10) unsigned NOT NULL,
  `text` text COLLATE utf8_unicode_ci,
  `caption` text COLLATE utf8_unicode_ci,
  `order` tinyint(3) unsigned NOT NULL,
  PRIMARY KEY (`id`)
) ENGINE=MyISAM AUTO_INCREMENT=450 DEFAULT CHARSET=utf8 COLLATE=utf8_unicode_ci;
/*!40101 SET character_set_client = @saved_cs_client */;

--
-- Dumping data for table `omeka_items_section_pages`
--

LOCK TABLES `omeka_items_section_pages` WRITE;
/*!40000 ALTER TABLE `omeka_items_section_pages` DISABLE KEYS */;
INSERT INTO `omeka_items_section_pages` VALUES (1,NULL,1,'<p><img src=\"http://dh101.humanities.ucla.edu/DH101Fall12Lab1/archive/files/febe60b2fde5c9afff21a7f31f334e3b.png\" alt=\"\" /></p>\r\n<blockquote>\r\n<p>Old Style (occasionally referred to as Humanist) typefaces are based on hand lettering of scribes and they first appeared in the late 15th century.&nbsp;Their relation to calligraphy can be seen in the <strong>curved strokes</strong> and letters with <strong>subtle thick to thin transitions</strong>, looking somewhat like letters drawn with a pen and ink. The serifs on Old Styles are always <strong>angled</strong> and if you draw a line though the thinnest parts of the letters, you&rsquo;ll see that the <strong>stress is diagonal</strong>.</p>\r\n</blockquote>\r\n<blockquote>\r\n<p>Old Style typefaces are considered to be the best type for large amounts of body text on paper. That&rsquo;s why you&rsquo;ll find them used heavily in newspapers, magazines and books.</p>\r\n</blockquote>\r\n<p>Jennifer Farley, <a href=\"http://www.sitepoint.com/the-old-style-typeface/\">Site Point</a></p>','',1),(2,62,1,'','',2),(3,63,1,'','',3),(4,64,1,'','',4),(5,65,1,'','',5),(6,39,1,'','',6),(7,NULL,1,'','',7),(8,NULL,1,'','',8),(20,40,2,'','',4),(21,106,2,'','',5),(18,87,2,'','',2),(19,86,2,'','',3),(17,NULL,2,'<p><img src=\"http://dh101.humanities.ucla.edu/DH101Fall12Lab1/archive/files/77ab3c3c3e33d574cc18aa7210733f1e.png\" alt=\"\" /></p>\r\n<p>Transitional typefaces represent the transition from Old Style to Modern style typefaces. Developed in the wake of the Enlightenment, transitional fonts were much less influenced by handwritten letterforms, emphasizing a <strong>greater differentiation between hairlines and stems </strong>and a more<strong> vertically oriented axis</strong>.</p>','',1),(15,NULL,1,'','',15),(16,NULL,1,'','',16),(13,NULL,1,'','',13),(14,NULL,1,'','',14),(11,NULL,1,'','',11),(12,NULL,1,'','',12),(9,NULL,1,'','',9),(10,NULL,1,'','',10),(22,107,2,'','',6),(23,NULL,2,'','',7),(24,NULL,2,'','',8),(25,NULL,3,'<p><img src=\"http://dh101.humanities.ucla.edu/DH101Fall12Lab1/archive/files/cd7bb7622dc1e14553a041b6c4b427a1.gif\" alt=\"\" /></p>\r\n<p>A term used to describe the typefaces designed at the end of the 18th C, these typefaces are generally characterized by vertical stress and horizontal hairline serifs. They have pronounced contrasts between thick and thin strokes. [Mechanical improvements in the printing press, better ink, and paper with more consistent printing surfaces allowed for such transitions.] Didot and Bodoni represent the first major fonts of this style. (Consuegra, <em>Classic Typefaces</em>)</p>','',1),(26,88,3,'','',2),(27,41,3,'','',3),(28,109,3,'','',4),(29,NULL,3,'','',5),(30,NULL,3,'','',6),(31,NULL,3,'','',7),(32,NULL,3,'','',8),(33,NULL,4,'<p><img src=\"http://dh101.humanities.ucla.edu/DH101Fall12Lab1/archive/files/6c9e308a070e80fe3e7d9da4c6629aa5.gif\" alt=\"\" /></p>\r\n<p>Letterforms characterized by slab-like <strong>serifs similar in weight to the main strokes</strong>. They are also characterized by <strong>short descenders</strong>, and a number of features common to <em>Modern</em> typefaces. This style seems to be a product of the heightened interest in teh early ninetheeth century for all things that were Egyptian. (Consuegra,&nbsp;<em>Classic Typefaces</em>)</p>','',1),(34,89,4,'','',2),(35,90,4,'','',3),(36,91,4,'','',4),(37,42,4,'','',5),(38,110,4,'','',6),(39,NULL,4,'','',7),(40,NULL,4,'','',8),(41,NULL,4,'','',9),(42,43,5,'<p><span>Just exactly like what is sounds, a sans-serif typeface is a <strong>typeface without serifs</strong>. They can be found in history as early as the 5th century, although the classical revival of the Italian Renaissance return to old style serifed typefaces made them virtually obsolete until the 20th century. Their was much development of sans-serif typefaces in Germany as a revolt against the ornate lettering of the popular Blackletter styles which led to sans-serif typefaces based on the purity of geometric forms. Much like serifed typefaces, there are many different classifications for sans-serif typefaces. Below are listed the&nbsp;<span>British Standards Classification of Typefaces (BS 2961:1967)</span>:&nbsp;</span></p>\r\n<ol>\r\n<li><strong>Grotesque&nbsp;</strong>//&nbsp;Lineale typefaces with 19th-century origins. There is some contrast in thickness of strokes. They have squareness of curve, and curling close-set jaws. The R usually has a curled leg and the G is spurred. The ends of the curved strokes are usually horizontal.</li>\r\n<li><strong>Neo-Grotesque</strong>&nbsp;//&nbsp;Lineale typefaces derived from the grotesque. They have less stroke contrast and are more regular in design. The jaws are more open than in the true grotesque and the g is often open-tailed. The ends of the curved strokes are usually oblique.</li>\r\n<li><strong>Geometric</strong> //&nbsp;Lineale typefaces constructed on simple geometric shapes, circle or rectangle. Usually monoline, and often with single-storey a.</li>\r\n<li><strong>Humanist</strong>&nbsp;//&nbsp;Lineale typefaces based on the proportions of inscriptional Roman capitals and Humanist or Garalde lower-case, rather than on early grotesques. They have some stroke contrast, with two-storey a and g.</li>\r\n</ol>\r\n<p><span><span><span>(Source: Wikipedia,&nbsp;<a href=\"http://www.designishistory.com/1450/type-classification/\">Design History</a>)</span></span></span></p>','<p>Neo-Grotesque</p>',1),(43,57,5,'','<p>Geometric</p>',2),(44,108,5,'','<p>Humanist</p>',3),(45,116,5,'','<p>Grotesque</p>',4),(46,115,5,'','<p>Neo-Grotesque</p>',5),(47,113,5,'','<p>Geometric</p>',6),(48,112,5,'','<p>Humanist</p>',7),(49,111,5,'','<p>Humanist</p>',8),(50,NULL,5,'','',9),(69,67,8,'<p><strong>Baseline</strong></p>\r\n<p>An imaginary horizontal line upon which all the letters rest, except the round letters, that usually go below this line somewhat.</p>','',1),(70,66,8,'<p><span><strong>Meanline</strong></span></p>\r\n<p><span><strong></strong>An imaginary line that marks the top of lowercase letter (a, c, e, g, i, j, m, n, o, r, s, x, y and z) and the top of the torso of letters (b, d, p, h and q).</span></p>','',2),(71,68,8,'<p><span><strong>X-Height</strong></span></p>\r\n<p><span><strong></strong>The basic vertical measurement of the body of a lowercase letter, without counting ascenders and descenders, and taking the letter x as a parameter (due to the fact that all four corners of the letter touch a point of measurement-i.e. baseline and mean line).</span></p>','',3),(72,69,8,'<p><span><strong>Cap Height</strong></span></p>\r\n<p><span><strong></strong>The cap height is the distance from the baseline to the top of uppercase letters like \'H\' and \'J.\'</span></p>','',4),(73,NULL,8,'','',5),(74,NULL,8,'','',6),(75,NULL,8,'','',7),(76,NULL,8,'','',8),(77,70,10,'<p><span><strong>Ascender</strong></span></p>\r\n<p><span><strong></strong>A vertical stroke that rises above the body of a lowercase letter, as found in letters b, d, f, h, k, l and t.</span></p>','',1),(78,71,10,'<p><span><strong>Descender</strong></span></p>\r\n<p><span><strong></strong>A vertical stem that extends below the baseline of a lowercase letter, as in the case of g, j, p, q, and y. In italic and calligraphic typefaces, we may find the letter f having a descender as well.</span></p>','',2),(79,72,10,'<p><span><strong>Serif</strong></span></p>\r\n<p><span><strong></strong>A term given to those characteristic stroke terminals normally found in Roman typefaces. Serifs may be unilateral (at only one side of the main stroke) or bilateral (at both sides).\"</span></p>','',3),(80,NULL,10,'','',4),(81,NULL,10,'','',5),(82,NULL,10,'','',6),(83,NULL,10,'','',7),(84,NULL,10,'','',8),(85,73,11,'<p><span><strong>Stem</strong></span></p>\r\n<p><span><strong></strong>A stem is main support of a letter. It is usually vertical or slightly inclined in italics. Curved letters do not have one.</span></p>','',1),(86,74,11,'<p><span><strong>Bar</strong></span></p>\r\n<p><span><strong></strong>The horizontal lines of an \"E\" are known as bars. Bars are horizontal or diagonal lines of a letter, also known as arms, and are open on at least one side.</span></p>','',2),(87,75,11,'<p><span><strong>Bowl</strong></span></p>\r\n<p><span><strong></strong>In a letter, it is a curved stroke which makes an enclosed space within a character, as in capital letters B, D P, R, and in lowercase letters a, b, g, p and q.</span></p>','',3),(88,76,11,'<p><span><strong>Counter space</strong></span></p>\r\n<p><span><strong></strong>Also called counter form, it is the inside opening or white area within a letter. Counter spaces may be closed in letters b,d,e,g,o,p and q, or partially open as in letters c, h, k, m, n, s, t, u, v, x, y and z. Letters like e and a, present both open and closed spaces.</span></p>','',4),(89,77,11,'<p><span><strong>Leg</strong></span></p>\r\n<p><span><strong></strong>The lower diagonal stroke, usually straight, in a letter, such as in K, k, and R.</span></p>','',5),(90,78,11,'<p><span><strong>Shoulder</strong></span></p>\r\n<p><span><strong></strong>The stroke emerging from a stem, usually round, as in letters h, m and n.</span></p>','',6),(91,NULL,11,'','',7),(92,NULL,11,'','',8),(93,NULL,2,'','',9),(94,NULL,3,'','',9),(95,24,12,'<p><span>A website dedicated to typography and its history, notably featuring an interactive display of the fundamental aspects of the type anatomy.</span></p>','<p><a href=\"http://www.counterspace.us/typography/counterspace.swf\">Counter Space</a></p>',1),(96,118,12,'<p>An on-line companion to the book Thinking with Type: A Critical Guide for Designers, Writers, Editors, &amp; Students, by Ellen Lupton</p>','<p><a href=\"http://papress.com/thinkingwithtype/index.htm\">Thinking With Type</a></p>',2),(97,119,12,'<p><span>\"A quick and comprehensive type guide\"</span></p>','',3),(98,120,12,'<p><span>\"100% practical. Sketches have been made to explain some basic issues in type design during the workshops. They get used to point out some problems which raise while creating a new typeface. Only some foundations are shown, no deep sophisticated details.\"</span></p>','<p><a href=\"http://www.typeworkshop.com/index.php?id1=type-basics\">Typeworkshops.com</a></p>',4),(99,121,12,'<p><span>\"Type Topics is your source of information for important issues in typography today: everything from ampersands to OpenType&reg; technology.\"</span></p>','<p><a href=\"http://www.adobe.com/type/topics/index.html\">Adobe Type Topics</a>&nbsp;&amp;&nbsp;<a href=\"http://www.adobe.com/type/topics/glossary.html\">Glossary</a></p>',5),(100,122,12,'<p><span>Typography.com\'s \"Learn\" section,&nbsp;</span>offers advice on from typographers&nbsp;Hoelfer and Frere-Jones..</p>','<p><a href=\"http://www.typography.com/ask/recentTopic.php?path=head\">Ask H&amp;FJ</a></p>',6),(101,123,12,'<p><span>\"Typography is an huge field. People devote years of their lives to this ancient craft, and yet there\'s always something new to learn. In this article, [Max Luzuriaga] reviews the major points that you should consider when selecting a typeface for a website.\"</span></p>','<p><a href=\"http://webdesign.tutsplus.com/articles/choosing-the-right-font-a-practical-guide-to-typography-on-the-web/\">Choosing the Right Font</a></p>',7),(102,124,12,'<p><span>Maria Popova, \"Brain Pickings\" author, describes 10 essential books on typography, ranging from the practical to the philosophical to the plain pretty.</span></p>','<p><a href=\"http://www.brainpickings.org/index.php/2011/08/01/10-essential-books-on-typography/\">10 Essential Books on Typography</a></p>',8),(103,NULL,12,'','',9),(104,NULL,12,'','',10),(105,NULL,12,'','',11),(106,NULL,12,'','',12),(116,129,14,'<p>Not much is known about Gutenberg\'s life. &nbsp;It is known that he was born in Meinz, Germany and soon moved to Strasburg before 1434. &nbsp;It was reported that he made metal mirrors for pilgrims visiting holy sites in the area. &nbsp;He used the first printing press using movable type to make his famous Bible in 1455. &nbsp;Not much more is known about Gutenberg except for the fact that he died in 1468.</p>\r\n<p>-Harry Ransom Center at University of Texas</p>','',1),(117,128,14,'','<p>Another portrait of Johannes Gutenberg</p>',2),(118,130,14,'','<p>Johannes Gutenberg\'s Bible</p>',3),(119,131,14,'','<p>Sample of the font type that Gutenberg used</p>',4),(120,NULL,14,'','',5),(121,NULL,14,'','',6),(122,NULL,14,'','',7),(123,NULL,14,'','',8),(124,NULL,14,'','',9),(125,NULL,5,'','',10),(126,NULL,5,'','',11),(127,NULL,5,'','',12),(128,NULL,2,'','',10),(129,NULL,2,'','',11),(130,NULL,2,'','',12),(131,NULL,3,'','',10),(132,NULL,3,'','',11),(133,NULL,3,'','',12),(134,NULL,4,'','',10),(135,NULL,4,'','',11),(136,NULL,4,'','',12),(411,NULL,42,'<p>As a quick glance through our site will hopefully reveal, we aimed to maintain a consistent aesthetic throughout our interface. Here Omeka and the \"Thanks, Roy\" theme proved our biggest obstacles:</p>\r\n<p>Interface Issues Specific to Exhibits</p>\r\n<ul>\r\n<li>Omeka\'s \"Thanks Roy\" theme was fitting for our minimalist aesthetic; however, as pictured to the right, it leaves much to be desired in way of nagivation, with exhibits presented in \"tab\" form (initially&nbsp;<em>without</em>&nbsp;boxed outlines) and sections listed in a disorienting jumble of hyperlinks.&nbsp;</li>\r\n<li>Its display of the sections themselves proved intitally problematic, as there was no way (aside from the limiting \"caption\" option) to spotlight a single image above a description of what it presented. This led to the discovery that adding aesthetic items such as headers or descriptive images to our Omeka database created a permanent link that could in turn be embedded into Omeka\'s alloted \"description\" areas using simple HTML.</li>\r\n</ul>\r\n<p>Interface Issues for the Site as a Whole</p>\r\n<ul>\r\n<li>There was no way for us to control the font, font size, or font color of the site. I resorted to photoshopping headers and banners for individual exhibits, but this resulted in some repetive titling.&nbsp;</li>\r\n<li>While Omeka sections came with a pre-set \"Gallery\" layout, a lot of our items were links and looked terrible in this format. We worked around this by taking screencaps of the sites we wanted to link (and labeling the images with a hyperlinked title of the site).</li>\r\n<li>Our theme came pre-set with several \"Browse\" features but we opted to override these and impose our own, customized menu in order to construct a stronger narrative. We felt this adapted menu was more appropriate for an audience of beginners. Our menu also features explicit numbering (i.e. 1. The Basics, 2. History, 3. Resources) to ensure that users, while free to roam the site as they please, know our intended ordering.&nbsp;</li>\r\n</ul>','',1),(153,126,17,'<p>Test your font recognition skills with this \"Rather Difficult\" Font Game.</p>','<p><a href=\"http://fontgame.ilovetypography.com\">The Rather Difficult Font Game</a></p>',1),(154,127,17,'<p>Humoursly ascribing letterforms with their respective personalities, this \"typographic dating game\" reveals the usually hidden layer of visual communication.&nbsp;</p>','<p><a href=\"http://papress.com/thinkingwithtype/the_personals/the_personals.htm\">The Personals</a></p>',2),(155,143,17,'<p>Shape Type: A letter shaping game</p>','<p><a href=\"http://shape.method.ac\">Shape Type</a></p>',3),(156,144,17,'<p>Kerntype: A Kerning Game</p>','<p><a href=\"http://type.method.ac\">Kern Type</a></p>',4),(157,NULL,17,'','',5),(158,NULL,17,'','',6),(159,NULL,17,'','',7),(160,NULL,17,'','',8),(161,NULL,17,'','',9),(162,NULL,17,'','',10),(163,NULL,17,'','',11),(164,NULL,17,'','',12),(165,61,18,'<p>\"Humanist, Old Style, Transitional, Modern,&nbsp;Slab Serif (Egyptian), Sans Serif--By the end of this six-part series, you will be quite&nbsp;<em>au fait</em>&nbsp;with all of these terms; and just imagine the joy you will experience when you proudly exclaim to the delight of your spouse, girlfriend, boyfriend, neighbor, guy at the corner shop,&nbsp;<em>Look at that Humanist inspired type! Note how the bar of the lowercase</em><span>&nbsp;\'</span><em>e\'</em><span>&hellip;.\"</span></p>','<p><a href=\"http://ilovetypography.com/2007/11/06/type-terminology-humanist-2/\">I Love Typography: Type History Series</a></p>',1),(166,125,18,'<p>This typography based section of \"Design is History\" provides a broad overview of salient issues.</p>','<p><a href=\"http://www.designishistory.com/design/typography/\">Design is History</a></p>',2),(167,85,18,'<p><span>Graphic designers will enrich their understanding of American type design and type designers with this unique and extensive reference. The fascinating history of type in America is chronicled through the typefaces and biographies of sixty-two of the most influential type designers, including Linn Boyd Benton, Morris Fuller Benton, and Darius Wells, and through the description and history of nine American type foundries.</span></p>','',3),(168,NULL,18,'','',4),(169,NULL,18,'','',5),(170,NULL,18,'','',6),(171,NULL,18,'','',7),(172,NULL,18,'','',8),(173,NULL,18,'','',9),(174,NULL,18,'','',10),(175,NULL,18,'','',11),(176,NULL,18,'','',12),(387,NULL,40,'<h3>For more details on how the following visualizations were creates, please read the <a href=\"http://dh101.humanities.ucla.edu/DH101Fall12Lab1/exhibits/show/methodology/syllabi\">Methodology Section</a>.</h3>\r\n<p><strong>First visualization</strong>&nbsp;</p>\r\n<p><a href=\"http://dh101.humanities.ucla.edu/DH101Fall12Lab1/archive/files/7a9042d557348e02014dda04a4c3e5e7.jpeg\"><img src=\"http://dh101.humanities.ucla.edu/DH101Fall12Lab1/archive/files/7a9042d557348e02014dda04a4c3e5e7.jpeg\" alt=\"\" width=\"100%\" height=\"100%\" /></a></p>\r\n<center>\r\n<p>Click image above to enlarge.</p>\r\n</center>\r\n<p><strong>Understianding the viz -</strong>&nbsp;This word cloud shows the analysis of 13 syllabi UCLA syllabi, which were 88 pages of text. At a glance &nbsp;</p>\r\n<p>&nbsp;</p>\r\n<p>&nbsp;</p>\r\n<p><strong>Second Visualization:</strong>&nbsp;with this visualization, beyond the fact that it&nbsp;</p>\r\n<p><a href=\"http://dh101.humanities.ucla.edu/DH101Fall12Lab1/archive/files/f5e21388c49dff21a6d6f9be40c24ba4.jpeg\"><img src=\"http://dh101.humanities.ucla.edu/DH101Fall12Lab1/archive/files/f5e21388c49dff21a6d6f9be40c24ba4.jpeg\" alt=\"\" width=\"100%\" height=\"100%\" /></a></p>\r\n<center>\r\n<p>Click image above to enlarge.</p>\r\n<p style=\"text-align: left;\"><strong><strong>Understianding the viz -</strong>&nbsp;</strong>This second word cloud analyzed a list of just under 400 resources found in the syllabi and the syllabi\'s respective websites.</p>\r\n<p style=\"text-align: left;\"><strong><br /></strong></p>\r\n<p style=\"text-align: left;\"><strong><br /></strong></p>\r\n<p style=\"text-align: left;\"><strong>Third Visualization</strong>&nbsp;</p>\r\n</center>\r\n<p><a href=\"http://dh101.humanities.ucla.edu/DH101Fall12Lab1/archive/files/e60ec573e003a7e8a293eaf8732520e6.jpg\"><img src=\"http://dh101.humanities.ucla.edu/DH101Fall12Lab1/archive/files/e60ec573e003a7e8a293eaf8732520e6.jpg\" alt=\"\" width=\"100%\" height=\"100%\" /></a></p>\r\n<center>\r\n<p>Click image above to enlarge.</p>\r\n</center>\r\n<p><strong>Understianding the viz -&nbsp;</strong>This bar graph shows the seven most common references used by DESMA professors when teaching typography at UCLA. For example&nbsp;<em>Getting It Right With Type</em>&nbsp;was only found in two syllabi.</p>\r\n<p>&nbsp;</p>\r\n<p><strong>Fourth Visualization</strong></p>\r\n<p><a href=\"http://dh101.humanities.ucla.edu/DH101Fall12Lab1/archive/files/57688fb4d59ae77b3b9beb904fb218a0.png\"><img src=\"http://dh101.humanities.ucla.edu/DH101Fall12Lab1/archive/files/57688fb4d59ae77b3b9beb904fb218a0.png\" alt=\"\" width=\"100%\" height=\"100%\" /></a></p>\r\n<center>\r\n<p>Click image above to enlarge.</p>\r\n<p style=\"text-align: left;\">&nbsp;<strong>Understianding the viz -</strong> here we see the most complex analysis. I classified texts that were listed as \"Required\" and \"Suggested\" in Syllabi and assigned values of 2 and 1 respectively. The resulting visualization tries to show the most accurate depiction of how often textbooks are used by typography students based on syllabi.</p>\r\n<p style=\"text-align: left;\">&nbsp;</p>\r\n</center>','',1),(388,NULL,40,'<h2>For a more detailed description, see the <a href=\"http://dh101.humanities.ucla.edu/DH101Fall12Lab1/methods\">methodology</a>&nbsp;page.</h2>','',2),(177,NULL,12,'','',13),(178,NULL,12,'','',14),(179,NULL,12,'','',15),(185,NULL,17,'','',13),(186,NULL,17,'','',14),(187,NULL,17,'','',15),(188,NULL,17,'','',16),(180,NULL,12,'','',16),(181,NULL,18,'','',13),(182,NULL,18,'','',14),(183,NULL,18,'','',15),(184,NULL,18,'','',16),(205,145,20,'<p>John Baskerville was a printer and typeface innovator who was most known for his production of Milton\'s&nbsp;<em>Paradise Lost</em> and his Bible in 1763 which was regarded as his masterpiece. &nbsp;Benjamin Franklin was a great admirer of Baskerville and his typefaces, having many interactions with Baskerville over the course of his life. &nbsp;It wasn\'t until the 1920\'s when Baskerville\'s typefaces gained attention with the help of Bruce Rogers. &nbsp;(I Love Typography)</p>','',1),(206,NULL,20,'','',2),(207,114,20,'','<p>Example of Baskerville\'s typeface</p>',3),(208,156,20,'','<p>Title page of Milton\'s&nbsp;<em>Paradise Lost</em> created using Baskerville\'s printing press and utilizing his iconic typeface.</p>',4),(209,NULL,20,'','',5),(210,NULL,20,'','',6),(211,NULL,20,'','',7),(212,NULL,20,'','',8),(213,NULL,20,'','',9),(230,161,22,'<p>Relief printing involves the inking of a \"printing matrix.\" &nbsp;This matrix is usually composed of some sort of portruding design such as movable type. &nbsp;Paper is then placed on top of the matrix and pressed onto it using some sort of force. &nbsp;The portrusions then force the ink onto the paper and thus the image is then transferred onto the paper. &nbsp;This type of printing was the main form of printing from the time of Gutenberg all the way until the late 19th Century.</p>','<p>History Printing Press</p>',1),(214,176,21,'<p>As the virtual space of the web continues to corrode and replace traditional modes of cultural reproduction, the exigency for \"architects of the \'morrow\" reverberate throughout the globe. As a result, UCLA\'s&nbsp;Design and&nbsp;Media Arts department (DESMA) has seen terrific growth in the last decade in its curriculum -- from 13 classes in 2002 to 33 in 2012.&nbsp;Since its inception in January of 2005, DESMA 25 \"Typography\" has been taught 17 times. 13 of these 17 courses have a website full of inspiration, resources, and of course, a syllabus.</p>\r\n<p>&nbsp;</p>\r\n<p><span style=\"font-size: 1.17em;\"><br /></span></p>\r\n<p><a href=\"http://classes.dma.ucla.edu/Winter12/25/nutrient.html\">Winter 2012</a>&nbsp; &nbsp; &nbsp; &nbsp; &nbsp; &nbsp; &nbsp; &nbsp; &nbsp; &nbsp; &nbsp; &nbsp; &nbsp; &nbsp; &nbsp; &nbsp;&nbsp;<a href=\"http://classes.dma.ucla.edu/Fall08/25/\">Fall 2008</a></p>\r\n<p><a href=\"http://classes.dma.ucla.edu/Spring11/25/\">Spring 2011</a>&nbsp; &nbsp; &nbsp; &nbsp; &nbsp; &nbsp; &nbsp; &nbsp; &nbsp; &nbsp; &nbsp; &nbsp; &nbsp; &nbsp; &nbsp; &nbsp;&nbsp;<a href=\"http://classes.dma.ucla.edu/Spring08/25/\">Spring 2008</a></p>\r\n<p><a href=\"http://classes.dma.ucla.edu/Winter11/25/\">Winter 2011</a>&nbsp; &nbsp; &nbsp; &nbsp; &nbsp; &nbsp; &nbsp; &nbsp; &nbsp; &nbsp; &nbsp; &nbsp; &nbsp; &nbsp; &nbsp; &nbsp;&nbsp;<a href=\"http://classes.dma.ucla.edu/Winter08/25/\">Winter 2008</a></p>\r\n<p><a href=\"http://classes.dma.ucla.edu/Fall10/25/resources.html\">Fall 2010</a>&nbsp; &nbsp; &nbsp; &nbsp; &nbsp; &nbsp; &nbsp; &nbsp; &nbsp; &nbsp; &nbsp; &nbsp; &nbsp; &nbsp; &nbsp; &nbsp; &nbsp; &nbsp;&nbsp;<a href=\"http://classes.dma.ucla.edu/Fall07/25/\">Fall 2007</a></p>\r\n<p><a href=\"http://classes.dma.ucla.edu/Winter10/25/\">Winter 2010</a>&nbsp; &nbsp; &nbsp; &nbsp; &nbsp; &nbsp; &nbsp; &nbsp; &nbsp; &nbsp; &nbsp; &nbsp; &nbsp; &nbsp; &nbsp; &nbsp;&nbsp;<a href=\"http://classes.dma.ucla.edu/Winter07/25\">Winter 2007</a></p>\r\n<p><a href=\"http://classes.dma.ucla.edu/Fall09/25/\">Fall 2009</a>&nbsp; &nbsp; &nbsp; &nbsp; &nbsp; &nbsp; &nbsp; &nbsp; &nbsp; &nbsp; &nbsp; &nbsp; &nbsp; &nbsp; &nbsp; &nbsp; &nbsp; &nbsp;&nbsp;<a href=\"http://classes.dma.ucla.edu/Spring06/25/\">Spring 2006</a></p>\r\n<p><a href=\"http://classes.dma.ucla.edu/Spring09/25/resources.html\">Spring 2009</a></p>\r\n<p>&nbsp;</p>','',1),(215,45,21,'','',2),(216,140,21,'','',3),(217,142,21,'','',4),(218,46,21,'','',5),(219,139,21,'','',6),(220,44,21,'','',7),(221,NULL,21,'','',8),(222,NULL,21,'','',9),(223,NULL,21,'','',10),(224,NULL,21,'','',11),(225,NULL,21,'','',12),(226,NULL,21,'','',13),(227,NULL,21,'','',14),(228,NULL,21,'','',15),(229,NULL,21,'','',16),(231,162,22,'','<p>Cast Metal Type for use in a printing press</p>',2),(232,164,22,'','<p>Diagram showing how letterpress printing works</p>',3),(233,82,22,'','<p>Modern day letterpress</p>',4),(234,NULL,22,'','',5),(235,NULL,22,'','',6),(236,NULL,22,'','',7),(237,NULL,22,'','',8),(238,NULL,22,'','',9),(239,NULL,22,'','',10),(240,NULL,22,'','',11),(241,NULL,22,'','',12),(242,169,23,'<p>Impact printing involves the physical striking of paper by an inked lettered surface. &nbsp;A good example of such a technology is the type writer in which the letters at the end of keys strike the paper, making an inked impression on the surface.</p>','<p>A Daisy Wheel</p>',1),(243,170,23,'','<p>A Crary Style Typewriter</p>',2),(244,168,23,'','<p>A Chicago Style Typewriter</p>',3),(245,172,23,'','<p>A Dot Matrix Printer</p>',4),(246,NULL,23,'','',5),(247,NULL,23,'','',6),(248,NULL,23,'','',7),(249,NULL,23,'','',8),(250,NULL,23,'','',9),(251,NULL,23,'','',10),(252,NULL,23,'','',11),(253,NULL,23,'','',12),(254,174,24,'<p>Non-impact printing, as the name involves, does not involve physical plates or inked lettered surfaces touching paper but rather technologies such as inkjets or lasers creating impressions and letters in the paper by means of programmed functions via a computer. &nbsp;Tis type of printing offers many more options in terms of typography and much more flexibility in how one designs new designs for typefaces.</p>','<p>An Inkjet Printer</p>',1),(255,177,24,'','<p>A Laser Printer</p>',2),(256,178,24,'','<p>Diagram of how a laser printer works</p>',3),(257,179,24,'','<p>A Thermal Printer</p>',4),(258,NULL,24,'','',5),(259,NULL,24,'','',6),(260,NULL,24,'','',7),(261,NULL,24,'','',8),(262,NULL,24,'','',9),(263,NULL,24,'','',10),(264,NULL,24,'','',11),(265,NULL,24,'','',12),(266,97,25,'','<h2 class=\"title\">Sumerian Cuneiform Script</h2>\r\n<p>3000BC - 75</p>',1),(267,38,25,'','<h2 class=\"title\">Greek Capital Script</h2>\r\n<p>800BC - 100</p>',2),(268,96,25,'','<h2 class=\"title\">Roman Majiscule and Miniscule</h2>\r\n<p>100 - 600</p>',3),(269,36,25,'','<h2 class=\"title\">Roman Capital Alphabet</h2>\r\n<p>100 - 500</p>',4),(270,83,25,'','<h2 class=\"title\">Uncial Script</h2>\r\n<p>400 - 800</p>',5),(271,30,25,'','<h2 class=\"title\">Merovingian Script</h2>\r\n<p>700 - 900</p>',6),(272,34,25,'','<h2 class=\"title\">Visigothic Script</h2>\r\n<p>700 - 900</p>',7),(273,27,25,'','<h2 class=\"title\">Carolingian Minuscule</h2>\r\n<p>800 - 1200</p>',8),(274,84,25,'','<h2 class=\"title\">Old Italic Script</h2>\r\n<p>900 - 1300</p>',9),(275,94,25,'','<h2 class=\"title\">Gothic Script</h2>\r\n<p>1100 - 1500</p>',10),(276,95,25,'','<h2 class=\"title\">Rotunda</h2>\r\n<p>1500 - 1600</p>',11),(277,114,25,'','<h2 class=\"title\">Baskerville</h2>\r\n<p>1772</p>',12),(278,117,25,'','<h2 class=\"title\">Times New Roman</h2>\r\n<p>1931</p>',13),(279,NULL,25,'','',14),(280,NULL,25,'','',15),(281,NULL,25,'','',16),(389,NULL,40,'','',3),(390,NULL,40,'','',4),(391,NULL,40,'','',5),(392,NULL,40,'','',6),(393,NULL,40,'','',7),(394,NULL,40,'','',8),(395,182,41,'<p>Let me preface this account by stating I am in no way, shape or form a typography expert. Equipped with enthusiasm and a laptop, I decided to contruct the \"The Basics\" exhibit in response to my own frustration with the overwhelming quantity of information available online on the topic of typography. The more resources I aggregated, however, the more evident it became that <em>classification</em>&nbsp;within the topic of typography would be an issue. Within the field, there are a few different sets of attributes for classifying type, so I simply chose the set that I ran across most often: Oldstyle, Transitional, Modern, Slab Serif, Sans Serf.&nbsp;</p>\r\n<p>Once the materials were collected, then came the problem of exhibiting it. Omeka\'s \"exhibit\" function presents information in a strictly heirarchal manner that forced us to split our information into specific sections. Creating an explicit narrative within each of the exhibits became incredibly important for us, for without it, the several levels could potentially confuse users. Our \"Search\" function allows for quick &nbsp;access a specific item, however, the nested structure resists quick and easy access to specific <em>pages</em>. Being such, we tried to make the information design easy enough to navigate so that users could easily--albeit not as quickly as a button on our home page-- find what they needed.</p>\r\n<p>Content wise, The Basics exhibit--it\'s \"Further resources\" section in particular--has huge potential for growth. While we focused more on letterforms than typography as a whole, our decision to ambitiously title the site \"Intro To <em>Typography</em>\" implies a hope that future students may contribute further to the work we have started.&nbsp;</p>','',1),(396,NULL,41,'','',2),(397,NULL,41,'','',3),(398,NULL,41,'','',4),(399,NULL,41,'','',5),(400,NULL,41,'','',6),(401,NULL,41,'','',7),(402,NULL,41,'','',8),(379,199,39,'<p>Ellen Lupton\'s&nbsp;<em>Typography with Style</em> came in as the <a href=\"http://dh101.humanities.ucla.edu/DH101Fall12Lab1/archive/files/57688fb4d59ae77b3b9beb904fb218a0.png\">clear favorite across the 23 syllab</a>i sample. It\'s popularity is perhaps due to the availability of the resurce online, and it\'s clear presentation of typography and its components.&nbsp;</p>\r\n<p>\"Our all time best selling book is now available in a revised and expanded second edition.&nbsp;<em>Thinking with Type</em>&nbsp;is the definitive guide to using typography in&nbsp;visual communication, from the printed page to the computer screen. This revised edition includes forty-eight pages of new content, including the latest information on style sheets for print and the web, the use of ornaments and captions, lining and non-lining numerals, the use of small caps and enlarged capitals, as well as information on captions, font licensing, mixing typefaces, and hand lettering. Throughout the book, visual examples show how to be inventive within systems of typographic form&mdash;what the rules are and how to break them.&nbsp;<em>Thinking with Type</em>&nbsp;is a type book for everyone: designers, writers, editors, students, and anyone else who works with words. The popular online companion to&nbsp;<em>Thinking with Type</em>&nbsp;(www.thinkingwithtype.com) has been revised to reflect the new material in the second edition.\" (Source: <a href=\"http://www.amazon.com/Thinking-Type-2nd-revised-expanded/dp/1568989695/ref=sr_1_1?ie=UTF8&amp;qid=1355269657&amp;sr=8-1&amp;keywords=thinking+with+type\">Amazon.com</a>)</p>','',1),(380,198,39,'<p><em>Stop Stealing Sheep and Learn How Type Works</em> was the third most used book.</p>\r\n<p>\"This classic typography book, first published in 1993, is now updated with brand-new typefaces, fonts, and illustrations. Internationally renowned graphic designer Erik Spiekermann explains in everyday terms what typography is and offers design guidance in choosing type for legibility, meaning, and aesthetic appeal. Stop Stealing Sheep and Find Out How Type Works, 2nd Edition guides the reader through all aspects of typography, from the history and mechanics of type,&nbsp;<a id=\"_GPLITA_1\" title=\"Click to Continue &gt; by CouponDropDown\" href=\"http://www.amazon.com/Stop-Stealing-Sheep-Find-Works/dp/0201703394/ref=sr_1_1?s=books&amp;ie=UTF8&amp;qid=1355269916&amp;sr=1-1&amp;keywords=stop+stealing+sheep#\">to training</a>&nbsp;the eye to recognize and choose typefaces. Uncover type\'s roots and placement within society and learn how to use space and layout to improve overall communication. This elegant guide for readers of all levels is revised and updated to discuss the particular design challenges of type on the Internet. Note: This title was originally announced in the October 2000 Pearson Technology Group catalog.\" (Source: <a href=\"http://www.amazon.com/Stop-Stealing-Sheep-Find-Works/dp/0201703394/ref=sr_1_1?s=books&amp;ie=UTF8&amp;qid=1355269916&amp;sr=1-1&amp;keywords=stop+stealing+sheep\">Amazon.com</a>)</p>','',2),(381,197,39,'<p><span><em>Elements of Typographic Style</em> was the second most used book from the sample. It\'s terse style (lacking almost any visuals) can seem unfriendly at first, epecially to such a visually sensitive user. It makes up this foible with keen descriptions and advice.</span></p>\r\n<p><span>\"Renowned typographer and poet Robert Bringhurst brings clarity to the art of typography with this masterful style guide. Combining the practical, theoretical, and historical, this edition is completely updated, with a thorough exploration of the newest innovations in intelligent font technology, and is a must-have for graphic artists, editors, or anyone working with the printed page using digital or traditional methods.\" (Source:&nbsp;<a href=\"http://www.amazon.com/Elements-Typographic-Style-Robert-Bringhurst/dp/0881792063/ref=sr_1_1?s=books&amp;ie=UTF8&amp;qid=1355270119&amp;sr=1-1&amp;keywords=elements+of+typographic+style\">Amazon.com</a>)</span></p>','',3),(382,196,39,'<p><em>Designing with Type:The Esential Guide to Typography</em> was tied for fourth most used book, but <a href=\"http://dh101.humanities.ucla.edu/DH101Fall12Lab1/archive/files/57688fb4d59ae77b3b9beb904fb218a0.png\">what the data doesn\'t show</a>, is that it was used more frequently as a primary text, while the contender&nbsp;<em>Getting it Right With Type</em>, was more often used as an \"optional\" book.</p>\r\n<p>&nbsp;\"<span>The classic&nbsp;</span><em>Designing with Type</em><span>&nbsp;has been completely redesigned, with an updated format and full color throughout. New information and new images make this perennial best-seller an even more valuable tool for anyone interested in learning about typography. The fifth edition has been integrated with a convenient website, www.designingwithtype.com, where students and teachers can examine hundreds of design solutions and explore a world of typographic information. First published more than thirty-five years ago,&nbsp;</span><em>Designing with Type</em><span>&nbsp;has sold more than 250,000 copies&mdash;and this fully updated edition, with its new online resource, will educate and inspire a new generation of designers.\"&nbsp;(Source:&nbsp;<a href=\"http://www.amazon.com/Designing-Type-5th-Essential-Typography/dp/0823014134/ref=sr_1_1?s=books&amp;ie=UTF8&amp;qid=1355270563&amp;sr=1-1&amp;keywords=designing+with+type%3Athe+essential+guide+to+typography\">Amazon.com</a>)</span></p>\r\n<p>&nbsp;</p>','',4),(383,NULL,39,'','',5),(384,NULL,39,'','',6),(385,NULL,39,'','',7),(386,NULL,39,'','',8),(306,158,30,'<p>Jan Tschicold was born on April 2, 1902 in Leipzig, Germany. &nbsp;He was a leading advocate in Modernist design and non-centered design. &nbsp;He condemned all typefaces except sans-serif and created his own manifesto on the principles of design. &nbsp;He well known for popularizing the Van der Graaf canon which is used in book design to divide pages into pleasing proportions. &nbsp;Towards the later part of his life, Tschicold gradually shifted back to Classicsm rejecting his more Modernist principles. &nbsp;Some of his famous typefaces include Sabon and Saskia. &nbsp;He is probably most well known for his work at Penguin Books where he created the well known standard book cover that can be seen even today.</p>','',1),(307,160,30,'','<p>Sabon, a font designed by Tschichold using a modernist artistic style.</p>',2),(308,159,30,'','<p>The popular Penguin Book cover design created by Tschichold himself</p>',3),(309,NULL,30,'','',4),(310,NULL,30,'','',5),(311,NULL,30,'','',6),(312,NULL,30,'','',7),(313,NULL,30,'','',8),(314,NULL,30,'','',9),(371,NULL,37,'<p>I undertook the ambitious project of creating an exhibit that showcases a very brief and very overarching summary of the historical roots of Western typography. &nbsp;I decided to seperate the exhibit into three sections to help easy navigation throughout the exhibit and to help make sure that the user was not overwhelmed with links and pages. &nbsp;The three secitions are labeled \"People,\" \"Technology,\" and \"Historical Fonts.\" &nbsp;In my opinion, these classifications are appropriate because they offer the user three main areas of focus that, as a whole, help illustrate the overal development of typography, and not just the development of different typefaces. &nbsp;On each page, I chose 3 or 4 different objects that, in my opinion, most exemplifies the sections message, constituting the narrative purpose of the page. &nbsp;</p>\r\n<p>The \"People\" section is comprised of 3 pages, each highlighting a different person who contributed to major transional periods in the development of Western typography. &nbsp;I chose to pick the persons based on about 200 year intervals because this seemed to make a more consistent narrative. The \"Technologies\" portion of the&nbsp;exhibit, portrays different examples of three different technological processes.&nbsp; Although these technologies are not spaced out in consistent intervals like the \"People\" section, I chose these different technological innovations based on the popularity of the techniques throughout the course of typography\'s evolution.&nbsp; I decided to add the \"Historical Font\" section with the help of Mateusz in order to give a different level of understanding to typography\'s narrative in that it did not just start with Gutenberg.&nbsp; The art of writing script has been around for thousands of years, and we wanted to represent that in some way.</p>','',1),(372,NULL,37,'','',2),(373,NULL,37,'','',3),(374,NULL,37,'','',4),(375,NULL,37,'','',5),(376,NULL,37,'','',6),(377,NULL,37,'','',7),(378,NULL,37,'','',8),(327,195,32,'<p>Although finding any document is often a google search away, it seems that instructors are recalcitrant to share their syllabus. Yet, as typography continues to cater more and more to web design curricula, these classes often have an accompanying website from, whichpresumably adds a layer of communication, information, and familiarity for the students.</p>\r\n<p>These are some of the Syllabi found at other educational insititutions:</p>\r\n<p>&nbsp;</p>','',1),(328,194,32,'','',2),(329,193,32,'','',3),(330,192,32,'','',4),(331,191,32,'','',5),(332,190,32,'','',6),(333,189,32,'','',7),(334,188,32,'','',8),(335,187,32,'','',9),(336,186,32,'','',10),(337,NULL,32,'','',11),(338,NULL,32,'','',12),(339,148,33,'<p>One of the early decisions in the design of the Neatline exhibit was choosing whether to georeference items by<strong> city</strong> or <strong>country</strong>. Most older historical fonts have obscure origins; we only know what nation they originate from. Meanwhile, the origins of modern fonts can be easily traced to specific cites. At first, I was going to create a hybrid exhibit where historical fonts were georeferenced as colored regions (corresponding to their <strong>country</strong> of origin) while modern fonts where georeferenced to their known <strong>city</strong> of origin. However, this created a number of issues:</p>\r\n<ul>\r\n<li>This map was inconsistant and biased. Historical fonts had more siginificance because they occupied entire regions, while modern fonts only occupied points.</li>\r\n<li>National borders are not constant throughout history, so using modern national borders to depict historical fonts was completely illogical. For example, we used the region of modern Italy to represent the Roman Capital Alphabet, but the Roman Empire was much larger in its time.</li>\r\n<li>By correlating fonts to specific regions, one implies that the font was used everywhere in that region and nowhere else. However, most historical fonts were used outside of their country of origin.</li>\r\n</ul>\r\n<p>Therefore, we chose to georeference all fonts to their <strong>city</strong> of origin, while fonts with obscure origins where georeferenced to the capital of their <strong>country</strong> of origin. This gives unbiased representation of all fonts, both modern and historical. However, there is still one major problem: By georeferencing obscure fonts to their national capital, we imply that they were actually created at the capital.</p>','<p><strong>An early design of the Neatline exhibit</strong></p>',1),(340,NULL,33,'','',2),(341,NULL,33,'','',3),(342,NULL,33,'','',4),(343,NULL,33,'','',5),(344,NULL,33,'','',6),(345,NULL,33,'','',7),(346,NULL,33,'','',8),(347,151,34,'<p>The central challenge in choosing the base layer is balancing practicality with visual appeal. Originally, I was going to use the&nbsp;<strong>Stamen Toner</strong>&nbsp;base layer because it contained the right amount of data for our discussion. This base layer was the most practical because the only information it shows is national borders, country names, and major cities. However, &nbsp;this base layer is not very appealing visually, and it obsures some of the items presented (circled in red).</p>','<h2>\"Stamen Toner\"</h2>',1),(348,150,34,'<p>The&nbsp;<strong>Open Street Map</strong>&nbsp;base layer was neither practical nor visually appealling. The details shown on the map have no relevance to our discussion of typography and the white landmasses also obscure some of the exhibits. Therefore, the Open Street Map was the first to be eliminated from our choice of base layers.</p>','<h2>\"Open Street Map\"</h2>',2),(349,149,34,'<p>The&nbsp;<strong>Google Satellite</strong>&nbsp;base layer is very appealing&nbsp;visually because all of the items are clearly visible on the map. However, there are no borders or cities labelled on the map, which may confuse users unfamiliar with the geography of Europe. Therefore, this base layer, despite its beauty, was not very practical for our purposes.</p>','<h2>\"Google Satellite\"</h2>',3),(350,152,34,'<p>The most visually appealing base layer is&nbsp;<strong>Stamen Watercolor.</strong>&nbsp;Its unique, tea-stained design fits well with our typography theme. However, this base layer does not have enough contrast between the items and the map itself; the items stand out, but they are not as sharply contrasted as they were in the Google Satellite base layer. Also, the lack of borders and labelled countries made Stamen Watercolor an impractical choice for our base layer.&nbsp;</p>','<h2>\"Stamen Watercolor\"</h2>',4),(351,149,34,'<p>Finally, we decided to use&nbsp;<strong>Google Hybrid</strong>&nbsp;as the base layer for the Neatline exhibit because it provides a fair balance between visual appeal and practicality. The geographical data is irrelevant to our discussion, but the green terrain makes the items clearly visible. Also, countries, borders, and major cities are clearly labelled for user reference. Despite our choice of the default base layer, the user still has the option to change the base layer while viewing the exhibit. This is why visual appeal took precedence over practicality in our choice; the default map greets the user with an accessible view of the exhibit, but then the user can change the base layer to a more practical view (like Stamen Toner) when making a more practical analysis.</p>','<h2>\"Google Hybrid\"</h2>',5),(352,NULL,34,'','',6),(353,NULL,34,'','',7),(354,NULL,34,'','',8),(355,157,35,'<h2>Temporal Scaling</h2>\r\n<p>Neatline is very limited in the choice of scale for a timeline. Our data ranges from 3000 BC to the present, but the farthest that we can zoom out on our timeline is by century. If Neatline offered a \"millenia\" Context Band Unit, then the user could have had a more comprehensive view of our timeline. Ideally, I would have used a logarithmic timeline to represent our data, but Neatline does not offer this feature. A logarithmic timeline is ideal for this type of data set because we have a huge temporal range with most of the data clustered in the earlier dates. However, the Neatline timeline does not have the bias that is inherent in a logarthmic timeline, so it does offer a more literal perception of the history of typography.</p>','<p>The&nbsp;<strong>Context Band Unit</strong>&nbsp;sets the scale of our timeline</p>',1),(356,154,35,'<h2>Spatial Scaling</h2>\r\n<p>One major problem with Neatline is that there is no way to adjust how far the application zooms in on the map when an item is selected from the item list on the right. This implies that the font was created at a specific address, but we only know the city where it was created. The most recent version of the Neatline application has a feature under styling that allows designers to set the map zoom, but this feature was absent from our older version.</p>','<p>Sabon was invented in this backyard?</p>',2),(357,NULL,35,'','',3),(358,NULL,35,'','',4),(359,NULL,35,'','',5),(360,NULL,35,'','',6),(361,NULL,35,'','',7),(362,NULL,35,'','',8),(363,167,36,'<p>One purpose of the Nealtine exhibit is to give the user a global perspective of the development of typography. The point graphics for each font give the user a quick visual reference of each font on the map. The default map zoom ensures the visibility of all fonts that we have plotted on our map of the world. Although this view gives the user a global perspective, there is no way to make the items smaller when zoomed out; they have the same size at all zoom levels. This is why the map looks so cluttered from a zoomed out perspective.</p>','<p>The Defualt Map Zoom of the Neatline Exhibit</p>',1),(364,163,36,'<p>As we zoom in over Europe, we begin to see how different fonts originated in different countries, but fonts from the same countries are still very cluttered. This, along with the size of the item image, makes it difficult to tell in which part of the country an individual font originated.</p>','<p>Zooming in over Europe</p>',2),(365,165,36,'<p>When we zoom in over country, we can see which city the fonts originated from. However, when multiple fonts originate from the same city, the point graphics overlap and obscure one another.</p>','<p>Zooming in over France</p>',3),(366,166,36,'<p>Once we zoom in all the down to the maximum, we can see all the fonts that originated in a city. To make this view possible, I plotted fonts slightly apart from each other to keep them from overlapping at this zoom level. This zoom level is also the defualt zoom level when user clicks on a item in the item list on the right hand side of the exhibit. With this view, the user can click on a font, then see all of the other fonts that originated from that city.</p>','<p>All of the fonts from Paris</p>',4),(367,NULL,36,'','',5),(368,NULL,36,'','',6),(369,NULL,36,'','',7),(370,NULL,36,'','',8),(412,NULL,43,'<p><strong>My first attempt</strong> to extrapolate interesting information out of the 13 DESMA syllabi was through a word cloud in <em>Many Eyes</em>&gt;. After collecting the text from all the syllabi (with the help of OCR), I analyzed the resulting 88 pages for word frequency. The result was uninteresting.</p>\r\n<p><br /> <br /> <a href=\"http://dh101.humanities.ucla.edu/DH101Fall12Lab1/archive/files/7a9042d557348e02014dda04a4c3e5e7.jpeg\"><img src=\"http://dh101.humanities.ucla.edu/DH101Fall12Lab1/archive/files/7a9042d557348e02014dda04a4c3e5e7.jpeg\" alt=\"\" width=\"100%\" height=\"100%\" /></a></p>\r\n<center>\r\n<p>Click image above to enlarge.</p>\r\n</center>\r\n<p>&nbsp;</p>\r\n<p><strong>The issue</strong> with this visualization, beyond the fact that it doesn\'t give any quantitative relations, is that it barely furthers our understanding of what the a Typography syllabus has to offer. I came to the conclusion that this specialized documents requires close reading and structured data.</p>\r\n<p>I started the<strong> second attempt</strong> by considering classifications for a simple mark-up of the syllabi. Unfortunately, the content covered each week in class, the assignments, and the major projects, were almost identical across the 13 documents, lowering significantly the energy vs. interesting outcome yield. There only interesting differences were in the reference materials, ie. textbooks used.</p>\r\n<p>&nbsp;</p>\r\n<p><strong>The third attempt</strong> focused on transferring the reference materials: texts, required readings, etc. onto a file for another word cloud analysis. Here we see&nbsp;<span>a list of just under 400 resources found in the syllabi and the syllabi\'s respective websites. As most syllabi had a lot of reference materials and content on a website, I chose to include all the resources to see whther there where any emergent patterns.</span></p>\r\n<p><a href=\"http://dh101.humanities.ucla.edu/DH101Fall12Lab1/archive/files/f5e21388c49dff21a6d6f9be40c24ba4.jpeg\"><img src=\"http://dh101.humanities.ucla.edu/DH101Fall12Lab1/archive/files/f5e21388c49dff21a6d6f9be40c24ba4.jpeg\" alt=\"\" width=\"100%\" height=\"100%\" /></a></p>\r\n<center>\r\n<p>Click image above to enlarge.</p>\r\n</center>\r\n<p><strong>&nbsp;The issue</strong> with this visualization is that once again, it offers little information. We do see a few names repeated though: Ellen, Lupton, Spiekermann, Erik, Bringhurst. These are authors names, which is a great start, but as nothing is quantified, there is a need for a more specific distinction between the data (more structures), and a more illustrative visualization.</p>\r\n<p>&nbsp;</p>\r\n<p>This led me to a <strong>fourth attempt</strong>. Here, I took only the primary references in syllabi. I did away with the companion website\'s lists of resources, and designated the texts that were slassified by the instructors in the syllabi as \"required\", the value of \"primary resources\". I then transcribed all these primary resources onto an excel sheet, sorted the titles alphabetically, and then displayed the frequency of each title.&nbsp;</p>\r\n<center>\r\n<p><a href=\"http://dh101.humanities.ucla.edu/DH101Fall12Lab1/archive/files/e60ec573e003a7e8a293eaf8732520e6.jpg\"><img src=\"http://dh101.humanities.ucla.edu/DH101Fall12Lab1/archive/files/e60ec573e003a7e8a293eaf8732520e6.jpg\" alt=\"\" width=\"100%\" height=\"100%\" /></a></p>\r\n<center>\r\n<p>Click image above to enlarge.</p>\r\n<p style=\"text-align: left;\"><strong>The issue </strong>in this bar graph is the classification. Including only the primary resources is misleading, although it is true that these are the seven most common references used by DESMA professors when teaching typography at UCLA, it does not factor in the \"optional\" or \"reccomended\" readings. My concern was that these secondary resources would turn out to be books that were assigned very often, thus skewing this graph\'s veracity.</p>\r\n<p style=\"text-align: left;\">&nbsp;</p>\r\n<p style=\"text-align: left;\">I launched my <strong>final attempt</strong>&nbsp;to illustrate \"the most commonly used resources in Typography classes\" by taking into account both the primary and the secondary resources. At this point i was left with very little data, so I decided to incorporate some other syllabi I had been collecting. This introduction made for a more varied sample, but included some differences that rendered a comparison somewhat questionable. There was an issue of the duration of the class, from 10 to 18 weeks, to the level/quality of the insitutions: state university, research universities, art schools, which affected more than in a few ways what the data shows. Perhaps these differences could be resolved with a drastic increase in scale -- the statistical relevance could then negate these issues, given the parameter \"Influence of books on students of typography classes\".</p>\r\n<p style=\"text-align: left;\">Not knowing how much exposure these texts have had in each class, I opted to distinguish their relevance by attributing an arbitrary value. The primary texts were assigned 2 points, while the secondary were given 1 point. The result were the following:</p>\r\n</center>\r\n<p><a href=\"http://dh101.humanities.ucla.edu/DH101Fall12Lab1/archive/files/57688fb4d59ae77b3b9beb904fb218a0.png\"><img src=\"http://dh101.humanities.ucla.edu/DH101Fall12Lab1/archive/files/57688fb4d59ae77b3b9beb904fb218a0.png\" alt=\"\" width=\"100%\" height=\"100%\" /></a></p>\r\n<center>\r\n<p>Click image above to enlarge.</p>\r\n<p style=\"text-align: left;\">There were still some&nbsp;<strong>issues with this data</strong>&nbsp;as well:</p>\r\n<ul>\r\n<li style=\"text-align: left;\">The classification of Primary versus Secondary data vis-a-vis the bar chart can really change the message of the visualization. When I tried a 3:1 or 5:1 ratio. When increasing the ration there were two noticeable changes: the tying&nbsp;<em>Designing with Type</em> and&nbsp;<em>Getting it Right with Type</em> broke their tie, but the second change was drastic:&nbsp;<em>Thinking with type</em>&nbsp;dwarfed everything else, and made it appear to be much more important than anyhting else. The differences between the other bars were minimized as well. I chose to go with a 2:1 ratio as to avoid a skewed visualization.</li>\r\n</ul>\r\n<p style=\"text-align: left;\"><strong><br /></strong></p>\r\n<p style=\"text-align: left;\"><strong>General Issues with the data&nbsp;</strong></p>\r\n<ul>\r\n<li style=\"text-align: left;\">Professors that taught more than once and who used the same texts were included in the data. This adversely affects the data as these &ldquo;duplicates&rdquo; made the data less accurate. But it also serves some purpose, it indicates the relative <strong>influence of a textbook per student</strong>. The difference between these two questions could be explored in a longer project, and directed by the following questions: how influential are these books? Versus: how often are these books being used by professors?</li>\r\n</ul>\r\n<div style=\"text-align: left;\">&nbsp;</div>\r\n<center>\r\n<p>Special Thanks to Iman for setting such a high bar for quality and leading the for excellent aesthetics.&nbsp;</p>\r\n</center></center></center>','',1),(413,NULL,44,'<h2><strong style=\"font-size: 10px;\">Omeka</strong></h2>\r\n<p>Access to Omeka from off-campus requires a VPN installation. This was the first of many technical issues I, and many others had (strangely, some didn\'t find that to be an issue, but rather a part of the process).&nbsp;</p>\r\n<p>I now know that Computer Science, programming languages, and web design all share a kind of organizational logic. These hierarchies ARE NOT always explicit or intuitive, so figuring out how Omeka worked required lots of trial and error, and/or help.</p>\r\n<p>Another issue was the limitations of Omeka. We wanted a better aesthetic, so we tried incorporating more aesthetic components into the exhibits and interface, but the only was to do so was to upload the images to the site as &ldquo;&rsquo;items&rdquo;. As we did not want these items to be seen as part of our items page, we made them \"Not Public\". This seemed like an easy solution, but as it turns out it\'s all or nothing with OMeka. Either it can be seen and clicked on to find out all the relevant information about the item, which is not the purpose of a thumbnail pic used for aesthetics and readability, or no one can see it. Once again Omeka proved to be unintuitive.</p>\r\n<p>&nbsp;</p>\r\n<p><strong>HTML</strong></p>\r\n<p>Becoming familiar with HTML was a first for me. Although I couldn\'t follow completely conversaitons like \"ya, just insert your link into the href field\", I managed to scrape by mostly through imitation and observation of other\'s code.&nbsp;</p>\r\n<p>&nbsp;</p>\r\n<p><strong>MS Word &amp; Excel, Many Eyes, Acrobat Pro, and other quirks</strong></p>\r\n<p>Again, not being familiar with some basics such as how to delete a specific word from a&nbsp;<strong>Word</strong>&nbsp;document, can lead to a very humanist experience: frustration and exasperation.&nbsp;</p>\r\n<p>This was equally true for&nbsp;<strong>Many Eyes</strong>: Chrome doesn\'t support Java 7, which is necessary for some visualizations in Many Eyes, so I had to download Firefox and work from there. I never figured ou the issue, but the visualization toolbar options worked only when they wanted, for example, the \"Banning\" certian words from te visualization, never worked. Ironically this led me to the hiccup with Word.</p>\r\n<p><strong><br /> Excel</strong>: I had the luck of having Dr. Perry, my Anthropology Professor, show us how she processes data from her Capuchin focal-follows. This is how I learned Excel 2 weeks ago. Once again, I felt like simple tasks like making an excel sheet, was long and full of errors, which were remedied by the amateur tutorial on Youtube.</p>\r\n<p><strong>Acrobat</strong>: I got a hold of the Acrobat Pro application to resolve an issue with two DESMA syllabi: they had been uploaded to their respective sites as pictures instead of .doc or .pdf. My girlfriend procured me with a copy and showed a magical tool: OCR -- it\'s incredible!</p>\r\n<p>&nbsp;</p>\r\n<p><strong>Other Quirks</strong><strong>&nbsp;</strong><strong></strong></p>\r\n<p>Because of the quantity of applications, number of tabs open in browsers, on my computer, my entry-level MacBook from 2007 stalled more than a few times. I\'m incredulous it didn\'t melt on my lap mid type -- the fan has been at full-force since I started the project. Thankfully I had the insides of my computer upgraded by a professional last summer.</p>\r\n<p>Being my first project of scale with a computer, I found myself cluttering my desktop with files. This led me to an increased knowledge of my OS system, but also Activity Monitor, and Terminal (the latter mostly because of RAM issues related to processing overload, and large quantities of open apps and documents).</p>\r\n<p>&nbsp;</p>\r\n<p>&nbsp;</p>','',1),(414,NULL,44,'<h2>Omeka</h2>\r\n<p>Access to Omeka from off-campus requires a VPN installation. This was the first of many technical issues I, and many others had (strangely, some didn\'t find that to be an issue, but rather a part of the process).&nbsp;</p>\r\n<p>I now know that Computer Science, programming languages, and web design all share a kind of organizational logic. These hierarchies ARE NOT always explicit or intuitive, so figuring out how Omeka worked required lots of trial and error, and/or help.</p>\r\n<p>&nbsp;</p>','',2),(415,NULL,44,'<h2>MS Word &amp; Excel, Many Eyes, Acrobat Pro, and other quirks</h2>\r\n<p>Again, not being familiar with some basics such as how to delete a specific word from a <strong>Word</strong> document, can lead to a very humanist experience: frustration and exasperation.&nbsp;</p>\r\n<p>This was equally true for <strong>Many Eyes</strong>: Chrome doesn\'t support Java 7, which is necessary for some visualizations in Many Eyes, so I had to download Firefox and work from there. I never figured ou the issue, but the visualization toolbar options worked only when they wanted, for example, the \"Banning\" certian words from te visualization, never worked. Ironically this led me to the hiccup with Word.</p>\r\n<p><strong><br /></strong><strong>Excel</strong>: I had the luck of having Dr. Perry, my Anthropology Professor, show us how she processes data from her Capuchin focal-follows. This is how I learned Excel 2 weeks ago. Once again, I felt like simple tasks like making an excel sheet, was long and full of errors.</p>\r\n<p><strong>Acrobat</strong>: I got a hold of the Acrobat Pro application to resolve an issue with two DESMA syllabi: they had been uploaded to their respective sites as pictures instead of .doc or .pdf. My girlfriend procured me with a copy of Acrobat Pro and showed me how to use the OCR option -- it\'s incredible!</p>\r\n<p>&nbsp;</p>','',3),(416,NULL,44,'<h2>Other Quirks<span style=\"font-size: 10px;\">&nbsp;</span></h2>\r\n<p>Because of the quantity of applications, number of tabs open in browsers, on my computer, my entry-level MacBook from 2007 stalled more than a few times. I\'m incredulous it didn\'t melt on my lap mid type -- the fan has been at full-force since I started the project. Thankfully I had the insides of my computer upgraded by a professional last summer.</p>\r\n<p>Being my first project of scale with a computer, I found myself cluttering my desktop with files. This led me to an increased knowledge of my OS system, but also Activity Monitor, and Terminal (the latter mostly because of RAM issues related to processing overload, and large quantities of open apps and documents).</p>\r\n<p>&nbsp;</p>','',4),(417,NULL,44,'<h2>&nbsp;</h2>','',5),(418,NULL,44,'','',6),(419,NULL,44,'','',7),(420,NULL,44,'','',8),(421,NULL,45,'<p><strong><span style=\"text-decoration: underline;\">Metadata</span></strong></p>\r\n<p>In terms of our metadata, we decided to show the object\'s Title, Subject, Description, Creator, Source, Date, and Contributor.&nbsp; We came to the conclusion that these categories best expressed an objects context and gave the user a decent image as to what they were looking and why it was important.&nbsp; However, even though we felt that these categories were sufficient to convey an objects relevance and context, we also felt that the metadata provided by Dublin Core through Omeka left a lot to be desired. First of all, the actual action of entering information into each Dublin Core field quickly became tedious and, to a point, redundant. &nbsp; The fact that items from a single site could not be mainstreamed and have an autofill option for the fields created the obstacle of time and inconsistency. &nbsp;Some objects would be labeled as coming from a different source due to human error, and one would have to go back and the source title. &nbsp;Second of all, Omeka should have the option of directly downloading an object from the source. &nbsp;This would limit the level of mediation in terms of the object itself. &nbsp;By having to save the object onto our own devices and then uploading it to Omeka, we are adding another level of mediation between the original source and creator of the object and the final product of what we are showing. &nbsp;This, in turn, actually can make the metadata quite confusing since, by uploading it to Omeka, we thus become a contributer to the object. &nbsp;Also the actual size of the object may change when saving and uploading as well. &nbsp;This is one of the main reasons that we chose not to show the size of the uploaded object. &nbsp;There is is simply no way of knowing if the size that is recorded on the source is the actual size that has been uploaded to Omeka.</p>\r\n<p><span style=\"text-decoration: underline;\"><strong>Classification</strong></span></p>\r\n<p>In dealing with our classification system, we seperated our items into four main collections: Typefaces, History of Typography, Typography &amp; Letterforms (DESMA 25) Syllabi, and Educational Resources. We chose these classifications for our collections primarily for the frequency of those object types appearing and because of the functionality of these classifications. &nbsp;First off all, in the gathering of our items, we notices that a bulk of the items were made up of things that constituted typefaces and educational resources that could be found on the web. &nbsp;The yllabi data visualization also created two unique types of objects that seemed to proliferate the entire object list. &nbsp;Next, we also considered functionality in our collection classification. &nbsp;For users, who we are assuming are interested in the topic of typography. &nbsp;We believe that examples of typefaces, as well as items that make up different elements of typography\'s history will successfully allow the user to explore basic concepts of typography and find different elements of what typography is comprised of. &nbsp;The syllabi collection offers itself as a category of investigation for more invested users. &nbsp;In this collections, users can investigate how typography is being studied in the field of academia and how educational institutions are approaching such a study. The educational resources is for users who wish to continue on with learning about typography and immerse themselves more in the topic. &nbsp;We sort of wanted to position it as an appropriate conclusion to our narrative. &nbsp;</p>\r\n<p><span style=\"text-decoration: underline;\"><strong>Tagging</strong></span></p>\r\n<p><span style=\"text-decoration: underline;\"><br /></span>We wanted to choose tags that would not be redundant to the different subject headers of the objects and that would connect different types of objects to each other. &nbsp;We wanted the tags to convey the functionality of the object beyond what the collection that it was classified under. &nbsp;We also wanted to convey the messages that many of these objects can be used to advance the same narrative or, in a sense, can work together in order to provide a more layered knowledge.</p>\r\n<p>&nbsp;</p>','',1),(422,184,46,'<p>Most of these syllabi use a similar format. Sure, UCLA\'s syllabi covers only 10 weeks while other syllabi can cover 16 or even 18 weeks, nevertheless meaningful data can still arise. By using some tools of analysis such as a word cloud or simple bar visualizations, you can clearly see that most of these classes use the same handful of textbooks. For example, Ellen Lupton\'s&nbsp;<em>Thinking With Type</em> is a favorite that should be the \"go-to\" resource for any curious student of type, typefonts, and typography.</p>\r\n<p>My best assessment produced the following ranking:</p>\r\n<ol>\r\n<li><em>Thinking with Type: A Critical Guide for Designers, Writers, Editors, &amp; Students</em> by&nbsp;Ellen Lupton</li>\r\n<li><em>The Elements of Typographic Style</em> by&nbsp;Robert Bringhurst</li>\r\n<li><em><em>Stop Stealing Sheep &amp; Find Out How Type Works</em>&nbsp;by<em>&nbsp;</em>Erik Spiekermann&nbsp;</em></li>\r\n<li><em>Getting it Right With Type:&nbsp;The Dos and Don\'ts of Typography</em> by Victoria Squire</li>\r\n<li><em>Designing with Type:The Essential Guide to Typography</em> by&nbsp;James Craig</li>\r\n</ol>\r\n<p>&nbsp;</p>\r\n<p>To see more data, plese <a href=\"http://dh101.humanities.ucla.edu/DH101Fall12Lab1/exhibits/show/resources/process\">click here</a>, or click on the tab entitled \"with visualizations\".</p>','<p>A screen capture from Lupton\'s syllabi outline, found on <a href=\"http://papress.com/other/thinkingwithtype/teachers/teacher_home.htm\">her site</a>.</p>',1),(423,NULL,46,'','',2),(424,NULL,46,'','',3),(425,NULL,46,'','',4),(426,NULL,46,'','',5),(427,NULL,46,'','',6),(428,NULL,46,'','',7),(429,NULL,46,'','',8),(439,NULL,49,'<p>Neatline offers a number of different ways for designers to select which items will show up in their Neatline exhibit. There are various categories to choose from, such as the collection, user (who added the item), or even its type. Originally, I was going to make the query present all the items in the \"History of Typography\" collection. However, this brought about two issues:</p>\r\n<ul>\r\n<li>Some of the items in the collection are not fonts, but would show up on the timeline anyway.</li>\r\n<li>I later chose to add modern fonts to the exhibit, but these were in another collection.</li>\r\n</ul>\r\n<p>The main problem with using any category as the query for a Neatline exhibit is that these categories are not static. If an item is moved from one collection to another, or if the item type is revised, then the item might not show up in the exhibit anymore. Likewise, other items may show up inintentionally.</p>\r\n<p>Therefore, I chose to use tagging for my Neatline query. For every item that I wanted to add to my timeline, I simply gave it a&nbsp;<a href=\"http://dh101.humanities.ucla.edu/DH101Fall12Lab1/items/tags\">\"timeline\"</a>&nbsp;tag. Then, I made the Neatline query display all items with the <a href=\"http://dh101.humanities.ucla.edu/DH101Fall12Lab1/items/tags\">\"timeline\"</a>&nbsp;tag. This simple solution is very effective because the <a href=\"http://dh101.humanities.ucla.edu/DH101Fall12Lab1/items/tags\">\"timeline\"</a>&nbsp;tag is independant of any other classification systems in our database. My fellow designers could then move items from one collection to another without disrupting the content of the Neatline exhibit.</p>','',1),(440,NULL,50,'<h2><strong>Audience Design</strong></h2>\r\n<p>The &ldquo;Resources&rdquo; exhibit was designed with two concerns in mind:</p>\r\n<ol>\r\n<li>Representing the essence of a digital humanities project</li>\r\n<li>Presenting a learning resource for anyone that wants to learn typography</li>\r\n</ol>\r\n<p>&nbsp;</p>\r\n<p>Most digital humanities projects serve scholars, but I believe digital humanities projects can maintain their venerable standards while adopting better methodological components -- especially when it comes to projects in the vein of social sciences.</p>\r\n<p>For example Wikipedia is in many ways is a very successful Digital Humanities project, where instead of scholars generating &ldquo;digital objects&rdquo;, we find common users creating and editing information known as \"pages\". Sure there are plenty of issues with this type of open-source method, but it also offers some solutions about sustainability and preservation of digital humanities projects. The most alluring part of this kind of collaboration is the knowledge base and labor that common users can provide to the advancement of the project (not to mention the pecuniary power! Again, Wikipedia).&nbsp;</p>\r\n<p>The <a href=\"http://www.fastionline.org/about.php?view=aboutfasti\">FASTI Online</a> project takes this collaborative stance, and I have a hunch that that a large part of the future projects in the Digital Humanities will expand and make use of this collaborative methodology with its unconventional contributors. An alternative pattern could be that the influence of digital humanities on the rest of the academia will see these types of collaborative projects emerge from the social science fields directly.&nbsp;</p>\r\n<p>&nbsp;</p>\r\n<h2><strong>Interface</strong></h2>\r\n<p>I opted not to use numbers in the Exhibit tabs in the hopes that readers would slow down a bit and read a little between the lines. It&rsquo;s a technique advocated by Kirshenbaum and others in the digital humanities field. I tried to repair the fluidity and clarity of the navigation by using a more commercial feel, much like a website. I understand this can be frowned upon, but I think it is necessary for the users of this site.&nbsp;</p>','',1),(441,155,51,'<p>Neatline offers the option of having an item list aside from the map and the timeline. This feature can be omitted, but I found it useful as a quick reference to the items in the exhibit. It may be difficult for users to find a specific font if they do not know where or when it originated. Ideally, I would have designed the item list with hierarchical categories where each font is grouped with the other fonts of its class. This way, the item list would not require that much scrolling (since it contains 40 items). However, Neatline does not have this feature. Therefore, I chose to list the items in alphabetical order so that the users can quickly scroll down to any fonts that they are familiar with. In the end, I found this system to be much more intuitive for users who are not be familiar with font classification systems.</p>','<p>The most simple solution is often the most effective.</p>',1),(442,NULL,51,'','',2),(443,NULL,51,'','',3),(444,NULL,51,'','',4),(445,NULL,51,'','',5),(446,NULL,51,'','',6),(447,NULL,51,'','',7),(448,NULL,51,'','',8),(449,201,52,'<h2>Historical vs. Modern Fonts</h2>\r\n<p>A central challenge to designing the timeline portion of the Neatline exhibit was accounting for the disparity in the accuracy of our data. We can trace the origins of modern fonts to a specific year, but the origins of historical fonts are often more ambiguous. Instead of having a specific date for their origin, we have a range of when they were used. To show this disparity on the timeline, modern fonts with known dates of origin are represented by points while historical fonts have a range corresponding to when they were used.</p>\r\n<h2>Technical Challenges</h2>\r\n<p>The Nealtine application is very unintuitive when inputing dates. At first, none of the historical dates were appearing on the timeline. Why?</p>\r\n<ul>\r\n<li>BC dates have to be inputed with a negative sign. 3000 BC must be typed as \"-3000\"</li>\r\n<li>all dates must have four digits. 100 AD must be typed as \"0100\"</li>\r\n</ul>','<p>Some items are represented by points while others are given a range.</p>',1);
/*!40000 ALTER TABLE `omeka_items_section_pages` ENABLE KEYS */;
UNLOCK TABLES;

--
-- Table structure for table `omeka_mime_element_set_lookup`
--

DROP TABLE IF EXISTS `omeka_mime_element_set_lookup`;
/*!40101 SET @saved_cs_client     = @@character_set_client */;
/*!40101 SET character_set_client = utf8 */;
CREATE TABLE `omeka_mime_element_set_lookup` (
  `id` int(10) unsigned NOT NULL AUTO_INCREMENT,
  `element_set_id` int(10) unsigned NOT NULL,
  `mime` varchar(255) COLLATE utf8_unicode_ci NOT NULL,
  PRIMARY KEY (`id`),
  UNIQUE KEY `mime` (`mime`)
) ENGINE=MyISAM AUTO_INCREMENT=35 DEFAULT CHARSET=utf8 COLLATE=utf8_unicode_ci;
/*!40101 SET character_set_client = @saved_cs_client */;

--
-- Dumping data for table `omeka_mime_element_set_lookup`
--

LOCK TABLES `omeka_mime_element_set_lookup` WRITE;
/*!40000 ALTER TABLE `omeka_mime_element_set_lookup` DISABLE KEYS */;
INSERT INTO `omeka_mime_element_set_lookup` VALUES (1,5,'image/bmp'),(2,5,'image/gif'),(3,5,'image/ief'),(4,5,'image/jpeg'),(5,5,'image/pict'),(6,5,'image/pjpeg'),(7,5,'image/png'),(8,5,'image/tiff'),(9,5,'image/vnd.rn-realflash'),(10,5,'image/vnd.rn-realpix'),(11,5,'image/vnd.wap.wbmp'),(12,5,'image/x-icon'),(13,5,'image/x-jg'),(14,5,'image/x-jps'),(15,5,'image/x-niff'),(16,5,'image/x-pcx'),(17,5,'image/x-pict'),(18,5,'image/x-quicktime'),(19,5,'image/x-rgb'),(20,5,'image/x-tiff'),(21,5,'image/x-windows-bmp'),(22,5,'image/x-xbitmap'),(23,5,'image/x-xbm'),(24,5,'image/x-xpixmap'),(25,5,'image/x-xwd'),(26,5,'image/x-xwindowdump'),(27,6,'video/x-msvideo'),(28,6,'video/avi'),(29,6,'video/msvideo'),(30,6,'video/x-mpeg'),(31,6,'video/x-ms-asf'),(32,6,'video/mpeg'),(33,6,'video/quicktime'),(34,6,'video/x-ms-wmv');
/*!40000 ALTER TABLE `omeka_mime_element_set_lookup` ENABLE KEYS */;
UNLOCK TABLES;

--
-- Table structure for table `omeka_neatline_base_layers`
--

DROP TABLE IF EXISTS `omeka_neatline_base_layers`;
/*!40101 SET @saved_cs_client     = @@character_set_client */;
/*!40101 SET character_set_client = utf8 */;
CREATE TABLE `omeka_neatline_base_layers` (
  `id` int(10) unsigned NOT NULL AUTO_INCREMENT,
  `name` tinytext COLLATE utf8_unicode_ci,
  PRIMARY KEY (`id`)
) ENGINE=InnoDB AUTO_INCREMENT=9 DEFAULT CHARSET=utf8 COLLATE=utf8_unicode_ci;
/*!40101 SET character_set_client = @saved_cs_client */;

--
-- Dumping data for table `omeka_neatline_base_layers`
--

LOCK TABLES `omeka_neatline_base_layers` WRITE;
/*!40000 ALTER TABLE `omeka_neatline_base_layers` DISABLE KEYS */;
INSERT INTO `omeka_neatline_base_layers` VALUES (1,'OpenStreetMap'),(2,'Google Physical'),(3,'Google Streets'),(4,'Google Hybrid'),(5,'Google Satellite'),(6,'Stamen Watercolor'),(7,'Stamen Toner'),(8,'Stamen Terrain');
/*!40000 ALTER TABLE `omeka_neatline_base_layers` ENABLE KEYS */;
UNLOCK TABLES;

--
-- Table structure for table `omeka_neatline_data_records`
--

DROP TABLE IF EXISTS `omeka_neatline_data_records`;
/*!40101 SET @saved_cs_client     = @@character_set_client */;
/*!40101 SET character_set_client = utf8 */;
CREATE TABLE `omeka_neatline_data_records` (
  `id` int(10) unsigned NOT NULL AUTO_INCREMENT,
  `item_id` int(10) unsigned DEFAULT NULL,
  `use_dc_metadata` tinyint(1) DEFAULT NULL,
  `exhibit_id` int(10) unsigned DEFAULT NULL,
  `parent_record_id` int(10) unsigned DEFAULT NULL,
  `show_bubble` tinyint(1) DEFAULT NULL,
  `title` mediumtext COLLATE utf8_unicode_ci,
  `slug` varchar(100) COLLATE utf8_unicode_ci DEFAULT NULL,
  `description` mediumtext COLLATE utf8_unicode_ci,
  `start_date` tinytext COLLATE utf8_unicode_ci,
  `end_date` tinytext COLLATE utf8_unicode_ci,
  `start_visible_date` tinytext COLLATE utf8_unicode_ci,
  `end_visible_date` tinytext COLLATE utf8_unicode_ci,
  `geocoverage` mediumtext COLLATE utf8_unicode_ci,
  `left_percent` int(10) unsigned DEFAULT NULL,
  `right_percent` int(10) unsigned DEFAULT NULL,
  `vector_color` tinytext COLLATE utf8_unicode_ci,
  `stroke_color` tinytext COLLATE utf8_unicode_ci,
  `highlight_color` tinytext COLLATE utf8_unicode_ci,
  `vector_opacity` int(10) unsigned DEFAULT NULL,
  `select_opacity` int(10) unsigned DEFAULT NULL,
  `stroke_opacity` int(10) unsigned DEFAULT NULL,
  `graphic_opacity` int(10) unsigned DEFAULT NULL,
  `stroke_width` int(10) unsigned DEFAULT NULL,
  `point_radius` int(10) unsigned DEFAULT NULL,
  `point_image` tinytext COLLATE utf8_unicode_ci,
  `space_active` tinyint(1) DEFAULT NULL,
  `time_active` tinyint(1) DEFAULT NULL,
  `items_active` tinyint(1) DEFAULT NULL,
  `display_order` int(10) unsigned DEFAULT NULL,
  `map_bounds` varchar(100) COLLATE utf8_unicode_ci DEFAULT NULL,
  `map_zoom` int(10) unsigned DEFAULT NULL,
  PRIMARY KEY (`id`)
) ENGINE=InnoDB AUTO_INCREMENT=98 DEFAULT CHARSET=utf8 COLLATE=utf8_unicode_ci;
/*!40101 SET character_set_client = @saved_cs_client */;

--
-- Dumping data for table `omeka_neatline_data_records`
--

LOCK TABLES `omeka_neatline_data_records` WRITE;
/*!40000 ALTER TABLE `omeka_neatline_data_records` DISABLE KEYS */;
INSERT INTO `omeka_neatline_data_records` VALUES (40,27,1,5,NULL,1,'\"Carolingian Minuscule\"',NULL,NULL,'0800','1200',NULL,NULL,'<kml xmlns=\"http://earth.google.com/kml/2.0\"><Folder><name>OpenLayers export</name><description>Exported on Wed Nov 28 2012 11:36:54 GMT-0800 (Pacific Standard Time)</description><Placemark><name>OpenLayers.Feature.Vector_8679</name><description>No description available</description><Point><coordinates>259707.1947222631,6251853.962922478</coordinates></Point></Placemark></Folder></kml>',0,100,'#ff19fb','#ff19fb','#ff19fb',NULL,NULL,NULL,85,NULL,50,'http://dh101.humanities.ucla.edu/DH101Fall12Lab1/archive/files/a9a51bf2a57af856e33a0119cda050ef.jpg',1,1,1,7,NULL,NULL),(41,30,1,5,NULL,1,'\"Merovingian Script\"',NULL,NULL,'0700','0900',NULL,NULL,'<kml xmlns=\"http://earth.google.com/kml/2.0\"><Folder><name>OpenLayers export</name><description>Exported on Wed Nov 28 2012 11:36:54 GMT-0800 (Pacific Standard Time)</description><Placemark><name>OpenLayers.Feature.Vector_8679</name><description>No description available</description><Point><coordinates>259752.80314440667,6251858.143072444</coordinates></Point></Placemark></Folder></kml>',0,100,'#ff19fb','#ff19fb','#ff19fb',NULL,NULL,NULL,85,NULL,80,'http://dh101.humanities.ucla.edu/DH101Fall12Lab1/archive/files/24f16510881f52de0fcb8899bd98f191.gif',1,1,1,24,NULL,NULL),(42,34,1,5,NULL,1,'\"Visigothic Script\"',NULL,NULL,'0700','0900',NULL,NULL,'<kml xmlns=\"http://earth.google.com/kml/2.0\"><Folder><name>OpenLayers export</name><description>Exported on Wed Nov 21 2012 14:53:30 GMT-0800 (Pacific Standard Time)</description><Placemark><name>OpenLayers.Feature.Vector_22753</name><description>No description available</description><Point><coordinates>-413932.33546112,4928630.919257</coordinates></Point></Placemark></Folder></kml>',0,100,'#26ede3','#26ede3','#26ede3',NULL,NULL,NULL,85,NULL,80,'http://dh101.humanities.ucla.edu/DH101Fall12Lab1/archive/files/57d252cf60d50e7c539bfcfc8f092512.gif',1,1,1,39,NULL,NULL),(43,36,1,5,NULL,1,'\"Roman Capital Alphabet\"',NULL,NULL,'0100','0500',NULL,NULL,'<kml xmlns=\"http://earth.google.com/kml/2.0\"><Folder><name>OpenLayers export</name><description>Exported on Sun Nov 25 2012 15:54:51 GMT-0800 (Pacific Standard Time)</description><Placemark><name>OpenLayers.Feature.Vector_7666</name><description>No description available</description><Point><coordinates>1388790.860881627,5146058.957359791</coordinates></Point></Placemark></Folder></kml>',0,100,'#1072c7','#1072c7','#1072c7',NULL,NULL,NULL,85,NULL,50,'http://dh101.humanities.ucla.edu/DH101Fall12Lab1/archive/files/76287275bf8e371c940b30e2f5958018.jpg',1,1,1,30,NULL,NULL),(44,38,1,5,NULL,1,'\"Greek Capital Script\"',NULL,NULL,'-0800','0100',NULL,NULL,'<kml xmlns=\"http://earth.google.com/kml/2.0\"><Folder><name>OpenLayers export</name><description>Exported on Wed Nov 21 2012 14:53:30 GMT-0800 (Pacific Standard Time)</description><Placemark><name>OpenLayers.Feature.Vector_5066</name><description>No description available</description><Point><coordinates>2639879.8181634,4576409.0929676</coordinates></Point></Placemark></Folder></kml>',0,100,'#fffb19','#fffb19','#fffb19',NULL,NULL,NULL,85,NULL,70,'http://dh101.humanities.ucla.edu/DH101Fall12Lab1/archive/files/0fcce1d8887db55f7acb4e1dfbc95e82.gif',1,1,1,18,NULL,NULL),(45,83,1,5,NULL,1,'\"Uncial Script\"',NULL,NULL,'0400','0800',NULL,NULL,'<kml xmlns=\"http://earth.google.com/kml/2.0\"><Folder><name>OpenLayers export</name><description>Exported on Wed Nov 28 2012 11:36:54 GMT-0800 (Pacific Standard Time)</description><Placemark><name>OpenLayers.Feature.Vector_7666</name><description>No description available</description><Point><coordinates>1388735.697830951,5146044.4014803795</coordinates></Point></Placemark></Folder></kml>',0,100,'#1072c7','#1072c7','#1072c7',NULL,NULL,NULL,85,NULL,70,'http://dh101.humanities.ucla.edu/DH101Fall12Lab1/archive/files/c66acf770df857fc89907bcf9f92e606.gif',1,1,1,37,NULL,NULL),(46,84,1,5,NULL,1,'\"Old Italic Script\"',NULL,NULL,'0900','1300',NULL,NULL,'<kml xmlns=\"http://earth.google.com/kml/2.0\"><Folder><name>OpenLayers export</name><description>Exported on Wed Nov 28 2012 11:36:54 GMT-0800 (Pacific Standard Time)</description><Placemark><name>OpenLayers.Feature.Vector_7666</name><description>No description available</description><Point><coordinates>1388736.369640775,5146068.437342787</coordinates></Point></Placemark></Folder></kml>',0,100,'#1072c7','#1072c7','#1072c7',NULL,NULL,NULL,85,NULL,80,'http://dh101.humanities.ucla.edu/DH101Fall12Lab1/archive/fullsize/398adbf1147e1c8808ad9721855db6b2.jpg',1,1,1,26,NULL,NULL),(47,95,1,5,NULL,1,'\"Rotunda\"',NULL,NULL,'1500','1600',NULL,NULL,'<kml xmlns=\"http://earth.google.com/kml/2.0\"><Folder><name>OpenLayers export</name><description>Exported on Wed Nov 28 2012 11:36:54 GMT-0800 (Pacific Standard Time)</description><Placemark><name>OpenLayers.Feature.Vector_7666</name><description>No description available</description><Point><coordinates>1388737.1907416636,5146094.264698065</coordinates></Point></Placemark></Folder></kml>',0,100,'#1072c7','#1072c7','#1072c7',NULL,NULL,NULL,85,NULL,75,'http://dh101.humanities.ucla.edu/DH101Fall12Lab1/archive/fullsize/611b35018a5573a6992548ed04feccb6.jpg',1,1,1,33,NULL,NULL),(48,94,1,5,NULL,1,'\"Gothic Script\"',NULL,NULL,'1100','1500',NULL,NULL,'<kml xmlns=\"http://earth.google.com/kml/2.0\"><Folder><name>OpenLayers export</name><description>Exported on Sun Nov 25 2012 15:54:51 GMT-0800 (Pacific Standard Time)</description><Placemark><name>OpenLayers.Feature.Vector_37738</name><description>No description available</description><Point><coordinates>1491962.2623161206,6896119.429878517</coordinates></Point></Placemark></Folder></kml>',0,100,'#19a7ff','#19a7ff','#19a7ff',NULL,NULL,NULL,85,NULL,75,'http://dh101.humanities.ucla.edu/DH101Fall12Lab1/archive/fullsize/fa5cbc4a0bad8553bca32e14220fa863.jpg',1,1,1,16,NULL,NULL),(49,96,1,5,NULL,1,'\"Roman Majiscule and Miniscule\"',NULL,NULL,'0100','0600',NULL,NULL,'<kml xmlns=\"http://earth.google.com/kml/2.0\"><Folder><name>OpenLayers export</name><description>Exported on Wed Nov 28 2012 11:36:54 GMT-0800 (Pacific Standard Time)</description><Placemark><name>OpenLayers.Feature.Vector_7666</name><description>No description available</description><Point><coordinates>1388789.2933253907,5146092.846432847</coordinates></Point></Placemark></Folder></kml>',0,100,'#1072c7','#1072c7','#1072c7',NULL,NULL,NULL,85,NULL,65,'http://dh101.humanities.ucla.edu/DH101Fall12Lab1/archive/fullsize/977eabfa0f57d8e3ddf109ec45073c14.jpg',1,1,1,31,NULL,NULL),(50,97,1,5,NULL,1,'\"Sumerian Cuneiform Script\"',NULL,NULL,'-3000','0075',NULL,NULL,'<kml xmlns=\"http://earth.google.com/kml/2.0\"><Folder><name>OpenLayers export</name><description>Exported on Wed Nov 21 2012 14:53:30 GMT-0800 (Pacific Standard Time)</description><Placemark><name>OpenLayers.Feature.Vector_16092</name><description>No description available</description><Point><coordinates>4942163.1097924,3942287.506402</coordinates></Point></Placemark></Folder></kml>',0,100,'#04ff00','#04ff00','#04ff00',NULL,NULL,NULL,85,NULL,65,'http://dh101.humanities.ucla.edu/DH101Fall12Lab1/archive/files/63984fe2f8c94ab7e2e13bdb342821c9.gif',1,1,1,35,NULL,NULL),(51,114,0,5,NULL,1,'Baskerville',NULL,'The roman and italic types of John Baskerville c. 1772 appeared later than Fleischman\'s but are considered transitional and partly retrogressive with a return to lower contrast, smooth transaxial modeling, finely modeled bracketed serifs, and long stems. The exquisite design and finish of Baskerville\'s roman however, combining elegance and strength, was modern. His roman design, and especially his italic, were rococo-influenced. His designs did not visibly quote any previous types. They were informed by his prior experience as a writing master and the influences of his time. The types of Joseph Fry, Alexander Wilson, and John Bell closely followed Baskerville, and through his correspondence with European type founders Baskerville\'s influence penetrated most of western Europe. Baskerville was a meticulous artist who controlled all aspects of his creation, devising more accurate presses, blacker inks and paper sealed with hot rollers to ensure crisp impressions. Of particular note, the lower storey of his lowercase g does not fully close. Derivatives of Baskerville are often identified thus. A modern revival of Baskerville, a font called Mrs Eaves, is named after Baskerville\'s wife who was the widow of Richard Eaves.\n(From: http://en.wikipedia.org/wiki/History_of_Western_typography)','1772',NULL,NULL,NULL,'<kml xmlns=\"http://earth.google.com/kml/2.0\"><Folder><name>OpenLayers export</name><description>Exported on Thu Nov 08 2012 22:35:20 GMT-0800 (Pacific Standard Time)</description><Placemark><name>OpenLayers.Feature.Vector_14273</name><description>No description available</description><Polygon><outerBoundaryIs><LinearRing><coordinates>-573062.73291665,6457999.4029915 -612198.49139322,6480013.2671345 -551048.86877359,6538716.9048494 -494791.21596353,6572960.6935164 -492345.23105874,6612096.4519929 -462993.41220132,6624326.3765169 -453209.47258218,6646340.2406599 -355370.07639077,6651232.2104695 -338248.18205728,6648786.2255647 -321126.28772378,6680584.0293269 -284436.514152,6736841.682137 -340694.16696206,6722165.7727083 -362708.03110513,6709935.8481843 -399397.80467691,6714827.8179939 -428749.62353433,6736841.682137 -460547.42729653,6736841.682137 -492345.23105874,6758855.54628 -555940.83858316,6744179.6368513 -560832.80839273,6785761.3802327 -494791.21596353,6822451.1538045 -443425.53296304,6876262.8217097 -448317.50277261,6925182.5198054 -450763.4876774,6966764.2631868 -502129.17067788,6964318.278282 -477669.32163003,7001008.0518538 -504575.15558267,7037697.8254256 -492345.23105874,7057265.7046638 -440979.54805825,7032805.855616 -411627.72920083,7037697.8254256 -377383.94053384,7037697.8254256 -350478.1065812,7037697.8254256 -326018.25753335,7074387.5989973 -330910.22734292,7091509.4933308 -313788.33300943,7128199.2669026 -330910.22734292,7150213.1310457 -311342.34810464,7194240.8593318 -316234.31791421,7223592.6781892 -348032.12167642,7204024.7989509 -392059.84996255,7267620.4064754 -370045.98581949,7340999.9536189 -340694.16696206,7358121.8479524 -387167.88015298,7375243.7422859 -411627.72920083,7353229.8781428 -443425.53296304,7328770.029095 -485007.27634438,7340999.9536189 -502129.17067788,7321432.0743806 -553494.85367837,7358121.8479524 -529035.00463052,7436393.3649055 -507021.14048745,7458407.2290486 -533926.97444009,7499988.9724299 -531480.98953531,7544016.7007161 -565724.7782023,7561138.5950496 -612198.49139322,7534232.7610969 -612198.49139322,7619842.2327644 -580400.68763101,7703005.7195271 -624428.41591714,7673653.9006697 -646442.28006021,7634518.1421931 -685578.03853677,7624734.202574 -685578.03853677,7654086.0214314 -692915.99325113,7678545.8704793 -685578.03853677,7710343.6742415 -648888.26496499,7739695.4930989 -641550.31025064,7781277.2364802 -641550.31025064,7876670.6477669 -626874.40082192,7928036.3307674 -570616.74801187,7947604.2100056 -587738.64234536,7984293.9835774 -582846.67253579,8013645.8024348 -543710.91405923,8035659.6665779 -555940.83858316,8052781.5609114 -521697.04991616,8089471.3344832 -494791.21596353,8065011.4854353 -453209.47258218,8072349.4401497 -409181.74429605,8079687.394864 -348032.12167642,8087025.3495784 -355370.07639077,8040551.6363875 -426303.63862954,7981847.9986726 -467885.38201089,7950050.1949104 -450763.4876774,7925590.3458626 -458101.44239175,7859548.7534334 -372491.97072427,7898684.5119099 -340694.16696206,7886454.587386 -223286.89153237,7891346.5571956 -213502.95191323,7869332.6930525 -240408.78586587,7803291.1006233 -247746.74058023,7751925.4176228 -289328.48396157,7703005.7195271 -296666.43867593,7678545.8704793 -323572.27262856,7636964.1270979 -301558.4084855,7619842.2327644 -308896.36319986,7600274.3535261 -340694.16696206,7610058.2931453 -377383.94053384,7566030.5648591 -379829.92543862,7544016.7007161 -321126.28772378,7544016.7007161 -296666.43867593,7561138.5950496 -252638.7103898,7531786.7761922 -193935.07267495,7468191.1686677 -149907.34438882,7292080.2555232 -64297.872721341,7250498.5121419 -30054.084054347,7191794.874427 -8040.219911281,7115969.3423787 -27608.099149562,7084171.5386165 16419.62913657,7054819.719759 23757.583850928,7005900.0216633 -15378.174625635,6969210.2480916 35987.508374851,6925182.5198054 62893.34232749,6937412.4443294 75123.266851414,6961872.2933772 131380.91966147,6961872.2933772 172962.66304282,6932520.4745198 187638.57247153,6890938.7311384 168070.69323325,6822451.1538045 143610.8441854,6805329.259471 124042.96494712,6778423.4255183 80015.236660983,6761301.5311848 87353.191375341,6724611.7576131 58001.372517917,6712381.8330891 102029.10080405,6678138.0444221 148502.81399497,6680584.0293269 150948.79889975,6653678.1953743 92245.161184911,6639002.2859456 89799.176280126,6619434.4067073 31095.538565282,6590082.5878499 -22716.129339993,6604758.4972786 -83865.751959622,6587636.6029451 -108325.60100747,6604758.4972786 -132785.45005532,6597420.5425642 -127893.48024575,6563176.7538972 -142569.38967447,6560730.7689924 -176813.17834146,6577852.6633259 -215948.93681802,6580298.6482307 -225732.87643716,6563176.7538972 -274652.57453286,6563176.7538972 -313788.33300943,6585190.6180403 -382275.91034341,6565622.738802 -411627.72920083,6502027.1312776 -465439.3971061,6524040.9954207 -538818.94424966,6509365.085992 -573062.73291665,6457999.4029915</coordinates></LinearRing></outerBoundaryIs></Polygon></Placemark></Folder></kml>',0,100,'#ff9b54','#ff9b54','#ff9b54',NULL,NULL,NULL,NULL,NULL,NULL,NULL,0,0,0,11,NULL,NULL),(52,117,1,5,NULL,1,'\"Times New Roman\"',NULL,NULL,'1931',NULL,NULL,NULL,'<kml xmlns=\"http://earth.google.com/kml/2.0\"><Folder><name>OpenLayers export</name><description>Exported on Sun Nov 25 2012 16:31:03 GMT-0800 (Pacific Standard Time)</description><Placemark><name>OpenLayers.Feature.Vector_13171</name><description>No description available</description><Point><coordinates>-15390.416491502236,6712072.054116562</coordinates></Point></Placemark></Folder></kml>',0,100,'#ff0037','#ff0037','#ff0037',NULL,NULL,NULL,85,NULL,50,'http://dh101.humanities.ucla.edu/DH101Fall12Lab1/archive/fullsize/0f1ca93a5a961daf205f3268a2718522.jpg',1,1,1,36,NULL,NULL),(56,39,1,5,NULL,1,'\"Adobe Garamond\"',NULL,NULL,'1541',NULL,NULL,NULL,'<kml xmlns=\"http://earth.google.com/kml/2.0\"><Folder><name>OpenLayers export</name><description>Exported on Wed Nov 28 2012 11:36:54 GMT-0800 (Pacific Standard Time)</description><Placemark><name>OpenLayers.Feature.Vector_8679</name><description>No description available</description><Point><coordinates>259740.26269445635,6251892.03214551</coordinates></Point></Placemark></Folder></kml>',0,100,NULL,NULL,NULL,NULL,NULL,NULL,85,NULL,50,'http://dh101.humanities.ucla.edu/DH101Fall12Lab1/archive/files/75f3bd52f4bb4a78b3e9a408e3314167.png',1,1,1,0,NULL,NULL),(57,40,1,5,NULL,1,'\"Baskerville\"',NULL,NULL,'1757',NULL,NULL,NULL,'<kml xmlns=\"http://earth.google.com/kml/2.0\"><Folder><name>OpenLayers export</name><description>Exported on Thu Nov 15 2012 15:42:39 GMT-0800 (Pacific Standard Time)</description><Placemark><name>OpenLayers.Feature.Vector_4572</name><description>No description available</description><Point><coordinates>-213514.44732593,6885418.8430846</coordinates></Point></Placemark></Folder></kml>',0,100,NULL,NULL,NULL,NULL,NULL,NULL,NULL,NULL,50,'http://dh101.humanities.ucla.edu/DH101Fall12Lab1/archive/files/262062a9c4abaaa96c95105266340d1f.png',1,1,1,3,NULL,NULL),(58,41,1,5,NULL,1,'\"Bodoni\"',NULL,NULL,'1790',NULL,NULL,NULL,'<kml xmlns=\"http://earth.google.com/kml/2.0\"><Folder><name>OpenLayers export</name><description>Exported on Thu Nov 15 2012 18:59:25 GMT-0800 (Pacific Standard Time)</description><Placemark><name>OpenLayers.Feature.Vector_1880</name><description>No description available</description><Point><coordinates>1150122.1370925,5590575.584114</coordinates></Point></Placemark></Folder></kml>',0,100,NULL,NULL,NULL,NULL,NULL,NULL,85,NULL,50,'http://dh101.humanities.ucla.edu/DH101Fall12Lab1/archive/files/e007adce6c9e9477535e3bc81d0bf340.png',1,1,1,5,NULL,NULL),(59,42,1,5,NULL,1,'\"Rockwell\"',NULL,NULL,'1934',NULL,NULL,NULL,'<kml xmlns=\"http://earth.google.com/kml/2.0\"><Folder><name>OpenLayers export</name><description>Exported on Thu Nov 15 2012 19:01:38 GMT-0800 (Pacific Standard Time)</description><Placemark><name>OpenLayers.Feature.Vector_1882</name><description>No description available</description><Point><coordinates>-7920354.2601332,5232697.4177324</coordinates></Point></Placemark></Folder></kml>',0,100,NULL,NULL,NULL,NULL,NULL,NULL,85,NULL,50,'http://dh101.humanities.ucla.edu/DH101Fall12Lab1/archive/files/14ec71ce49b2a5fb8f58507f61f547e8.png',1,1,1,32,NULL,NULL),(60,43,1,5,NULL,1,'\"Helvetica\"',NULL,NULL,'1957',NULL,NULL,NULL,'<kml xmlns=\"http://earth.google.com/kml/2.0\"><Folder><name>OpenLayers export</name><description>Exported on Thu Nov 15 2012 19:01:38 GMT-0800 (Pacific Standard Time)</description><Placemark><name>OpenLayers.Feature.Vector_3781</name><description>No description available</description><Point><coordinates>951997.35980528,6002724.04057</coordinates></Point></Placemark></Folder></kml>',0,100,NULL,NULL,NULL,NULL,NULL,NULL,85,NULL,50,'http://dh101.humanities.ucla.edu/DH101Fall12Lab1/archive/files/38372335f4916227244c4caa474f5b17.png',1,1,1,19,NULL,NULL),(61,55,1,5,NULL,1,'\"Cooper Black\"',NULL,NULL,'1921',NULL,NULL,NULL,'<kml xmlns=\"http://earth.google.com/kml/2.0\"><Folder><name>OpenLayers export</name><description>Exported on Wed Nov 28 2012 11:36:54 GMT-0800 (Pacific Standard Time)</description><Placemark><name>OpenLayers.Feature.Vector_5667</name><description>No description available</description><Point><coordinates>-9758368.298068386,5138680.1715368405</coordinates></Point></Placemark></Folder></kml>',0,100,NULL,NULL,NULL,NULL,NULL,NULL,85,NULL,50,'http://dh101.humanities.ucla.edu/DH101Fall12Lab1/archive/files/694619f275e0720eb4511460ccc3f51a.png',1,1,1,9,NULL,NULL),(62,56,1,5,NULL,1,'\"Mistral\"',NULL,NULL,'1953',NULL,NULL,NULL,'<kml xmlns=\"http://earth.google.com/kml/2.0\"><Folder><name>OpenLayers export</name><description>Exported on Thu Nov 15 2012 19:01:38 GMT-0800 (Pacific Standard Time)</description><Placemark><name>OpenLayers.Feature.Vector_7579</name><description>No description available</description><Point><coordinates>542294.88825487,6868602.6968639</coordinates></Point></Placemark></Folder></kml>',0,100,NULL,NULL,NULL,NULL,NULL,NULL,85,NULL,50,'http://dh101.humanities.ucla.edu/DH101Fall12Lab1/archive/files/f032bbfaf5ec5fbc84327ca1aae2472c.png',1,1,1,25,NULL,NULL),(63,57,1,5,NULL,1,'\"Futura\"',NULL,NULL,'1927',NULL,NULL,NULL,'<kml xmlns=\"http://earth.google.com/kml/2.0\"><Folder><name>OpenLayers export</name><description>Exported on Wed Nov 28 2012 11:36:54 GMT-0800 (Pacific Standard Time)</description><Placemark><name>OpenLayers.Feature.Vector_37738</name><description>No description available</description><Point><coordinates>1491918.893260028,6896119.653815123</coordinates></Point></Placemark></Folder></kml>',0,100,NULL,NULL,NULL,NULL,NULL,NULL,85,NULL,50,'http://dh101.humanities.ucla.edu/DH101Fall12Lab1/archive/files/ab0b8f5e5d62d05f099256ac58504350.png',1,1,1,13,NULL,NULL),(64,62,1,5,NULL,1,'\"Goudy Old Style\"',NULL,NULL,'1915',NULL,NULL,NULL,'<kml xmlns=\"http://earth.google.com/kml/2.0\"><Folder><name>OpenLayers export</name><description>Exported on Sun Nov 25 2012 16:29:40 GMT-0800 (Pacific Standard Time)</description><Placemark><name>OpenLayers.Feature.Vector_13097</name><description>No description available</description><Point><coordinates>-8576767.093650026,4706808.573128482</coordinates></Point></Placemark></Folder></kml>',0,100,NULL,NULL,NULL,NULL,NULL,NULL,85,NULL,50,'http://dh101.humanities.ucla.edu/DH101Fall12Lab1/archive/files/36c5a07923d0b84010dd7b9433019e22.png',1,1,1,17,NULL,NULL),(65,63,1,5,NULL,1,'\"Janson\"',NULL,NULL,'1937',NULL,NULL,NULL,'<kml xmlns=\"http://earth.google.com/kml/2.0\"><Folder><name>OpenLayers export</name><description>Exported on Wed Nov 28 2012 11:36:54 GMT-0800 (Pacific Standard Time)</description><Placemark><name>OpenLayers.Feature.Vector_13097</name><description>No description available</description><Point><coordinates>-8576732.756703718,4706808.946356161</coordinates></Point></Placemark></Folder></kml>',0,100,NULL,NULL,NULL,NULL,NULL,NULL,85,NULL,50,'http://dh101.humanities.ucla.edu/DH101Fall12Lab1/archive/files/e4fb0b5cc9fa0ba8a94408fded04f561.png',1,1,1,20,NULL,NULL),(66,64,1,5,NULL,1,'\"Palatino\"',NULL,NULL,'1948',NULL,NULL,NULL,'<kml xmlns=\"http://earth.google.com/kml/2.0\"><Folder><name>OpenLayers export</name><description>Exported on Wed Nov 28 2012 11:36:54 GMT-0800 (Pacific Standard Time)</description><Placemark><name>OpenLayers.Feature.Vector_13097</name><description>No description available</description><Point><coordinates>-8576802.102406155,4706808.871710616</coordinates></Point></Placemark></Folder></kml>',0,100,NULL,NULL,NULL,NULL,NULL,NULL,85,NULL,50,'http://dh101.humanities.ucla.edu/DH101Fall12Lab1/archive/files/f01186bd1602d4c35192922bc7839c86.png',1,1,1,28,NULL,NULL),(67,65,1,5,NULL,1,'\"Sabon\"',NULL,NULL,'1964',NULL,NULL,NULL,'<kml xmlns=\"http://earth.google.com/kml/2.0\"><Folder><name>OpenLayers export</name><description>Exported on Thu Nov 15 2012 19:01:38 GMT-0800 (Pacific Standard Time)</description><Placemark><name>OpenLayers.Feature.Vector_9577</name><description>No description available</description><Point><coordinates>1376375.7407866,6682707.8441003</coordinates></Point></Placemark></Folder></kml>',0,100,NULL,NULL,NULL,NULL,NULL,NULL,85,NULL,50,'http://dh101.humanities.ucla.edu/DH101Fall12Lab1/archive/files/39019dbf314ba42f1f24318b61719fe2.png',1,1,1,34,NULL,NULL),(68,86,1,5,NULL,1,'\"Bookman\"',NULL,NULL,'1858',NULL,NULL,NULL,'<kml xmlns=\"http://earth.google.com/kml/2.0\"><Folder><name>OpenLayers export</name><description>Exported on Thu Nov 15 2012 19:01:38 GMT-0800 (Pacific Standard Time)</description><Placemark><name>OpenLayers.Feature.Vector_11373</name><description>No description available</description><Point><coordinates>-357827.55670607,7551032.485299</coordinates></Point></Placemark></Folder></kml>',0,100,NULL,NULL,NULL,NULL,NULL,NULL,85,NULL,50,'http://dh101.humanities.ucla.edu/DH101Fall12Lab1/archive/files/dcd825d0e8fbdfd2041ce5807b5ecbd6.png',1,1,1,6,NULL,NULL),(69,87,1,5,NULL,1,'\"Joanna\"',NULL,NULL,'1930-31',NULL,NULL,NULL,'<kml xmlns=\"http://earth.google.com/kml/2.0\"><Folder><name>OpenLayers export</name><description>Exported on Wed Nov 28 2012 11:36:54 GMT-0800 (Pacific Standard Time)</description><Placemark><name>OpenLayers.Feature.Vector_13171</name><description>No description available</description><Point><coordinates>-15461.180459084515,6712072.203407634</coordinates></Point></Placemark></Folder></kml>',0,100,NULL,NULL,NULL,NULL,NULL,NULL,85,NULL,50,'http://dh101.humanities.ucla.edu/DH101Fall12Lab1/archive/files/2f7a8fbfdaa8a0141fdb4206370a43ff.png',1,1,1,21,NULL,NULL),(70,88,1,5,NULL,1,'\"Linotype Didot\"',NULL,NULL,'1784',NULL,NULL,NULL,'<kml xmlns=\"http://earth.google.com/kml/2.0\"><Folder><name>OpenLayers export</name><description>Exported on Wed Nov 28 2012 11:36:54 GMT-0800 (Pacific Standard Time)</description><Placemark><name>OpenLayers.Feature.Vector_8679</name><description>No description available</description><Point><coordinates>259673.4549402512,6251855.007959969</coordinates></Point></Placemark></Folder></kml>',0,100,NULL,NULL,NULL,NULL,NULL,NULL,85,NULL,50,'http://dh101.humanities.ucla.edu/DH101Fall12Lab1/archive/files/ea5ae94871ad06e187bca0216b7f8d91.png',1,1,1,22,NULL,NULL),(71,89,1,5,NULL,1,'\"Claredon\"',NULL,NULL,'1845',NULL,NULL,NULL,'<kml xmlns=\"http://earth.google.com/kml/2.0\"><Folder><name>OpenLayers export</name><description>Exported on Wed Nov 28 2012 11:36:54 GMT-0800 (Pacific Standard Time)</description><Placemark><name>OpenLayers.Feature.Vector_13171</name><description>No description available</description><Point><coordinates>-15390.939010250195,6712032.491982805</coordinates></Point></Placemark></Folder></kml>',0,100,NULL,NULL,NULL,NULL,NULL,NULL,85,NULL,50,'http://dh101.humanities.ucla.edu/DH101Fall12Lab1/archive/files/159b4c087ad99d7d334263b1379529cd.png',1,1,1,8,NULL,NULL),(72,90,1,5,NULL,1,'\"Egyptienne\"',NULL,NULL,'1956',NULL,NULL,NULL,'<kml xmlns=\"http://earth.google.com/kml/2.0\"><Folder><name>OpenLayers export</name><description>Exported on Wed Nov 28 2012 11:36:54 GMT-0800 (Pacific Standard Time)</description><Placemark><name>OpenLayers.Feature.Vector_8679</name><description>No description available</description><Point><coordinates>259707.04543119122,6251892.18143659</coordinates></Point></Placemark></Folder></kml>',0,100,NULL,NULL,NULL,NULL,NULL,NULL,85,NULL,50,'http://dh101.humanities.ucla.edu/DH101Fall12Lab1/archive/files/f617ab8ad535ea1b5626d42005e756aa.png',1,1,1,11,NULL,NULL),(73,91,1,5,NULL,1,'\"Courier\"',NULL,NULL,'1955',NULL,NULL,NULL,'<kml xmlns=\"http://earth.google.com/kml/2.0\"><Folder><name>OpenLayers export</name><description>Exported on Wed Nov 28 2012 11:36:54 GMT-0800 (Pacific Standard Time)</description><Placemark><name>OpenLayers.Feature.Vector_11509</name><description>No description available</description><Point><coordinates>-8576836.5139985,4706808.7224197</coordinates></Point></Placemark></Folder></kml>',0,100,NULL,NULL,NULL,NULL,NULL,NULL,85,NULL,50,'http://dh101.humanities.ucla.edu/DH101Fall12Lab1/archive/files/eafdc581ec50970ce4f404d9f516a6e5.png',1,1,1,10,NULL,NULL),(74,106,1,5,NULL,1,'\"Georgia\"',NULL,NULL,'1993',NULL,NULL,NULL,'<kml xmlns=\"http://earth.google.com/kml/2.0\"><Folder><name>OpenLayers export</name><description>Exported on Wed Nov 21 2012 14:01:37 GMT-0800 (Pacific Standard Time)</description><Placemark><name>OpenLayers.Feature.Vector_22639</name><description>No description available</description><Point><coordinates>-7915547.386233227,5217820.114648981</coordinates></Point></Placemark></Folder></kml>',0,100,NULL,NULL,NULL,NULL,NULL,NULL,NULL,NULL,50,'http://dh101.humanities.ucla.edu/DH101Fall12Lab1/archive/files/495c4317d71380a8e797366cf9b98c27.png',1,1,1,14,NULL,NULL),(75,107,1,5,NULL,1,'\"Perpetua\"',NULL,NULL,'1929',NULL,NULL,NULL,'<kml xmlns=\"http://earth.google.com/kml/2.0\"><Folder><name>OpenLayers export</name><description>Exported on Wed Nov 28 2012 11:36:54 GMT-0800 (Pacific Standard Time)</description><Placemark><name>OpenLayers.Feature.Vector_13171</name><description>No description available</description><Point><coordinates>-15425.574538687113,6712032.34269174</coordinates></Point></Placemark></Folder></kml>',0,100,NULL,NULL,NULL,NULL,NULL,NULL,85,NULL,50,'http://dh101.humanities.ucla.edu/DH101Fall12Lab1/archive/files/83757375e998c8046900115edf4cc310.png',1,1,1,29,NULL,NULL),(76,108,1,5,NULL,1,'\"Gill Sans\"',NULL,NULL,'1926',NULL,NULL,NULL,'<kml xmlns=\"http://earth.google.com/kml/2.0\"><Folder><name>OpenLayers export</name><description>Exported on Wed Nov 28 2012 11:36:54 GMT-0800 (Pacific Standard Time)</description><Placemark><name>OpenLayers.Feature.Vector_13171</name><description>No description available</description><Point><coordinates>-15355.855608600754,6712030.476553364</coordinates></Point></Placemark></Folder></kml>',0,100,NULL,NULL,NULL,NULL,NULL,NULL,85,NULL,50,'http://dh101.humanities.ucla.edu/DH101Fall12Lab1/archive/files/447d7521e649399c6da8ac4a62444b93.png',1,1,1,15,NULL,NULL),(77,109,1,5,NULL,1,'\"Bell\"',NULL,NULL,'1788',NULL,NULL,NULL,'<kml xmlns=\"http://earth.google.com/kml/2.0\"><Folder><name>OpenLayers export</name><description>Exported on Wed Nov 28 2012 11:36:54 GMT-0800 (Pacific Standard Time)</description><Placemark><name>OpenLayers.Feature.Vector_13171</name><description>No description available</description><Point><coordinates>-15425.275956545387,6712071.904825497</coordinates></Point></Placemark></Folder></kml>',0,100,NULL,NULL,NULL,NULL,NULL,NULL,85,NULL,50,'http://dh101.humanities.ucla.edu/DH101Fall12Lab1/archive/files/5abd6187a68bb40b4c46a8fc9850d23f.png',1,1,1,4,NULL,NULL),(78,110,1,5,NULL,1,'\"Archer\"',NULL,NULL,'2001',NULL,NULL,NULL,'<kml xmlns=\"http://earth.google.com/kml/2.0\"><Folder><name>OpenLayers export</name><description>Exported on Wed Nov 28 2012 11:36:54 GMT-0800 (Pacific Standard Time)</description><Placemark><name>OpenLayers.Feature.Vector_13171</name><description>No description available</description><Point><coordinates>-15355.557026459039,6712072.4273442505</coordinates></Point></Placemark></Folder></kml>',0,100,NULL,NULL,NULL,NULL,NULL,NULL,85,NULL,50,'http://dh101.humanities.ucla.edu/DH101Fall12Lab1/archive/files/e77c9cae69448b032108693250d60ff2.png',1,1,1,2,NULL,NULL),(79,111,1,5,NULL,1,'\"Lucida Grande\"',NULL,NULL,'1999',NULL,NULL,NULL,'<kml xmlns=\"http://earth.google.com/kml/2.0\"><Folder><name>OpenLayers export</name><description>Exported on Thu Nov 15 2012 19:01:38 GMT-0800 (Pacific Standard Time)</description><Placemark><name>OpenLayers.Feature.Vector_30120</name><description>No description available</description><Point><coordinates>-9245925.2044693,5210836.4276461</coordinates></Point></Placemark></Folder></kml>',0,100,NULL,NULL,NULL,NULL,NULL,NULL,85,NULL,50,'http://dh101.humanities.ucla.edu/DH101Fall12Lab1/archive/files/397f33f033ac28c97b9f58bb5b21b24b.png',1,1,1,23,NULL,NULL),(80,112,1,5,NULL,1,'\"Optima\"',NULL,NULL,'1952-1955',NULL,NULL,NULL,'<kml xmlns=\"http://earth.google.com/kml/2.0\"><Folder><name>OpenLayers export</name><description>Exported on Thu Nov 15 2012 19:01:38 GMT-0800 (Pacific Standard Time)</description><Placemark><name>OpenLayers.Feature.Vector_32056</name><description>No description available</description><Point><coordinates>965450.27678257,6466238.1800269</coordinates></Point></Placemark></Folder></kml>',0,100,NULL,NULL,NULL,NULL,NULL,NULL,85,NULL,50,'http://dh101.humanities.ucla.edu/DH101Fall12Lab1/archive/files/77914854c25adf611de3e5f85904f2cd.png',1,1,1,27,NULL,NULL),(81,113,1,5,NULL,1,'\"Eurostile\"',NULL,NULL,'1962',NULL,NULL,NULL,'<kml xmlns=\"http://earth.google.com/kml/2.0\"><Folder><name>OpenLayers export</name><description>Exported on Thu Nov 15 2012 19:01:38 GMT-0800 (Pacific Standard Time)</description><Placemark><name>OpenLayers.Feature.Vector_33898</name><description>No description available</description><Point><coordinates>854769.45984107,5632768.8237214</coordinates></Point></Placemark></Folder></kml>',0,100,NULL,NULL,NULL,NULL,NULL,NULL,85,NULL,50,'http://dh101.humanities.ucla.edu/DH101Fall12Lab1/archive/files/53f64f50e26e9a6f1fbbd24448d5f5f0.png',1,1,1,12,NULL,NULL),(82,115,1,5,NULL,1,'\"Univers\"',NULL,NULL,'1954',NULL,NULL,NULL,'<kml xmlns=\"http://earth.google.com/kml/2.0\"><Folder><name>OpenLayers export</name><description>Exported on Wed Nov 28 2012 11:36:54 GMT-0800 (Pacific Standard Time)</description><Placemark><name>OpenLayers.Feature.Vector_8679</name><description>No description available</description><Point><coordinates>259673.60423132192,6251893.077183026</coordinates></Point></Placemark></Folder></kml>',0,100,NULL,NULL,NULL,NULL,NULL,NULL,85,NULL,50,'http://dh101.humanities.ucla.edu/DH101Fall12Lab1/archive/files/d162ef5858b9a6ce925ff716a31c79fb.png',1,1,1,38,NULL,NULL),(83,116,1,5,NULL,1,'\"Akzidenz-Grotesk\"',NULL,NULL,'1896',NULL,NULL,NULL,'<kml xmlns=\"http://earth.google.com/kml/2.0\"><Folder><name>OpenLayers export</name><description>Exported on Wed Nov 28 2012 11:36:54 GMT-0800 (Pacific Standard Time)</description><Placemark><name>OpenLayers.Feature.Vector_37738</name><description>No description available</description><Point><coordinates>1492005.8553088065,6896119.13129637</coordinates></Point></Placemark></Folder></kml>',0,100,NULL,NULL,NULL,NULL,NULL,NULL,85,NULL,50,'http://dh101.humanities.ucla.edu/DH101Fall12Lab1/archive/files/385cb000a1a3611a406d771603bb87bd.png',1,1,1,1,NULL,NULL),(84,NULL,NULL,6,NULL,1,'test',NULL,NULL,NULL,NULL,NULL,NULL,'<kml xmlns=\"http://earth.google.com/kml/2.0\"><Folder><name>OpenLayers export</name><description>Exported on Fri Nov 30 2012 08:39:10 GMT-0800 (Pacific Standard Time)</description><Placemark><name>OpenLayers.Feature.Vector_203</name><description>No description available</description><Point><coordinates>498.12771560237,452.78011849901</coordinates></Point></Placemark></Folder></kml>',0,75,NULL,NULL,NULL,NULL,NULL,NULL,NULL,NULL,NULL,NULL,1,1,1,0,NULL,NULL),(85,8,NULL,6,NULL,1,NULL,NULL,NULL,NULL,NULL,NULL,NULL,NULL,0,100,NULL,NULL,NULL,NULL,NULL,NULL,NULL,NULL,NULL,NULL,1,1,1,1,NULL,NULL),(86,26,0,6,85,1,'\"Antique Black\"',NULL,'This is the alphabet of the font Antique Black, a modern typeface directly inspired by the early Blackletter of the 1300s.','5 ',NULL,NULL,NULL,'<kml xmlns=\"http://earth.google.com/kml/2.0\"><Folder><name>OpenLayers export</name><description>Exported on Thu Nov 08 2012 15:18:39 GMT-0800 (Pacific Standard Time)</description></Folder></kml>',0,100,NULL,NULL,NULL,NULL,NULL,NULL,NULL,NULL,NULL,NULL,1,1,1,2,NULL,NULL),(87,27,0,6,85,1,'Carolingian Minuscule',NULL,'An example of Carolingian Minuscule script. Developed in France during the 800s, Carolingian Minuscule was adopted as the standard script for Latin in Europe. This standard script ensured that all Europeans literate in Latin could read the same texts. ','800',NULL,NULL,NULL,'<kml xmlns=\"http://earth.google.com/kml/2.0\"><Folder><name>OpenLayers export</name><description>Exported on Thu Nov 08 2012 15:27:25 GMT-0800 (Pacific Standard Time)</description></Folder></kml>',0,100,NULL,NULL,NULL,NULL,NULL,NULL,NULL,NULL,NULL,NULL,1,1,1,3,NULL,NULL),(88,28,NULL,6,NULL,1,NULL,NULL,NULL,NULL,NULL,NULL,NULL,NULL,0,100,NULL,NULL,NULL,NULL,NULL,NULL,NULL,NULL,NULL,NULL,1,1,1,4,NULL,NULL),(89,30,0,6,88,1,'Merovingian Script',NULL,'Developed in France during the Merovingian Dynasty, Merovingian Script was the basis for Carolingian Minuscule. ','700',NULL,NULL,NULL,'<kml xmlns=\"http://earth.google.com/kml/2.0\"><Folder><name>OpenLayers export</name><description>Exported on Thu Nov 08 2012 16:59:27 GMT-0800 (Pacific Standard Time)</description></Folder></kml>',0,100,NULL,NULL,NULL,NULL,NULL,NULL,NULL,NULL,NULL,NULL,1,1,1,6,NULL,NULL),(90,34,NULL,6,NULL,1,NULL,NULL,NULL,NULL,NULL,NULL,NULL,NULL,0,100,NULL,NULL,NULL,NULL,NULL,NULL,NULL,NULL,NULL,NULL,1,1,1,7,NULL,NULL),(91,36,NULL,6,NULL,1,NULL,NULL,NULL,NULL,NULL,NULL,NULL,NULL,0,100,NULL,NULL,NULL,NULL,NULL,NULL,NULL,NULL,NULL,NULL,1,1,1,8,NULL,NULL),(92,38,NULL,6,NULL,1,NULL,NULL,NULL,NULL,NULL,NULL,NULL,NULL,0,100,NULL,NULL,NULL,NULL,NULL,NULL,NULL,NULL,NULL,NULL,1,1,1,9,NULL,NULL),(93,61,NULL,6,NULL,1,NULL,NULL,NULL,NULL,NULL,NULL,NULL,NULL,0,100,NULL,NULL,NULL,NULL,NULL,NULL,NULL,NULL,NULL,NULL,1,1,1,5,NULL,NULL),(94,83,NULL,6,NULL,1,NULL,NULL,NULL,NULL,NULL,NULL,NULL,NULL,0,100,NULL,NULL,NULL,NULL,NULL,NULL,NULL,NULL,NULL,NULL,1,1,1,10,NULL,NULL),(95,NULL,NULL,6,NULL,1,NULL,NULL,NULL,NULL,NULL,NULL,NULL,NULL,0,100,NULL,NULL,NULL,NULL,NULL,NULL,NULL,NULL,NULL,NULL,0,0,0,NULL,NULL,NULL),(96,NULL,NULL,6,NULL,1,NULL,NULL,NULL,NULL,NULL,NULL,NULL,NULL,0,100,NULL,NULL,NULL,NULL,NULL,NULL,NULL,NULL,NULL,NULL,0,0,0,NULL,NULL,NULL);
/*!40000 ALTER TABLE `omeka_neatline_data_records` ENABLE KEYS */;
UNLOCK TABLES;

--
-- Table structure for table `omeka_neatline_exhibits`
--

DROP TABLE IF EXISTS `omeka_neatline_exhibits`;
/*!40101 SET @saved_cs_client     = @@character_set_client */;
/*!40101 SET character_set_client = utf8 */;
CREATE TABLE `omeka_neatline_exhibits` (
  `id` int(10) unsigned NOT NULL AUTO_INCREMENT,
  `added` timestamp NOT NULL DEFAULT CURRENT_TIMESTAMP,
  `modified` timestamp NULL DEFAULT NULL,
  `name` tinytext COLLATE utf8_unicode_ci,
  `description` text COLLATE utf8_unicode_ci,
  `slug` varchar(100) COLLATE utf8_unicode_ci NOT NULL,
  `public` tinyint(1) NOT NULL,
  `query` text COLLATE utf8_unicode_ci,
  `image_id` int(10) unsigned DEFAULT NULL,
  `top_element` enum('map','timeline') COLLATE utf8_unicode_ci DEFAULT 'map',
  `items_h_pos` enum('right','left') COLLATE utf8_unicode_ci DEFAULT 'right',
  `items_v_pos` enum('top','bottom') COLLATE utf8_unicode_ci DEFAULT 'bottom',
  `items_height` enum('full','partial') COLLATE utf8_unicode_ci DEFAULT 'partial',
  `is_map` tinyint(1) NOT NULL,
  `is_timeline` tinyint(1) NOT NULL,
  `is_items` tinyint(1) NOT NULL,
  `is_context_band` tinyint(1) NOT NULL,
  `h_percent` int(10) unsigned DEFAULT NULL,
  `v_percent` int(10) unsigned DEFAULT NULL,
  `default_map_bounds` varchar(100) COLLATE utf8_unicode_ci DEFAULT NULL,
  `default_map_zoom` int(10) unsigned DEFAULT NULL,
  `default_focus_date` varchar(100) COLLATE utf8_unicode_ci DEFAULT NULL,
  `default_timeline_zoom` int(10) unsigned DEFAULT NULL,
  `default_vector_color` tinytext COLLATE utf8_unicode_ci,
  `default_stroke_color` tinytext COLLATE utf8_unicode_ci,
  `default_highlight_color` tinytext COLLATE utf8_unicode_ci,
  `default_vector_opacity` int(10) unsigned DEFAULT NULL,
  `default_select_opacity` int(10) unsigned DEFAULT NULL,
  `default_stroke_opacity` int(10) unsigned DEFAULT NULL,
  `default_graphic_opacity` int(10) unsigned DEFAULT NULL,
  `default_stroke_width` int(10) unsigned DEFAULT NULL,
  `default_point_radius` int(10) unsigned DEFAULT NULL,
  `default_base_layer` int(10) unsigned DEFAULT NULL,
  `default_context_band_unit` enum('hour','day','week','month','year','decade','century') COLLATE utf8_unicode_ci DEFAULT 'decade',
  `default_context_band_height` int(10) unsigned DEFAULT NULL,
  `creator_id` int(10) unsigned NOT NULL,
  PRIMARY KEY (`id`)
) ENGINE=InnoDB AUTO_INCREMENT=7 DEFAULT CHARSET=utf8 COLLATE=utf8_unicode_ci;
/*!40101 SET character_set_client = @saved_cs_client */;

--
-- Dumping data for table `omeka_neatline_exhibits`
--

LOCK TABLES `omeka_neatline_exhibits` WRITE;
/*!40000 ALTER TABLE `omeka_neatline_exhibits` DISABLE KEYS */;
INSERT INTO `omeka_neatline_exhibits` VALUES (5,'2012-11-09 03:27:28','2012-11-28 19:46:09','Tracing the Development of Typography','<p>View the development of tyopgraphy from a geographical perspective. This map marks the origins of various significant fonts in the history of typography.</p>','tracing-the-development-of-typography',1,'a:11:{s:6:\"search\";s:0:\"\";s:8:\"advanced\";a:1:{i:0;a:3:{s:10:\"element_id\";s:0:\"\";s:4:\"type\";s:0:\"\";s:5:\"terms\";s:0:\"\";}}s:5:\"range\";s:0:\"\";s:10:\"collection\";s:0:\"\";s:4:\"type\";s:0:\"\";s:4:\"user\";s:0:\"\";s:4:\"tags\";s:8:\"timeline\";s:6:\"public\";s:0:\"\";s:8:\"featured\";s:0:\"\";s:7:\"exhibit\";s:0:\"\";s:13:\"submit_search\";s:6:\"Search\";}',0,'map','right','bottom','full',1,1,1,1,24,84,'454850.92790715, 3843225.1177582',3,'Wed Jan 01 -3000 05:21:03 GMT-0800 (Pacific Standard Time)',15,NULL,NULL,NULL,NULL,NULL,NULL,NULL,NULL,NULL,4,'century',NULL,3),(6,'2012-11-14 21:38:19','2012-11-30 16:39:32','Testing','<p><span>\"Lorem ipsum dolor sit amet, consectetur adipisicing elit, sed do eiusmod tempor incididunt ut labore et dolore magna aliqua. Ut enim ad minim veniam, quis nostrud exercitation ullamco laboris nisi ut aliquip ex ea commodo consequat. Duis aute irure dolor in reprehenderit in voluptate velit esse cillum dolore eu fugiat nulla pariatur. Excepteur sint occaecat cupidatat non proident, sunt in culpa qui officia deserunt mollit anim id est laborum.\"</span></p>','testing',1,'a:11:{s:6:\"search\";s:0:\"\";s:8:\"advanced\";a:1:{i:0;a:3:{s:10:\"element_id\";s:0:\"\";s:4:\"type\";s:0:\"\";s:5:\"terms\";s:0:\"\";}}s:5:\"range\";s:0:\"\";s:10:\"collection\";s:1:\"2\";s:4:\"type\";s:0:\"\";s:4:\"user\";s:0:\"\";s:4:\"tags\";s:0:\"\";s:6:\"public\";s:0:\"\";s:8:\"featured\";s:0:\"\";s:7:\"exhibit\";s:0:\"\";s:13:\"submit_search\";s:6:\"Search\";}',31,'map','left','bottom','full',1,1,1,1,16,84,'722, 450.5',0,NULL,0,NULL,NULL,'#3ac796',NULL,NULL,NULL,NULL,NULL,NULL,2,NULL,NULL,1);
/*!40000 ALTER TABLE `omeka_neatline_exhibits` ENABLE KEYS */;
UNLOCK TABLES;

--
-- Table structure for table `omeka_neatline_features`
--

DROP TABLE IF EXISTS `omeka_neatline_features`;
/*!40101 SET @saved_cs_client     = @@character_set_client */;
/*!40101 SET character_set_client = utf8 */;
CREATE TABLE `omeka_neatline_features` (
  `id` int(10) unsigned NOT NULL AUTO_INCREMENT,
  `added` timestamp NOT NULL DEFAULT CURRENT_TIMESTAMP,
  `item_id` int(10) unsigned NOT NULL,
  `element_text_id` int(10) unsigned NOT NULL,
  `is_map` tinyint(1) NOT NULL DEFAULT '0',
  `geo` text COLLATE utf8_unicode_ci,
  `zoom` smallint(2) NOT NULL DEFAULT '3',
  `center_lon` decimal(20,7) NOT NULL DEFAULT '0.0000000',
  `center_lat` decimal(20,7) NOT NULL DEFAULT '0.0000000',
  `base_layer` varchar(6) COLLATE utf8_unicode_ci DEFAULT NULL,
  PRIMARY KEY (`id`),
  KEY `item_id` (`item_id`,`element_text_id`)
) ENGINE=InnoDB AUTO_INCREMENT=287 DEFAULT CHARSET=utf8 COLLATE=utf8_unicode_ci;
/*!40101 SET character_set_client = @saved_cs_client */;

--
-- Dumping data for table `omeka_neatline_features`
--

LOCK TABLES `omeka_neatline_features` WRITE;
/*!40000 ALTER TABLE `omeka_neatline_features` DISABLE KEYS */;
INSERT INTO `omeka_neatline_features` VALUES (79,'2012-11-08 23:25:54',26,2257,0,'<kml xmlns=\"http://earth.google.com/kml/2.0\"><Folder><name>OpenLayers export</name><description>Exported on Thu Nov 08 2012 15:18:39 GMT-0800 (Pacific Standard Time)</description></Folder></kml>',0,0.0000000,0.0000000,'osm'),(140,'2012-11-09 05:16:33',101,2941,0,'<kml xmlns=\"http://earth.google.com/kml/2.0\"><Folder><name>OpenLayers export</name><description>Exported on Thu Nov 08 2012 15:25:55 GMT-0800 (Pacific Standard Time)</description></Folder></kml>',0,0.0000000,0.0000000,'osm'),(141,'2012-11-09 05:17:25',98,2950,0,'<kml xmlns=\"http://earth.google.com/kml/2.0\"><Folder><name>OpenLayers export</name><description>Exported on Thu Nov 08 2012 15:10:20 GMT-0800 (Pacific Standard Time)</description></Folder></kml>',0,0.0000000,0.0000000,'osm'),(142,'2012-11-09 05:19:15',79,2986,0,'<kml xmlns=\"http://earth.google.com/kml/2.0\"><Folder><name>OpenLayers export</name><description>Exported on Wed Nov 7 10:24:20 PST 2012</description></Folder></kml>',0,0.0000000,0.0000000,'osm'),(143,'2012-11-09 05:19:44',37,2994,0,'<kml xmlns=\"http://earth.google.com/kml/2.0\"><Folder><name>OpenLayers export</name><description>Exported on Thu Nov 08 2012 21:08:49 GMT-0800 (Pacific Standard Time)</description></Folder></kml>',0,0.0000000,0.0000000,'osm'),(144,'2012-11-09 05:20:02',35,3004,0,'<kml xmlns=\"http://earth.google.com/kml/2.0\"><Folder><name>OpenLayers export</name><description>Exported on Thu Nov 08 2012 21:10:56 GMT-0800 (Pacific Standard Time)</description></Folder></kml>',0,0.0000000,0.0000000,'osm'),(154,'2012-11-09 14:42:09',45,3229,0,'<kml xmlns=\"http://earth.google.com/kml/2.0\"><Folder><name>OpenLayers export</name><description>Exported on Fri Nov 09 2012 06:41:27 GMT-0800 (PST)</description></Folder></kml>',0,0.0000000,0.0000000,'osm'),(159,'2012-11-09 16:38:36',136,3267,0,'<kml xmlns=\"http://earth.google.com/kml/2.0\"><Folder><name>OpenLayers export</name><description>Exported on Fri Nov 09 2012 08:36:00 GMT-0800 (PST)</description></Folder></kml>',0,0.0000000,0.0000000,'osm'),(167,'2012-11-09 16:46:21',138,3316,0,'<kml xmlns=\"http://earth.google.com/kml/2.0\"><Folder><name>OpenLayers export</name><description>Exported on Fri Nov 09 2012 08:42:55 GMT-0800 (PST)</description></Folder></kml>',0,0.0000000,0.0000000,'osm'),(169,'2012-11-09 16:47:31',137,3330,0,'<kml xmlns=\"http://earth.google.com/kml/2.0\"><Folder><name>OpenLayers export</name><description>Exported on Fri Nov 09 2012 08:40:19 GMT-0800 (PST)</description></Folder></kml>',0,0.0000000,0.0000000,'osm'),(170,'2012-11-09 16:50:49',139,3337,0,'<kml xmlns=\"http://earth.google.com/kml/2.0\"><Folder><name>OpenLayers export</name><description>Exported on Fri Nov 09 2012 08:47:46 GMT-0800 (PST)</description></Folder></kml>',0,0.0000000,0.0000000,'osm'),(172,'2012-11-09 16:57:24',141,3348,0,'<kml xmlns=\"http://earth.google.com/kml/2.0\"><Folder><name>OpenLayers export</name><description>Exported on Fri Nov 09 2012 08:55:31 GMT-0800 (PST)</description></Folder></kml>',0,0.0000000,0.0000000,'osm'),(174,'2012-11-09 17:00:52',140,3360,0,'<kml xmlns=\"http://earth.google.com/kml/2.0\"><Folder><name>OpenLayers export</name><description>Exported on Fri Nov 09 2012 08:51:48 GMT-0800 (PST)</description></Folder></kml>',0,0.0000000,0.0000000,'osm'),(175,'2012-11-16 02:42:23',39,3369,1,'<kml xmlns=\"http://earth.google.com/kml/2.0\"><Folder><name>OpenLayers export</name><description>Exported on Thu Nov 15 2012 18:41:06 GMT-0800 (Pacific Standard Time)</description><Placemark><name>OpenLayers.Feature.Vector_213</name><description>No description available</description><Point><coordinates>259274.39990721,6251384.0988909</coordinates></Point></Placemark></Folder></kml>',5,278842.2791455,5901118.5827942,'stn'),(181,'2012-11-16 17:27:12',144,3431,0,'<kml xmlns=\"http://earth.google.com/kml/2.0\"><Folder><name>OpenLayers export</name><description>Exported on Thu Nov 15 2012 20:29:36 GMT-0800 (PST)</description></Folder></kml>',0,0.0000000,0.0000000,'osm'),(182,'2012-11-16 17:27:23',143,3439,0,'<kml xmlns=\"http://earth.google.com/kml/2.0\"><Folder><name>OpenLayers export</name><description>Exported on Thu Nov 15 2012 20:24:53 GMT-0800 (PST)</description></Folder></kml>',0,0.0000000,0.0000000,'osm'),(183,'2012-11-16 17:27:50',127,3447,0,'<kml xmlns=\"http://earth.google.com/kml/2.0\"><Folder><name>OpenLayers export</name><description>Exported on Thu Nov 08 2012 20:57:43 GMT-0800 (PST)</description></Folder></kml>',0,0.0000000,0.0000000,'osm'),(184,'2012-11-16 17:27:58',126,3456,0,'<kml xmlns=\"http://earth.google.com/kml/2.0\"><Folder><name>OpenLayers export</name><description>Exported on Thu Nov 08 2012 20:55:33 GMT-0800 (PST)</description></Folder></kml>',0,0.0000000,0.0000000,'osm'),(185,'2012-11-16 17:28:05',125,3464,0,'<kml xmlns=\"http://earth.google.com/kml/2.0\"><Folder><name>OpenLayers export</name><description>Exported on Thu Nov 08 2012 20:50:24 GMT-0800 (PST)</description></Folder></kml>',0,0.0000000,0.0000000,'osm'),(186,'2012-11-16 17:28:13',124,3473,0,'<kml xmlns=\"http://earth.google.com/kml/2.0\"><Folder><name>OpenLayers export</name><description>Exported on Thu Nov 08 2012 20:17:05 GMT-0800 (PST)</description></Folder></kml>',0,0.0000000,0.0000000,'osm'),(187,'2012-11-16 17:28:21',123,3482,0,'<kml xmlns=\"http://earth.google.com/kml/2.0\"><Folder><name>OpenLayers export</name><description>Exported on Thu Nov 08 2012 20:14:35 GMT-0800 (PST)</description></Folder></kml>',0,0.0000000,0.0000000,'osm'),(188,'2012-11-16 17:28:28',122,3491,0,'<kml xmlns=\"http://earth.google.com/kml/2.0\"><Folder><name>OpenLayers export</name><description>Exported on Thu Nov 08 2012 20:10:17 GMT-0800 (PST)</description></Folder></kml>',0,0.0000000,0.0000000,'osm'),(189,'2012-11-16 17:28:35',121,3500,0,'<kml xmlns=\"http://earth.google.com/kml/2.0\"><Folder><name>OpenLayers export</name><description>Exported on Thu Nov 08 2012 20:06:13 GMT-0800 (PST)</description></Folder></kml>',0,0.0000000,0.0000000,'osm'),(190,'2012-11-16 17:28:42',120,3509,0,'<kml xmlns=\"http://earth.google.com/kml/2.0\"><Folder><name>OpenLayers export</name><description>Exported on Thu Nov 08 2012 20:00:57 GMT-0800 (PST)</description></Folder></kml>',0,0.0000000,0.0000000,'osm'),(191,'2012-11-16 17:28:49',119,3518,0,'<kml xmlns=\"http://earth.google.com/kml/2.0\"><Folder><name>OpenLayers export</name><description>Exported on Thu Nov 08 2012 19:49:08 GMT-0800 (PST)</description></Folder></kml>',0,0.0000000,0.0000000,'osm'),(192,'2012-11-16 17:28:56',118,3526,0,'<kml xmlns=\"http://earth.google.com/kml/2.0\"><Folder><name>OpenLayers export</name><description>Exported on Thu Nov 08 2012 19:42:56 GMT-0800 (PST)</description></Folder></kml>',0,0.0000000,0.0000000,'osm'),(194,'2012-11-16 17:29:10',116,3545,0,'<kml xmlns=\"http://earth.google.com/kml/2.0\"><Folder><name>OpenLayers export</name><description>Exported on Thu Nov 08 2012 18:22:30 GMT-0800 (PST)</description></Folder></kml>',0,0.0000000,0.0000000,'osm'),(195,'2012-11-16 17:29:19',115,3553,0,'<kml xmlns=\"http://earth.google.com/kml/2.0\"><Folder><name>OpenLayers export</name><description>Exported on Thu Nov 08 2012 18:15:37 GMT-0800 (PST)</description></Folder></kml>',0,0.0000000,0.0000000,'osm'),(196,'2012-11-16 17:29:27',113,3561,0,'<kml xmlns=\"http://earth.google.com/kml/2.0\"><Folder><name>OpenLayers export</name><description>Exported on Thu Nov 08 2012 18:13:09 GMT-0800 (PST)</description></Folder></kml>',0,0.0000000,0.0000000,'osm'),(198,'2012-11-16 17:29:50',112,3577,0,'<kml xmlns=\"http://earth.google.com/kml/2.0\"><Folder><name>OpenLayers export</name><description>Exported on Thu Nov 08 2012 18:10:46 GMT-0800 (PST)</description></Folder></kml>',0,0.0000000,0.0000000,'osm'),(199,'2012-11-16 17:29:57',111,3586,0,'<kml xmlns=\"http://earth.google.com/kml/2.0\"><Folder><name>OpenLayers export</name><description>Exported on Thu Nov 08 2012 18:01:25 GMT-0800 (PST)</description></Folder></kml>',0,0.0000000,0.0000000,'osm'),(200,'2012-11-16 17:30:06',110,3594,0,'<kml xmlns=\"http://earth.google.com/kml/2.0\"><Folder><name>OpenLayers export</name><description>Exported on Thu Nov 08 2012 16:29:30 GMT-0800 (PST)</description></Folder></kml>',0,0.0000000,0.0000000,'osm'),(201,'2012-11-16 17:30:13',109,3602,0,'<kml xmlns=\"http://earth.google.com/kml/2.0\"><Folder><name>OpenLayers export</name><description>Exported on Thu Nov 08 2012 16:29:29 GMT-0800 (PST)</description></Folder></kml>',0,0.0000000,0.0000000,'osm'),(202,'2012-11-16 17:30:21',108,3610,0,'<kml xmlns=\"http://earth.google.com/kml/2.0\"><Folder><name>OpenLayers export</name><description>Exported on Thu Nov 08 2012 16:28:49 GMT-0800 (PST)</description></Folder></kml>',0,0.0000000,0.0000000,'osm'),(203,'2012-11-16 17:30:28',107,3618,0,'<kml xmlns=\"http://earth.google.com/kml/2.0\"><Folder><name>OpenLayers export</name><description>Exported on Thu Nov 08 2012 16:29:28 GMT-0800 (PST)</description></Folder></kml>',0,0.0000000,0.0000000,'osm'),(204,'2012-11-16 17:30:35',106,3626,0,'<kml xmlns=\"http://earth.google.com/kml/2.0\"><Folder><name>OpenLayers export</name><description>Exported on Thu Nov 08 2012 16:29:26 GMT-0800 (PST)</description></Folder></kml>',0,0.0000000,0.0000000,'osm'),(205,'2012-11-16 17:30:42',105,3635,0,'<kml xmlns=\"http://earth.google.com/kml/2.0\"><Folder><name>OpenLayers export</name><description>Exported on Thu Nov 08 2012 16:08:12 GMT-0800 (PST)</description></Folder></kml>',0,0.0000000,0.0000000,'osm'),(206,'2012-11-16 17:30:48',104,3643,0,'<kml xmlns=\"http://earth.google.com/kml/2.0\"><Folder><name>OpenLayers export</name><description>Exported on Thu Nov 08 2012 15:49:38 GMT-0800 (PST)</description></Folder></kml>',0,0.0000000,0.0000000,'osm'),(207,'2012-11-16 17:30:56',103,3651,0,'<kml xmlns=\"http://earth.google.com/kml/2.0\"><Folder><name>OpenLayers export</name><description>Exported on Thu Nov 08 2012 15:43:49 GMT-0800 (PST)</description></Folder></kml>',0,0.0000000,0.0000000,'osm'),(208,'2012-11-16 17:31:20',99,3667,0,'<kml xmlns=\"http://earth.google.com/kml/2.0\"><Folder><name>OpenLayers export</name><description>Exported on Thu Nov 08 2012 15:08:41 GMT-0800 (PST)</description></Folder></kml>',0,0.0000000,0.0000000,'osm'),(209,'2012-11-16 17:31:52',92,3684,0,'<kml xmlns=\"http://earth.google.com/kml/2.0\"><Folder><name>OpenLayers export</name><description>Exported on Thu Nov 08 2012 11:52:10 GMT-0800 (PST)</description></Folder></kml>',0,0.0000000,0.0000000,'osm'),(210,'2012-11-16 17:31:59',91,3692,0,'<kml xmlns=\"http://earth.google.com/kml/2.0\"><Folder><name>OpenLayers export</name><description>Exported on Thu Nov 08 2012 10:03:30 GMT-0800 (PST)</description></Folder></kml>',0,0.0000000,0.0000000,'osm'),(211,'2012-11-16 17:32:05',90,3701,0,'<kml xmlns=\"http://earth.google.com/kml/2.0\"><Folder><name>OpenLayers export</name><description>Exported on Thu Nov 08 2012 08:27:01 GMT-0800 (PST)</description></Folder></kml>',0,0.0000000,0.0000000,'osm'),(212,'2012-11-16 17:32:13',89,3711,0,'<kml xmlns=\"http://earth.google.com/kml/2.0\"><Folder><name>OpenLayers export</name><description>Exported on Thu Nov 08 2012 08:26:55 GMT-0800 (PST)</description></Folder></kml>',0,0.0000000,0.0000000,'osm'),(213,'2012-11-16 17:32:21',88,3722,0,'<kml xmlns=\"http://earth.google.com/kml/2.0\"><Folder><name>OpenLayers export</name><description>Exported on Thu Nov 08 2012 08:26:53 GMT-0800 (PST)</description></Folder></kml>',0,0.0000000,0.0000000,'osm'),(214,'2012-11-16 17:32:28',87,3730,0,'<kml xmlns=\"http://earth.google.com/kml/2.0\"><Folder><name>OpenLayers export</name><description>Exported on Thu Nov 08 2012 08:26:52 GMT-0800 (PST)</description></Folder></kml>',0,0.0000000,0.0000000,'osm'),(215,'2012-11-16 17:32:35',86,3742,0,'<kml xmlns=\"http://earth.google.com/kml/2.0\"><Folder><name>OpenLayers export</name><description>Exported on Thu Nov 08 2012 08:26:50 GMT-0800 (PST)</description></Folder></kml>',0,0.0000000,0.0000000,'osm'),(216,'2012-11-16 17:32:42',85,3752,0,'<kml xmlns=\"http://earth.google.com/kml/2.0\"><Folder><name>OpenLayers export</name><description>Exported on Wed Nov 07 2012 21:52:18 GMT-0800 (PST)</description></Folder></kml>',0,0.0000000,0.0000000,'osm'),(217,'2012-11-16 17:32:58',78,3761,0,'<kml xmlns=\"http://earth.google.com/kml/2.0\"><Folder><name>OpenLayers export</name><description>Exported on Wed Nov 07 2012 20:51:26 GMT-0800 (PST)</description></Folder></kml>',0,0.0000000,0.0000000,'osm'),(218,'2012-11-16 17:33:05',77,3769,0,'<kml xmlns=\"http://earth.google.com/kml/2.0\"><Folder><name>OpenLayers export</name><description>Exported on Wed Nov 07 2012 21:06:38 GMT-0800 (PST)</description></Folder></kml>',0,0.0000000,0.0000000,'osm'),(219,'2012-11-16 17:33:12',76,3777,0,'<kml xmlns=\"http://earth.google.com/kml/2.0\"><Folder><name>OpenLayers export</name><description>Exported on Wed Nov 07 2012 21:06:45 GMT-0800 (PST)</description></Folder></kml>',0,0.0000000,0.0000000,'osm'),(220,'2012-11-16 17:33:21',75,3785,0,'<kml xmlns=\"http://earth.google.com/kml/2.0\"><Folder><name>OpenLayers export</name><description>Exported on Wed Nov 07 2012 21:06:48 GMT-0800 (PST)</description></Folder></kml>',0,0.0000000,0.0000000,'osm'),(221,'2012-11-16 17:33:28',74,3793,0,'<kml xmlns=\"http://earth.google.com/kml/2.0\"><Folder><name>OpenLayers export</name><description>Exported on Wed Nov 07 2012 21:06:58 GMT-0800 (PST)</description></Folder></kml>',0,0.0000000,0.0000000,'osm'),(222,'2012-11-16 17:33:36',73,3801,0,'<kml xmlns=\"http://earth.google.com/kml/2.0\"><Folder><name>OpenLayers export</name><description>Exported on Wed Nov 07 2012 21:07:01 GMT-0800 (PST)</description></Folder></kml>',0,0.0000000,0.0000000,'osm'),(223,'2012-11-16 17:33:43',72,3809,0,'<kml xmlns=\"http://earth.google.com/kml/2.0\"><Folder><name>OpenLayers export</name><description>Exported on Wed Nov 07 2012 21:07:03 GMT-0800 (PST)</description></Folder></kml>',0,0.0000000,0.0000000,'osm'),(224,'2012-11-16 17:33:55',71,3817,0,'<kml xmlns=\"http://earth.google.com/kml/2.0\"><Folder><name>OpenLayers export</name><description>Exported on Wed Nov 07 2012 21:07:06 GMT-0800 (PST)</description></Folder></kml>',0,0.0000000,0.0000000,'osm'),(225,'2012-11-16 17:34:06',70,3825,0,'<kml xmlns=\"http://earth.google.com/kml/2.0\"><Folder><name>OpenLayers export</name><description>Exported on Wed Nov 07 2012 21:07:10 GMT-0800 (PST)</description></Folder></kml>',0,0.0000000,0.0000000,'osm'),(226,'2012-11-16 17:34:13',69,3833,0,'<kml xmlns=\"http://earth.google.com/kml/2.0\"><Folder><name>OpenLayers export</name><description>Exported on Wed Nov 07 2012 21:07:13 GMT-0800 (PST)</description></Folder></kml>',0,0.0000000,0.0000000,'osm'),(227,'2012-11-16 17:34:21',68,3841,0,'<kml xmlns=\"http://earth.google.com/kml/2.0\"><Folder><name>OpenLayers export</name><description>Exported on Wed Nov 07 2012 21:07:15 GMT-0800 (PST)</description></Folder></kml>',0,0.0000000,0.0000000,'osm'),(228,'2012-11-16 17:34:28',67,3849,0,'<kml xmlns=\"http://earth.google.com/kml/2.0\"><Folder><name>OpenLayers export</name><description>Exported on Wed Nov 07 2012 21:07:17 GMT-0800 (PST)</description></Folder></kml>',0,0.0000000,0.0000000,'osm'),(229,'2012-11-16 17:34:35',66,3857,0,'<kml xmlns=\"http://earth.google.com/kml/2.0\"><Folder><name>OpenLayers export</name><description>Exported on Wed Nov 07 2012 21:07:22 GMT-0800 (PST)</description></Folder></kml>',0,0.0000000,0.0000000,'osm'),(230,'2012-11-16 17:34:42',65,3866,0,'<kml xmlns=\"http://earth.google.com/kml/2.0\"><Folder><name>OpenLayers export</name><description>Exported on Tue Nov 06 2012 08:18:15 GMT-0800 (PST)</description></Folder></kml>',0,0.0000000,0.0000000,'osm'),(231,'2012-11-16 17:34:50',64,3875,0,'<kml xmlns=\"http://earth.google.com/kml/2.0\"><Folder><name>OpenLayers export</name><description>Exported on Tue Nov 06 2012 08:12:35 GMT-0800 (PST)</description></Folder></kml>',0,0.0000000,0.0000000,'osm'),(232,'2012-11-16 17:34:55',63,3884,0,'<kml xmlns=\"http://earth.google.com/kml/2.0\"><Folder><name>OpenLayers export</name><description>Exported on Tue Nov 06 2012 08:05:27 GMT-0800 (PST)</description></Folder></kml>',0,0.0000000,0.0000000,'osm'),(233,'2012-11-16 17:35:07',62,3894,0,'<kml xmlns=\"http://earth.google.com/kml/2.0\"><Folder><name>OpenLayers export</name><description>Exported on Tue Nov 06 2012 07:28:53 GMT-0800 (PST)</description></Folder></kml>',0,0.0000000,0.0000000,'osm'),(234,'2012-11-16 17:35:15',61,3902,0,'<kml xmlns=\"http://earth.google.com/kml/2.0\"><Folder><name>OpenLayers export</name><description>Exported on Tue Nov 06 2012 07:47:00 GMT-0800 (PST)</description></Folder></kml>',0,0.0000000,0.0000000,'osm'),(235,'2012-11-16 17:35:24',60,3911,0,'<kml xmlns=\"http://earth.google.com/kml/2.0\"><Folder><name>OpenLayers export</name><description>Exported on Mon Nov 05 2012 21:20:38 GMT-0800 (PST)</description></Folder></kml>',0,0.0000000,0.0000000,'osm'),(236,'2012-11-16 17:35:31',59,3918,0,'<kml xmlns=\"http://earth.google.com/kml/2.0\"><Folder><name>OpenLayers export</name><description>Exported on Mon Nov 05 2012 21:01:15 GMT-0800 (PST)</description></Folder></kml>',0,0.0000000,0.0000000,'osm'),(237,'2012-11-16 17:35:39',58,3925,0,'<kml xmlns=\"http://earth.google.com/kml/2.0\"><Folder><name>OpenLayers export</name><description>Exported on Mon Nov 05 2012 20:41:02 GMT-0800 (PST)</description></Folder></kml>',0,0.0000000,0.0000000,'osm'),(238,'2012-11-16 17:35:46',57,3935,0,'<kml xmlns=\"http://earth.google.com/kml/2.0\"><Folder><name>OpenLayers export</name><description>Exported on Mon Nov 05 2012 19:45:00 GMT-0800 (PST)</description></Folder></kml>',0,0.0000000,0.0000000,'osm'),(239,'2012-11-16 17:35:54',56,3945,0,'<kml xmlns=\"http://earth.google.com/kml/2.0\"><Folder><name>OpenLayers export</name><description>Exported on Mon Nov 05 2012 19:28:01 GMT-0800 (PST)</description></Folder></kml>',0,0.0000000,0.0000000,'osm'),(240,'2012-11-16 17:36:00',55,3955,0,'<kml xmlns=\"http://earth.google.com/kml/2.0\"><Folder><name>OpenLayers export</name><description>Exported on Mon Nov 05 2012 19:09:07 GMT-0800 (PST)</description></Folder></kml>',0,0.0000000,0.0000000,'osm'),(241,'2012-11-16 17:36:11',43,3965,0,'<kml xmlns=\"http://earth.google.com/kml/2.0\"><Folder><name>OpenLayers export</name><description>Exported on Fri Oct 26 2012 21:04:19 GMT-0700 (PDT)</description></Folder></kml>',0,0.0000000,0.0000000,'osm'),(242,'2012-11-16 17:36:21',42,3975,0,'<kml xmlns=\"http://earth.google.com/kml/2.0\"><Folder><name>OpenLayers export</name><description>Exported on Mon Nov 05 2012 13:48:02 GMT-0800 (Pacific Standard Time)</description></Folder></kml>',0,0.0000000,0.0000000,'osm'),(243,'2012-11-16 17:36:21',42,3976,1,'<kml xmlns=\"http://earth.google.com/kml/2.0\"><Folder><name>OpenLayers export</name><description>Exported on Mon Nov 05 2012 13:48:02 GMT-0800 (Pacific Standard Time)</description><Placemark><name>OpenLayers.Feature.Vector_419</name><description>No description available</description><Point><coordinates>-7938138.260367,5206583.0800062</coordinates></Point></Placemark></Folder></kml>',0,0.0000000,0.0000000,'osm'),(244,'2012-11-16 17:36:30',41,3986,0,'<kml xmlns=\"http://earth.google.com/kml/2.0\"><Folder><name>OpenLayers export</name><description>Exported on Fri Oct 26 2012 21:25:29 GMT-0700 (PDT)</description></Folder></kml>',0,0.0000000,0.0000000,'osm'),(245,'2012-11-16 17:36:36',40,3996,0,'<kml xmlns=\"http://earth.google.com/kml/2.0\"><Folder><name>OpenLayers export</name><description>Exported on Fri Oct 26 2012 21:31:18 GMT-0700 (PDT)</description></Folder></kml>',0,0.0000000,0.0000000,'osm'),(246,'2012-11-21 22:16:02',100,4024,0,'<kml xmlns=\"http://earth.google.com/kml/2.0\"><Folder><name>OpenLayers export</name><description>Exported on Thu Nov 08 2012 15:15:54 GMT-0800 (Pacific Standard Time)</description></Folder></kml>',0,0.0000000,0.0000000,'osm'),(247,'2012-11-22 00:21:29',142,4031,0,'<kml xmlns=\"http://earth.google.com/kml/2.0\"><Folder><name>OpenLayers export</name><description>Exported on Fri Nov 09 2012 08:57:46 GMT-0800 (PST)</description></Folder></kml>',0,0.0000000,0.0000000,'osm'),(248,'2012-11-22 00:23:25',135,4038,0,'<kml xmlns=\"http://earth.google.com/kml/2.0\"><Folder><name>OpenLayers export</name><description>Exported on Fri Nov 09 2012 07:12:08 GMT-0800 (PST)</description></Folder></kml>',0,0.0000000,0.0000000,'osm'),(249,'2012-11-22 00:39:01',13,4045,0,'<kml xmlns=\"http://earth.google.com/kml/2.0\"><Folder><name>OpenLayers export</name><description>Exported on Wed Nov 21 2012 16:36:30 GMT-0800 (PST)</description></Folder></kml>',0,0.0000000,0.0000000,'osm'),(250,'2012-11-22 00:41:31',46,4052,0,'<kml xmlns=\"http://earth.google.com/kml/2.0\"><Folder><name>OpenLayers export</name><description>Exported on Fri Nov 09 2012 07:28:44 GMT-0800 (PST)</description></Folder></kml>',0,0.0000000,0.0000000,'osm'),(251,'2012-11-22 00:43:13',10,4058,0,'<kml xmlns=\"http://earth.google.com/kml/2.0\"><Folder><name>OpenLayers export</name><description>Exported on Wed Nov 21 2012 16:41:47 GMT-0800 (PST)</description></Folder></kml>',0,0.0000000,0.0000000,'osm'),(252,'2012-11-22 00:48:46',44,4065,0,'<kml xmlns=\"http://earth.google.com/kml/2.0\"><Folder><name>OpenLayers export</name><description>Exported on Fri Nov 09 2012 07:34:41 GMT-0800 (PST)</description></Folder></kml>',0,0.0000000,0.0000000,'osm'),(254,'2012-11-27 20:40:26',117,4090,0,'<kml xmlns=\"http://earth.google.com/kml/2.0\"><Folder><name>OpenLayers export</name><description>Exported on Thu Nov 08 2012 18:23:44 GMT-0800 (Pacific Standard Time)</description></Folder></kml>',0,0.0000000,0.0000000,'osm'),(256,'2012-11-27 20:41:07',97,4107,0,'<kml xmlns=\"http://earth.google.com/kml/2.0\"><Folder><name>OpenLayers export</name><description>Exported on Thu Nov 08 2012 15:51:10 GMT-0800 (Pacific Standard Time)</description></Folder></kml>',0,0.0000000,0.0000000,'osm'),(257,'2012-11-27 20:41:21',96,4115,0,'<kml xmlns=\"http://earth.google.com/kml/2.0\"><Folder><name>OpenLayers export</name><description>Exported on Thu Nov 08 2012 15:52:13 GMT-0800 (Pacific Standard Time)</description></Folder></kml>',0,0.0000000,0.0000000,'osm'),(258,'2012-11-27 20:41:33',95,4123,0,'<kml xmlns=\"http://earth.google.com/kml/2.0\"><Folder><name>OpenLayers export</name><description>Exported on Thu Nov 08 2012 15:54:09 GMT-0800 (Pacific Standard Time)</description></Folder></kml>',0,0.0000000,0.0000000,'osm'),(259,'2012-11-27 20:41:44',94,4131,0,'<kml xmlns=\"http://earth.google.com/kml/2.0\"><Folder><name>OpenLayers export</name><description>Exported on Thu Nov 08 2012 16:01:14 GMT-0800 (Pacific Standard Time)</description></Folder></kml>',0,0.0000000,0.0000000,'osm'),(260,'2012-11-27 20:41:55',84,4139,0,'<kml xmlns=\"http://earth.google.com/kml/2.0\"><Folder><name>OpenLayers export</name><description>Exported on Thu Nov 08 2012 16:02:20 GMT-0800 (Pacific Standard Time)</description></Folder></kml>',0,0.0000000,0.0000000,'osm'),(261,'2012-11-27 20:42:09',83,4147,0,'<kml xmlns=\"http://earth.google.com/kml/2.0\"><Folder><name>OpenLayers export</name><description>Exported on Thu Nov 08 2012 16:04:38 GMT-0800 (Pacific Standard Time)</description></Folder></kml>',0,0.0000000,0.0000000,'osm'),(262,'2012-11-27 20:42:26',38,4155,0,'<kml xmlns=\"http://earth.google.com/kml/2.0\"><Folder><name>OpenLayers export</name><description>Exported on Thu Nov 08 2012 16:06:17 GMT-0800 (Pacific Standard Time)</description></Folder></kml>',0,0.0000000,0.0000000,'osm'),(263,'2012-11-27 20:42:37',36,4163,0,'<kml xmlns=\"http://earth.google.com/kml/2.0\"><Folder><name>OpenLayers export</name><description>Exported on Thu Nov 08 2012 16:06:50 GMT-0800 (Pacific Standard Time)</description></Folder></kml>',0,0.0000000,0.0000000,'osm'),(264,'2012-11-27 20:42:49',34,4171,0,'<kml xmlns=\"http://earth.google.com/kml/2.0\"><Folder><name>OpenLayers export</name><description>Exported on Thu Nov 08 2012 17:00:27 GMT-0800 (Pacific Standard Time)</description></Folder></kml>',0,0.0000000,0.0000000,'osm'),(265,'2012-11-27 20:43:01',30,4179,0,'<kml xmlns=\"http://earth.google.com/kml/2.0\"><Folder><name>OpenLayers export</name><description>Exported on Thu Nov 08 2012 16:59:27 GMT-0800 (Pacific Standard Time)</description></Folder></kml>',0,0.0000000,0.0000000,'osm'),(266,'2012-11-27 20:43:15',27,4188,0,'<kml xmlns=\"http://earth.google.com/kml/2.0\"><Folder><name>OpenLayers export</name><description>Exported on Thu Nov 08 2012 15:27:25 GMT-0800 (Pacific Standard Time)</description></Folder></kml>',0,0.0000000,0.0000000,'osm'),(269,'2012-11-27 23:21:32',148,4242,0,'<kml xmlns=\"http://earth.google.com/kml/2.0\"><Folder><name>OpenLayers export</name><description>Exported on Tue Nov 27 2012 15:13:48 GMT-0800 (Pacific Standard Time)</description></Folder></kml>',0,0.0000000,0.0000000,'osm'),(272,'2012-11-27 23:42:21',149,4280,0,'<kml xmlns=\"http://earth.google.com/kml/2.0\"><Folder><name>OpenLayers export</name><description>Exported on Tue Nov 27 2012 15:34:34 GMT-0800 (Pacific Standard Time)</description></Folder></kml>',0,0.0000000,0.0000000,'osm'),(273,'2012-11-27 23:44:15',151,4294,0,'<kml xmlns=\"http://earth.google.com/kml/2.0\"><Folder><name>OpenLayers export</name><description>Exported on Tue Nov 27 2012 15:42:09 GMT-0800 (Pacific Standard Time)</description></Folder></kml>',0,0.0000000,0.0000000,'osm'),(274,'2012-11-27 23:45:58',152,4308,0,'<kml xmlns=\"http://earth.google.com/kml/2.0\"><Folder><name>OpenLayers export</name><description>Exported on Tue Nov 27 2012 15:44:01 GMT-0800 (Pacific Standard Time)</description></Folder></kml>',0,0.0000000,0.0000000,'osm'),(275,'2012-11-27 23:48:30',153,4322,0,'<kml xmlns=\"http://earth.google.com/kml/2.0\"><Folder><name>OpenLayers export</name><description>Exported on Tue Nov 27 2012 15:46:15 GMT-0800 (Pacific Standard Time)</description></Folder></kml>',0,0.0000000,0.0000000,'osm'),(276,'2012-11-27 23:49:15',150,4330,0,'<kml xmlns=\"http://earth.google.com/kml/2.0\"><Folder><name>OpenLayers export</name><description>Exported on Tue Nov 27 2012 15:48:19 GMT-0800 (Pacific Standard Time)</description></Folder></kml>',0,0.0000000,0.0000000,'osm'),(278,'2012-11-28 00:50:31',154,4351,0,'<kml xmlns=\"http://earth.google.com/kml/2.0\"><Folder><name>OpenLayers export</name><description>Exported on Tue Nov 27 2012 16:46:49 GMT-0800 (Pacific Standard Time)</description></Folder></kml>',0,0.0000000,0.0000000,'osm'),(281,'2012-11-28 08:18:07',158,4419,0,'<kml xmlns=\"http://earth.google.com/kml/2.0\"><Folder><name>OpenLayers export</name><description>Exported on Wed Nov 28 2012 00:12:15 GMT-0800 (Pacific Standard Time)</description></Folder></kml>',0,0.0000000,0.0000000,'osm'),(284,'2012-11-30 08:26:29',114,4864,0,'<kml xmlns=\"http://earth.google.com/kml/2.0\"><Folder><name>OpenLayers export</name><description>Exported on Thu Nov 08 2012 18:15:20 GMT-0800 (Pacific Standard Time)</description></Folder></kml>',0,0.0000000,0.0000000,'osm'),(285,'2012-11-30 08:27:04',156,4873,0,'<kml xmlns=\"http://earth.google.com/kml/2.0\"><Folder><name>OpenLayers export</name><description>Exported on Tue Nov 27 2012 20:07:24 GMT-0800 (Pacific Standard Time)</description></Folder></kml>',0,0.0000000,0.0000000,'osm'),(286,'2012-11-30 08:27:31',145,4883,0,'<kml xmlns=\"http://earth.google.com/kml/2.0\"><Folder><name>OpenLayers export</name><description>Exported on Sun Nov 25 2012 16:43:40 GMT-0800 (Pacific Standard Time)</description></Folder></kml>',0,0.0000000,0.0000000,'osm');
/*!40000 ALTER TABLE `omeka_neatline_features` ENABLE KEYS */;
UNLOCK TABLES;

--
-- Table structure for table `omeka_neatline_time_timelines`
--

DROP TABLE IF EXISTS `omeka_neatline_time_timelines`;
/*!40101 SET @saved_cs_client     = @@character_set_client */;
/*!40101 SET character_set_client = utf8 */;
CREATE TABLE `omeka_neatline_time_timelines` (
  `id` int(10) unsigned NOT NULL AUTO_INCREMENT,
  `title` tinytext COLLATE utf8_unicode_ci,
  `description` text COLLATE utf8_unicode_ci,
  `query` text COLLATE utf8_unicode_ci,
  `creator_id` int(10) unsigned NOT NULL,
  `public` tinyint(1) unsigned NOT NULL DEFAULT '0',
  `featured` tinyint(1) NOT NULL DEFAULT '0',
  `added` timestamp NOT NULL DEFAULT '0000-00-00 00:00:00',
  `modified` timestamp NOT NULL DEFAULT CURRENT_TIMESTAMP ON UPDATE CURRENT_TIMESTAMP,
  PRIMARY KEY (`id`)
) ENGINE=InnoDB DEFAULT CHARSET=utf8 COLLATE=utf8_unicode_ci;
/*!40101 SET character_set_client = @saved_cs_client */;

--
-- Dumping data for table `omeka_neatline_time_timelines`
--

LOCK TABLES `omeka_neatline_time_timelines` WRITE;
/*!40000 ALTER TABLE `omeka_neatline_time_timelines` DISABLE KEYS */;
/*!40000 ALTER TABLE `omeka_neatline_time_timelines` ENABLE KEYS */;
UNLOCK TABLES;

--
-- Table structure for table `omeka_options`
--

DROP TABLE IF EXISTS `omeka_options`;
/*!40101 SET @saved_cs_client     = @@character_set_client */;
/*!40101 SET character_set_client = utf8 */;
CREATE TABLE `omeka_options` (
  `id` int(10) unsigned NOT NULL AUTO_INCREMENT,
  `name` varchar(200) COLLATE utf8_unicode_ci NOT NULL,
  `value` text COLLATE utf8_unicode_ci,
  PRIMARY KEY (`id`),
  UNIQUE KEY `name` (`name`)
) ENGINE=MyISAM AUTO_INCREMENT=266 DEFAULT CHARSET=utf8 COLLATE=utf8_unicode_ci;
/*!40101 SET character_set_client = @saved_cs_client */;

--
-- Dumping data for table `omeka_options`
--

LOCK TABLES `omeka_options` WRITE;
/*!40000 ALTER TABLE `omeka_options` DISABLE KEYS */;
INSERT INTO `omeka_options` VALUES (1,'omeka_version','1.5.3'),(251,'administrator_email','david.js.kim@ucla.edu'),(252,'copyright',''),(249,'site_title','Introduction to Typography'),(253,'author',''),(250,'description',''),(256,'thumbnail_constraint','200'),(257,'square_thumbnail_constraint','200'),(255,'fullsize_constraint','800'),(258,'per_page_admin','10'),(259,'per_page_public','10'),(260,'show_empty_elements','0'),(262,'path_to_convert','/usr/local/omekaconvert'),(14,'admin_theme','default'),(195,'public_theme','default'),(16,'file_extension_whitelist','aac,aif,aiff,asf,asx,avi,bmp,c,cc,class,css,divx,doc,docx,exe,gif,gz,gzip,h,ico,j2k,jp2,jpe,jpeg,jpg,m4a,mdb,mid,midi,mov,mp2,mp3,mp4,mpa,mpe,mpeg,mpg,mpp,odb,odc,odf,odg,odp,ods,odt,ogg, pdf,png,pot,pps,ppt,pptx,qt,ra,ram,rtf,rtx,swf,tar,tif,tiff,txt, wav,wax,wma,wmv,wmx,wri,xla,xls,xlsx,xlt,xlw,zip'),(17,'file_mime_type_whitelist','application/msword,application/ogg,application/pdf,application/rtf,application/vnd.ms-access,application/vnd.ms-excel,application/vnd.ms-powerpoint,application/vnd.ms-project,application/vnd.ms-write,application/vnd.oasis.opendocument.chart,application/vnd.oasis.opendocument.database,application/vnd.oasis.opendocument.formula,application/vnd.oasis.opendocument.graphics,application/vnd.oasis.opendocument.presentation,application/vnd.oasis.opendocument.spreadsheet,application/vnd.oasis.opendocument.text,application/x-ms-wmp,application/x-ogg,application/x-gzip,application/x-msdownload,application/x-shockwave-flash,application/x-tar,application/zip,audio/aac,audio/aiff,audio/mid,audio/midi,audio/mp3,audio/mp4,audio/mpeg,audio/mpeg3,audio/ogg,audio/wav,audio/wma,audio/x-aac,audio/x-aiff,audio/x-midi,audio/x-mp3,audio/x-mp4,audio/x-mpeg,audio/x-mpeg3,audio/x-mpegaudio,audio/x-ms-wax,audio/x-realaudio,audio/x-wav,audio/x-wma,image/bmp,image/gif,image/icon,image/jpeg,image/pjpeg,image/png,image/tiff,image/x-icon,image/x-ms-bmp,text/css,text/plain,text/richtext,text/rtf,video/asf,video/avi,video/divx,video/mp4,video/mpeg,video/msvideo,video/ogg,video/quicktime,video/x-ms-wmv,video/x-msvideo'),(18,'disable_default_file_validation',''),(19,'display_system_info','1'),(254,'tag_delimiter',','),(265,'omeka_update','a:2:{s:14:\"latest_version\";s:5:\"1.5.3\";s:12:\"last_updated\";i:1355268829;}'),(23,'exhibit_builder_use_browse_exhibits_for_homepage','0'),(24,'exhibit_builder_sort_browse','added'),(168,'docsviewer_embed_admin','1'),(169,'docsviewer_width_admin','700'),(170,'docsviewer_height_admin','900'),(171,'docsviewer_embed_public','1'),(172,'docsviewer_width_public','700'),(173,'docsviewer_height_public','900'),(65,'image_annotations_imageannotation_annotations_add_admin','1'),(66,'image_annotations_imageannotation_annotations_editSelf_admin','1'),(67,'image_annotations_imageannotation_annotations_editAll_admin','1'),(68,'image_annotations_imageannotation_annotations_deleteSelf_admin','1'),(69,'image_annotations_imageannotation_annotations_deleteAll_admin','1'),(70,'image_annotations_imageannotation_annotations_showPublic_admin','1'),(71,'image_annotations_imageannotation_annotations_showNotPublic_admin','1'),(72,'image_annotations_imageannotation_annotations_add_anyone','0'),(73,'image_annotations_imageannotation_annotations_editSelf_anyone','0'),(74,'image_annotations_imageannotation_annotations_editAll_anyone','0'),(75,'image_annotations_imageannotation_annotations_deleteSelf_anyone','0'),(76,'image_annotations_imageannotation_annotations_deleteAll_anyone','0'),(77,'image_annotations_imageannotation_annotations_showPublic_anyone','1'),(78,'image_annotations_imageannotation_annotations_showNotPublic_anyone','0'),(79,'image_annotations_imageannotation_annotations_add_contributor','1'),(80,'image_annotations_imageannotation_annotations_editSelf_contributor','1'),(81,'image_annotations_imageannotation_annotations_editAll_contributor','0'),(82,'image_annotations_imageannotation_annotations_deleteSelf_contributor','1'),(83,'image_annotations_imageannotation_annotations_deleteAll_contributor','0'),(84,'image_annotations_imageannotation_annotations_showPublic_contributor','1'),(85,'image_annotations_imageannotation_annotations_showNotPublic_contributor','0'),(86,'image_annotations_imageannotation_annotations_add_researcher','1'),(87,'image_annotations_imageannotation_annotations_editSelf_researcher','1'),(88,'image_annotations_imageannotation_annotations_editAll_researcher','0'),(89,'image_annotations_imageannotation_annotations_deleteSelf_researcher','1'),(90,'image_annotations_imageannotation_annotations_deleteAll_researcher','0'),(91,'image_annotations_imageannotation_annotations_showPublic_researcher','1'),(92,'image_annotations_imageannotation_annotations_showNotPublic_researcher','1'),(93,'vector_color','#196aff'),(94,'stroke_color','#000000'),(95,'highlight_color','#ff9600'),(96,'vector_opacity','30'),(97,'select_opacity','40'),(98,'stroke_opacity','100'),(99,'graphic_opacity','80'),(100,'stroke_width','3'),(101,'point_radius','6'),(102,'h_percent','24'),(103,'v_percent','84'),(104,'timeline_zoom','15'),(105,'context_band_unit','decade'),(106,'context_band_height','35'),(108,'neatlinetime','a:3:{s:9:\"item_date\";s:2:\"40\";s:10:\"item_title\";s:2:\"50\";s:16:\"item_description\";s:2:\"41\";}'),(261,'enable_prototype','1'),(246,'theme_default_options','a:11:{s:17:\"header_background\";N;s:24:\"custom_header_navigation\";s:281:\"About | about\r\nItems | items\r\n1. The Basics | exhibits/show/basics\r\n2. History | exhibits/show/typography--a-history\r\n3. Resources | exhibits/show/resources\r\nFont Popularity: A Visualization | font-popularity\r\nTimeline | neatline-exhibits/show/tracing-the-development-of-typography\";s:21:\"display_featured_item\";s:1:\"0\";s:27:\"display_featured_collection\";s:1:\"0\";s:24:\"display_featured_exhibit\";s:1:\"0\";s:21:\"homepage_recent_items\";s:1:\"3\";s:13:\"homepage_text\";s:0:\"\";s:26:\"display_dublin_core_fields\";s:75:\"\"Title, Subject, Description, Creator, Source, Date, Contributor, Coverage\"\";s:11:\"footer_text\";s:0:\"\";s:24:\"display_footer_copyright\";s:1:\"0\";s:4:\"logo\";s:36:\"120da15195666f64f269e3666d63ea68.jpg\";}'),(127,'theme_seasons_options','a:11:{s:11:\"style_sheet\";s:6:\"winter\";s:4:\"logo\";N;s:24:\"custom_header_navigation\";N;s:21:\"display_featured_item\";s:1:\"1\";s:27:\"display_featured_collection\";s:1:\"1\";s:24:\"display_featured_exhibit\";s:1:\"1\";s:21:\"homepage_recent_items\";N;s:13:\"homepage_text\";N;s:26:\"display_dublin_core_fields\";N;s:11:\"footer_text\";N;s:24:\"display_footer_copyright\";s:1:\"0\";}'),(134,'theme_rhythm_options','a:9:{s:11:\"style_sheet\";s:4:\"fall\";s:12:\"site_tagline\";N;s:4:\"logo\";N;s:24:\"custom_header_navigation\";N;s:21:\"homepage_recent_items\";N;s:13:\"homepage_text\";N;s:26:\"display_dublin_core_fields\";N;s:11:\"footer_text\";N;s:24:\"display_footer_copyright\";s:1:\"0\";}'),(130,'theme_minimalist_options','a:10:{s:4:\"logo\";N;s:24:\"custom_header_navigation\";N;s:21:\"display_featured_item\";s:1:\"1\";s:27:\"display_featured_collection\";s:1:\"1\";s:24:\"display_featured_exhibit\";s:1:\"1\";s:21:\"homepage_recent_items\";N;s:13:\"homepage_text\";N;s:26:\"display_dublin_core_fields\";N;s:11:\"footer_text\";N;s:24:\"display_footer_copyright\";s:1:\"0\";}'),(136,'simple_pages_filter_page_content','0'),(248,'simple_pages_home_page_id','1');
/*!40000 ALTER TABLE `omeka_options` ENABLE KEYS */;
UNLOCK TABLES;

--
-- Table structure for table `omeka_plugins`
--

DROP TABLE IF EXISTS `omeka_plugins`;
/*!40101 SET @saved_cs_client     = @@character_set_client */;
/*!40101 SET character_set_client = utf8 */;
CREATE TABLE `omeka_plugins` (
  `id` int(10) unsigned NOT NULL AUTO_INCREMENT,
  `name` varchar(255) COLLATE utf8_unicode_ci NOT NULL,
  `active` tinyint(4) NOT NULL,
  `version` text COLLATE utf8_unicode_ci NOT NULL,
  PRIMARY KEY (`id`),
  UNIQUE KEY `name` (`name`),
  KEY `active_idx` (`active`)
) ENGINE=MyISAM AUTO_INCREMENT=8 DEFAULT CHARSET=utf8 COLLATE=utf8_unicode_ci;
/*!40101 SET character_set_client = @saved_cs_client */;

--
-- Dumping data for table `omeka_plugins`
--

LOCK TABLES `omeka_plugins` WRITE;
/*!40000 ALTER TABLE `omeka_plugins` DISABLE KEYS */;
INSERT INTO `omeka_plugins` VALUES (1,'ExhibitBuilder',1,'1.2.1'),(2,'DocsViewer',1,'1.0'),(3,'ImageAnnotation',1,'1.0'),(4,'Neatline',1,'1.1.0'),(5,'NeatlineFeatures',1,'1.1.0'),(6,'NeatlineTime',1,'1.1.0'),(7,'SimplePages',1,'1.3.1');
/*!40000 ALTER TABLE `omeka_plugins` ENABLE KEYS */;
UNLOCK TABLES;

--
-- Table structure for table `omeka_processes`
--

DROP TABLE IF EXISTS `omeka_processes`;
/*!40101 SET @saved_cs_client     = @@character_set_client */;
/*!40101 SET character_set_client = utf8 */;
CREATE TABLE `omeka_processes` (
  `id` int(10) unsigned NOT NULL AUTO_INCREMENT,
  `class` varchar(255) COLLATE utf8_unicode_ci NOT NULL,
  `user_id` int(10) unsigned NOT NULL,
  `pid` int(10) unsigned DEFAULT NULL,
  `status` enum('starting','in progress','completed','paused','error','stopped') COLLATE utf8_unicode_ci NOT NULL,
  `args` text COLLATE utf8_unicode_ci NOT NULL,
  `started` timestamp NOT NULL DEFAULT '0000-00-00 00:00:00',
  `stopped` timestamp NOT NULL DEFAULT '0000-00-00 00:00:00',
  PRIMARY KEY (`id`),
  KEY `user_id` (`user_id`),
  KEY `pid` (`pid`),
  KEY `started` (`started`),
  KEY `stopped` (`stopped`)
) ENGINE=MyISAM DEFAULT CHARSET=utf8 COLLATE=utf8_unicode_ci;
/*!40101 SET character_set_client = @saved_cs_client */;

--
-- Dumping data for table `omeka_processes`
--

LOCK TABLES `omeka_processes` WRITE;
/*!40000 ALTER TABLE `omeka_processes` DISABLE KEYS */;
/*!40000 ALTER TABLE `omeka_processes` ENABLE KEYS */;
UNLOCK TABLES;

--
-- Table structure for table `omeka_record_types`
--

DROP TABLE IF EXISTS `omeka_record_types`;
/*!40101 SET @saved_cs_client     = @@character_set_client */;
/*!40101 SET character_set_client = utf8 */;
CREATE TABLE `omeka_record_types` (
  `id` int(10) unsigned NOT NULL AUTO_INCREMENT,
  `name` varchar(255) COLLATE utf8_unicode_ci NOT NULL,
  `description` text COLLATE utf8_unicode_ci,
  PRIMARY KEY (`id`),
  UNIQUE KEY `name` (`name`)
) ENGINE=MyISAM AUTO_INCREMENT=4 DEFAULT CHARSET=utf8 COLLATE=utf8_unicode_ci;
/*!40101 SET character_set_client = @saved_cs_client */;

--
-- Dumping data for table `omeka_record_types`
--

LOCK TABLES `omeka_record_types` WRITE;
/*!40000 ALTER TABLE `omeka_record_types` DISABLE KEYS */;
INSERT INTO `omeka_record_types` VALUES (1,'All','Elements, element sets, and element texts assigned to this record type relate to all possible records.'),(2,'Item','Elements, element sets, and element texts assigned to this record type relate to item records.'),(3,'File','Elements, element sets, and element texts assigned to this record type relate to file records.');
/*!40000 ALTER TABLE `omeka_record_types` ENABLE KEYS */;
UNLOCK TABLES;

--
-- Table structure for table `omeka_schema_migrations`
--

DROP TABLE IF EXISTS `omeka_schema_migrations`;
/*!40101 SET @saved_cs_client     = @@character_set_client */;
/*!40101 SET character_set_client = utf8 */;
CREATE TABLE `omeka_schema_migrations` (
  `version` varchar(16) COLLATE utf8_unicode_ci NOT NULL,
  UNIQUE KEY `unique_schema_migrations` (`version`)
) ENGINE=MyISAM DEFAULT CHARSET=utf8 COLLATE=utf8_unicode_ci;
/*!40101 SET character_set_client = @saved_cs_client */;

--
-- Dumping data for table `omeka_schema_migrations`
--

LOCK TABLES `omeka_schema_migrations` WRITE;
/*!40000 ALTER TABLE `omeka_schema_migrations` DISABLE KEYS */;
INSERT INTO `omeka_schema_migrations` VALUES ('20100401000000'),('20100810120000'),('20110113000000'),('20110124000001'),('20110301103900'),('20110328192100'),('20110426181300'),('20110601112200'),('20110627223000'),('20110824110000'),('20120112100000');
/*!40000 ALTER TABLE `omeka_schema_migrations` ENABLE KEYS */;
UNLOCK TABLES;

--
-- Table structure for table `omeka_section_pages`
--

DROP TABLE IF EXISTS `omeka_section_pages`;
/*!40101 SET @saved_cs_client     = @@character_set_client */;
/*!40101 SET character_set_client = utf8 */;
CREATE TABLE `omeka_section_pages` (
  `id` int(10) unsigned NOT NULL AUTO_INCREMENT,
  `section_id` int(10) unsigned NOT NULL,
  `title` varchar(255) COLLATE utf8_unicode_ci NOT NULL,
  `slug` varchar(30) COLLATE utf8_unicode_ci NOT NULL,
  `layout` varchar(255) COLLATE utf8_unicode_ci DEFAULT NULL,
  `order` tinyint(3) unsigned NOT NULL,
  PRIMARY KEY (`id`)
) ENGINE=MyISAM AUTO_INCREMENT=53 DEFAULT CHARSET=utf8 COLLATE=utf8_unicode_ci;
/*!40101 SET character_set_client = @saved_cs_client */;

--
-- Dumping data for table `omeka_section_pages`
--

LOCK TABLES `omeka_section_pages` WRITE;
/*!40000 ALTER TABLE `omeka_section_pages` DISABLE KEYS */;
INSERT INTO `omeka_section_pages` VALUES (1,2,'Old Style','oldstyle','gallery-thumbnails-text-top',1),(2,2,'Transitional','transitional','gallery-thumbnails-text-top',2),(3,2,'Modern (Didone)','modern','gallery-thumbnails-text-top',3),(4,2,'Slab Serif (Egyptian)','slab-serif','gallery-thumbnails-text-top',4),(5,2,'Sans Serif','sans-serif','gallery-thumbnails-text-top',5),(14,7,'Johannes Gutenberg','johannes-gutenberg','gallery-full-left',1),(8,3,'Terminology','terminology','image-list-left',1),(12,5,'Typography Fundamentals','fundamentals','image-list-left',1),(10,3,'Terminology (cont.)','terminology2','image-list-left',2),(11,3,'Terminology (cont.)','terminology3','image-list-left',3),(17,5,'Fun & Games','games','image-list-left',3),(20,7,'John Baskerville','john-baskerville','gallery-full-left',2),(18,5,'History & Theory','history-and-theory','image-list-left',2),(21,13,'from UCLA','desma','text-image-right',1),(22,9,'Letterpress Printing','letterpress-printing','gallery-thumbnails-text-top',1),(23,9,'Impact Printing','impact-printing','gallery-thumbnails-text-top',2),(24,9,'Non-impact Printing','non-impact-printing','gallery-thumbnails-text-top',3),(25,14,'Gallery','fonts','gallery-thumbnails',1),(40,19,'Visualization','viz','text',1),(39,19,'Results','results','image-list-left',2),(44,18,'Other Issues ','other','text',2),(30,7,'Jan Tschichold','jan-tschichold','gallery-full-left',3),(37,17,'\"Tyography: A History\"  Explained','exhibit_explained','text-image-right',1),(32,13,'from other institutions','other','gallery-thumbnails-text-top',2),(33,16,'Georeferencing Items','georeferencing-items','image-list-left',1),(34,16,'Choosing the Base Layer','choosing-the-base-layer','image-list-right',2),(35,16,'Setting the Scales','setting-the-scales','image-list-left',3),(36,16,'Point Graphics','point-graphics','image-list-left',4),(41,20,'\"The Basics\" Explained','the-basics-methodology','text-image-right',1),(42,20,'Interface','interface-issues','text',2),(43,18,'Methodology','method','text',1),(45,17,'Metadata, Classification, and Tagging issues','metadata--classification--and-','text',2),(46,13,'The Take Away','learn','image-list-left',3),(49,16,'Selecting the Query','selecting-the-query','text',5),(50,18,'Philosophy','philosophy','text',3),(51,16,'Ordering Item Lists','ordering-item-lists','image-list-right',6),(52,16,'Timeline Design','timeline-design','text-image-right',7);
/*!40000 ALTER TABLE `omeka_section_pages` ENABLE KEYS */;
UNLOCK TABLES;

--
-- Table structure for table `omeka_sections`
--

DROP TABLE IF EXISTS `omeka_sections`;
/*!40101 SET @saved_cs_client     = @@character_set_client */;
/*!40101 SET character_set_client = utf8 */;
CREATE TABLE `omeka_sections` (
  `id` int(10) unsigned NOT NULL AUTO_INCREMENT,
  `title` varchar(255) COLLATE utf8_unicode_ci DEFAULT NULL,
  `description` text COLLATE utf8_unicode_ci,
  `exhibit_id` int(10) unsigned NOT NULL,
  `order` tinyint(3) unsigned NOT NULL,
  `slug` varchar(30) COLLATE utf8_unicode_ci NOT NULL,
  PRIMARY KEY (`id`),
  KEY `slug` (`slug`)
) ENGINE=MyISAM AUTO_INCREMENT=22 DEFAULT CHARSET=utf8 COLLATE=utf8_unicode_ci;
/*!40101 SET character_set_client = @saved_cs_client */;

--
-- Dumping data for table `omeka_sections`
--

LOCK TABLES `omeka_sections` WRITE;
/*!40000 ALTER TABLE `omeka_sections` DISABLE KEYS */;
INSERT INTO `omeka_sections` VALUES (11,'Text Arrangement','',2,4,'text'),(2,'Typeface Classes','<p>A basic walk-through of typeface classification examples and classification how-to.</p>',2,2,'typeface_classes'),(3,'Type Anatomy','<p>A description of the elements of typeface anatomy.</p>',2,1,'anatomy'),(5,'Further Resources','<p>A compilation of educational resources for amateur typographers.&nbsp;</p>',2,3,'resources'),(7,'People','<p>In this section you will find pictures of influencial typographers and descriptions of their lives and works.</p>',4,1,'people'),(9,'Technologies','<p>This page will show the different types of technologies that were used in the development of typography.</p>',4,2,'technologies'),(12,'Grid','',2,5,'grid'),(13,'through syllabi','<p>As students of typography, the syllabus is the perfect medium to channel the enthusiasm and aspirations of any subject. You will find many different, yet similar \"plans\" for your education.</p>\r\n<p>Alternatively, as scholars, you will find some interesting patterns of this complex document, and the field of typography itself (or perhaps some methodologies for other fields).</p>',7,1,'syllabi'),(14,'Historical Fonts','<p>These are some of the historical fonts that represent many plateaus in the developments of typography and typeface.</p>',4,3,'historical-fonts'),(17,'Structuring Metadata and Its Limits','<p>A look at how we decided to structure our metadata, classification systems, and our tags through the scope of the \"Typography: A History\" exhibit. &nbsp;Also, a look at the issues and limitations that we faced in structuring our metadata via Omeka.</p>',8,3,'metadata-issues'),(18,'Working with Syllabi','<p>In this section I describe the issues of extracting relevant information from a specialized document, and the complicated relationship between data and sampling, and visualization effect.&nbsp;</p>',8,4,'syllabi'),(19,'with visualizations','<p>Analyzing syllabi with typical tools in Digital Humanities projects can yield interesting information, but sometimes the good ol\' fashion ways of the humanities is sufficient -- especially when lacking scale, time, resources, and experience.</p>\r\n<p>&nbsp;</p>',7,2,'process'),(20,'Interface & Omeka: Issues Faced','<p><span>A summary of the challenges of our topic \"Typography\" as it translated to the \"The Basics\" exhibit,&nbsp;</span>working with Omeka and structuring our interface.&nbsp;(by Iman Salehian)</p>',8,2,'interface-and-omeka'),(16,'Working with Neatline','<p>A summary of the strategies and challenges to designing the Neatline exhibit&nbsp;<a href=\"http://dh101.humanities.ucla.edu/DH101Fall12Lab1/neatline-exhibits/show/tracing-the-development-of-typography\">\"Tracing the Development of Typography\"</a>&nbsp;(by Mateusz Gwizdala)</p>',8,1,'working-with-neatline');
/*!40000 ALTER TABLE `omeka_sections` ENABLE KEYS */;
UNLOCK TABLES;

--
-- Table structure for table `omeka_sessions`
--

DROP TABLE IF EXISTS `omeka_sessions`;
/*!40101 SET @saved_cs_client     = @@character_set_client */;
/*!40101 SET character_set_client = utf8 */;
CREATE TABLE `omeka_sessions` (
  `id` char(32) COLLATE utf8_unicode_ci NOT NULL DEFAULT '',
  `modified` bigint(20) DEFAULT NULL,
  `lifetime` int(11) DEFAULT NULL,
  `data` text COLLATE utf8_unicode_ci,
  PRIMARY KEY (`id`)
) ENGINE=InnoDB DEFAULT CHARSET=utf8 COLLATE=utf8_unicode_ci;
/*!40101 SET character_set_client = @saved_cs_client */;

--
-- Dumping data for table `omeka_sessions`
--

LOCK TABLES `omeka_sessions` WRITE;
/*!40000 ALTER TABLE `omeka_sessions` DISABLE KEYS */;
INSERT INTO `omeka_sessions` VALUES ('1pp4qksv3eb25f24ddi3tb9b15',1354225310,1209600,'flash|a:1:{s:6:\"status\";N;}Zend_Auth|a:1:{s:7:\"storage\";i:5;}Default|a:1:{s:8:\"redirect\";N;}'),('1t9ju6jttbb6dhgs5juf5kurf3',1354291826,1209600,'Default|a:1:{s:8:\"redirect\";s:1:\"/\";}Zend_Auth|a:1:{s:7:\"storage\";i:3;}'),('24sjngk5dlqm8bg53p9fb0k0b4',1354254407,1209600,''),('37msictvdp5rnoh9osi3gfiiq4',1354239608,1209600,''),('3bbbs6tv2os36jtd0mnmal1nu3',1354254672,1209600,''),('4k6tj1n33ioe47490b5et6r0g6',1354286307,1209600,''),('6na6pvd2q0rs0tc6pmbd0n50s1',1354256320,1209600,'Default|a:1:{s:8:\"redirect\";s:1:\"/\";}'),('7jvf5ua9a52icmtakg5g669do7',1354179348,1209600,'Zend_Auth|a:1:{s:7:\"storage\";i:5;}Default|a:1:{s:8:\"redirect\";N;}flash|a:1:{s:6:\"status\";N;}'),('92c8utbb35dl7ku1oi6s1ceft0',1354235985,1209600,''),('9b5ci7rb77bndrbai9eiie14s6',1354132347,1209600,'Zend_Auth|a:1:{s:7:\"storage\";i:5;}Default|a:1:{s:8:\"redirect\";N;}flash|a:1:{s:6:\"status\";N;}'),('9bdafqelm936lle2sa6con4hi7',1354116944,1209600,'Default|a:1:{s:8:\"redirect\";s:1:\"/\";}Zend_Auth|a:1:{s:7:\"storage\";i:3;}flash|a:1:{s:6:\"status\";N;}'),('9kj33gsvmdpjm9qp064mrvgqk2',1354140252,1209600,'Zend_Auth|a:1:{s:7:\"storage\";i:5;}Default|a:1:{s:8:\"redirect\";N;}flash|a:1:{s:6:\"status\";N;}'),('audm2hskjl53fmkp27ka373n21',1354294296,1209600,'Default|a:1:{s:8:\"redirect\";s:1:\"/\";}Zend_Auth|a:1:{s:7:\"storage\";i:3;}'),('b6fsuj9ihrldi568u5alb387l2',1354159834,1209600,'Zend_Auth|a:1:{s:7:\"storage\";i:5;}Default|a:1:{s:8:\"redirect\";N;}flash|a:1:{s:6:\"status\";N;}'),('bf8c442pjotss2qf9scqekrd03',1356023653,1209600,''),('bm7rpj1lgf33f98adelltlcq70',1354093057,1209600,'Zend_Auth|a:1:{s:7:\"storage\";i:5;}Default|a:1:{s:8:\"redirect\";N;}flash|a:1:{s:6:\"status\";N;}'),('c5f15m6ck4gfkie3lnesca6l93',1354316397,1209600,'Default|a:1:{s:8:\"redirect\";s:1:\"/\";}flash|a:1:{s:6:\"status\";N;}Zend_Auth|a:1:{s:7:\"storage\";i:3;}'),('cjdpr4aiq4m04ffl6ovvuk7864',1354229775,1209600,'Zend_Auth|a:1:{s:7:\"storage\";i:3;}Default|a:1:{s:8:\"redirect\";N;}flash|a:1:{s:6:\"status\";N;}'),('cvknvnlcoo5rvadu1l2155tuc2',1355247701,1209600,''),('diaurhfod2rmd17qne8svvj6l2',1354859553,1209600,'flash|a:1:{s:6:\"status\";N;}Zend_Auth|a:1:{s:7:\"storage\";i:5;}Default|a:1:{s:8:\"redirect\";N;}'),('dpok7ep233o67de9dqfqtfvlk7',1354292215,1209600,'Default|a:1:{s:8:\"redirect\";s:1:\"/\";}Zend_Auth|a:1:{s:7:\"storage\";i:4;}flash|a:1:{s:6:\"status\";N;}'),('dvqhta22qgn465jfh20sgct815',1354234783,1209600,''),('ea4ciohb213bq00m7orgqk66l2',1354590688,1209600,'Default|a:1:{s:8:\"redirect\";s:1:\"/\";}'),('ehj6bvclp4iuroa6kbniijs7s2',1354253864,1209600,''),('firlvmmb8kc7g82bvh2m28jdf2',1354145457,1209600,''),('fmobisb20atk730r2hg4k1c917',1354140254,1209600,'Default|a:1:{s:8:\"redirect\";s:1:\"/\";}flash|a:1:{s:6:\"status\";N;}Zend_Auth|a:1:{s:7:\"storage\";i:4;}'),('g68jpsgc6kns7ors4645hp1aq2',1355271215,1209600,'Default|a:1:{s:8:\"redirect\";s:1:\"/\";}Zend_Auth|a:1:{s:7:\"storage\";i:2;}'),('i5fe5dsbonfki4k426ks5r7tm5',1354239579,1209600,'Default|a:1:{s:8:\"redirect\";s:1:\"/\";}flash|a:1:{s:6:\"status\";N;}'),('ikmsua4h2j19s2elvpovh5mb67',1354170843,1209600,'Default|a:1:{s:8:\"redirect\";s:1:\"/\";}flash|a:1:{s:6:\"status\";N;}Zend_Auth|a:1:{s:7:\"storage\";i:4;}'),('jd45g6nr4l1l2bko0423n9e471',1355779261,1209600,''),('jlvalibcmasqdo6ic26boh7vf0',1354251455,1209600,'Zend_Auth|a:1:{s:7:\"storage\";i:5;}Default|a:1:{s:8:\"redirect\";N;}flash|a:1:{s:6:\"status\";N;}'),('kspcc5jmkkgc658fsofpc97nb5',1354214662,1209600,'Zend_Auth|a:1:{s:7:\"storage\";i:5;}Default|a:1:{s:8:\"redirect\";N;}flash|a:1:{s:6:\"status\";N;}'),('lsk2fg19ucpu8368jl8detam70',1354145099,1209600,'Default|a:1:{s:8:\"redirect\";s:1:\"/\";}flash|a:1:{s:6:\"status\";N;}'),('mi9b3gkv3ikhufus1cek9sfru7',1354284248,1209600,''),('mr7gvuo4lmpqq99n11cf5hp7p1',1354175635,1209600,''),('mt9q4dtgn767990n39fe6dvtt6',1354296995,1209600,'Default|a:1:{s:8:\"redirect\";s:1:\"/\";}flash|a:1:{s:6:\"status\";N;}Zend_Auth|a:1:{s:7:\"storage\";i:5;}'),('n1fuv81e2l593hq6guifu53pv0',1354264052,1209600,'Zend_Auth|a:1:{s:7:\"storage\";i:5;}Default|a:1:{s:8:\"redirect\";N;}'),('n6dped0qg90sq2vje9vcobjqe6',1354165090,1209600,''),('n8t170id8qk8ipcokarvsjvp56',1354133844,1209600,'Default|a:1:{s:8:\"redirect\";s:1:\"/\";}Zend_Auth|a:1:{s:7:\"storage\";i:3;}flash|a:1:{s:6:\"status\";N;}'),('ndkekj73ihls6bkr6218aek252',1354230739,1209600,'Zend_Auth|a:1:{s:7:\"storage\";i:5;}Default|a:1:{s:8:\"redirect\";N;}flash|a:1:{s:6:\"status\";N;}'),('ngv2airvp00uvu8b9e6red6rj0',1354061781,1209600,''),('oomvadfgcj94ntvgb1se4c8s25',1354299101,1209600,'Default|a:1:{s:8:\"redirect\";s:44:\"/exhibit-builder/exhibits/edit-section/id/19\";}flash|a:1:{s:6:\"status\";N;}'),('pbb33g12al8dq4hmnhpp6804q7',1354417795,1209600,''),('tvnmroen8m1hpsnucbfqlit5b0',1354239648,1209600,''),('utcglsek11036dou3lskbir9d1',1354221736,1209600,''),('vbahguhf3oanj5rpsqo1a9qaa6',1354640836,1209600,'');
/*!40000 ALTER TABLE `omeka_sessions` ENABLE KEYS */;
UNLOCK TABLES;

--
-- Table structure for table `omeka_simple_pages_pages`
--

DROP TABLE IF EXISTS `omeka_simple_pages_pages`;
/*!40101 SET @saved_cs_client     = @@character_set_client */;
/*!40101 SET character_set_client = utf8 */;
CREATE TABLE `omeka_simple_pages_pages` (
  `id` int(10) unsigned NOT NULL AUTO_INCREMENT,
  `modified_by_user_id` int(10) unsigned NOT NULL,
  `created_by_user_id` int(10) unsigned NOT NULL,
  `is_published` tinyint(1) NOT NULL,
  `add_to_public_nav` tinyint(1) NOT NULL,
  `title` tinytext COLLATE utf8_unicode_ci NOT NULL,
  `slug` tinytext COLLATE utf8_unicode_ci NOT NULL,
  `text` text COLLATE utf8_unicode_ci,
  `updated` timestamp NOT NULL DEFAULT CURRENT_TIMESTAMP ON UPDATE CURRENT_TIMESTAMP,
  `inserted` timestamp NOT NULL DEFAULT '0000-00-00 00:00:00',
  `order` int(10) unsigned NOT NULL,
  `parent_id` int(10) unsigned NOT NULL,
  `template` tinytext COLLATE utf8_unicode_ci NOT NULL,
  `use_tiny_mce` tinyint(1) NOT NULL,
  PRIMARY KEY (`id`),
  KEY `is_published` (`is_published`),
  KEY `inserted` (`inserted`),
  KEY `updated` (`updated`),
  KEY `add_to_public_nav` (`add_to_public_nav`),
  KEY `created_by_user_id` (`created_by_user_id`),
  KEY `modified_by_user_id` (`modified_by_user_id`),
  KEY `order` (`order`),
  KEY `parent_id` (`parent_id`)
) ENGINE=MyISAM AUTO_INCREMENT=18 DEFAULT CHARSET=utf8 COLLATE=utf8_unicode_ci;
/*!40101 SET character_set_client = @saved_cs_client */;

--
-- Dumping data for table `omeka_simple_pages_pages`
--

LOCK TABLES `omeka_simple_pages_pages` WRITE;
/*!40000 ALTER TABLE `omeka_simple_pages_pages` DISABLE KEYS */;
INSERT INTO `omeka_simple_pages_pages` VALUES (1,5,1,1,1,'_________________________________','about','<p><img src=\"http://dh101.humanities.ucla.edu/DH101Fall12Lab1/archive/files/8b905c7a8c6bdbc3d36ab9f9e5c6b315.jpg\"><br>\r\n<center><blockquote><p>\"Typography is a tool of communication. It must be communication in its most intense form. The emphasis must be on absolute clarity.\" <br>-Lazlo Moholy-Nagy, <b>The New Typography</b></p></blockquote></center>\r\n\r\n<p>          While typography has long maintained a dedicated following, technology--be it Microsoft Word, Adobe Photoshop, etc.-- has democratized its niche practice. In combining this greater accessibility with the phantom nostalgia of younger generations, one finds that the practice and study of typography has gained considerable popularity. Our project aims to respond to this movement by focusing on providing a general overview of the typography geared especially towards those who are new to the subject.</p>\r\n<p>           As our numerated menu bar suggests, visiting our \"The Basics\" exhibit  first acquaints users with the fundamentals of typography, with a current focus on letter form. Our \"History\" and \"Resources\" sections broaden our discussion of typography, framing it in historical, cultural and theoretical contexts by discussing significant movements, contemporary projects and examples of its study at UCLA. Considering the breadth of our topic, there remains the potential to expand greatly upon each of these points in the future.</p>\r\n\r\n<p>          Our hope is that the objects and topics introduced to the user regarding typography will stimulate interest in the subject, and that they will be more inclined to research beyond our project using the resources amalgamated on our site.</p>\r\n<br>\r\n<img src=\"http://dh101.humanities.ucla.edu/DH101Fall12Lab1/archive/files/edc851490207e919c56d2cfe28cc2810.jpg\"></p>\r\n\r\n<p>\r\nThe construction of this critical resource consisted of several decisions. Aiming to provide a look at the ideological, technical layer usually invisible to users each member has provided a detailed description of their experience-ranging from  technical issues concerning Omeka\'s interface, all the way to ideological issues of classification inherent to the topic of typography itself. \r\n\r\n<p>A list of members and their contributions can be found below. Click through for their sections. Links to their individual descriptions of methodology/issues are labeled with an *.</p>\r\n\r\n<p><table border=\"3\" bordercolor=\"#FFFFFF\" style=\"background-color:#FFFFFF\" width=\"100%\" cellpadding=\"3\" cellspacing=\"3\">\r\n	<tr>\r\n		<td>Member</td>\r\n		<td>Area of Focus</td>\r\n	</tr>\r\n	<tr>\r\n		<td>Iman Salehian</td>\r\n		<td><a href=\"http://dh101.humanities.ucla.edu/DH101Fall12Lab1/exhibits/show/basics\">\"The Basics\" exhibit</a href>\r\n<br> Interface (Menu, About Page, Descriptive Text, Aesthetics)\r\n<br><a href=\"http://dh101.humanities.ucla.edu/DH101Fall12Lab1/font-popularity\">Font Popularity: A  Visualization</a href>\r\n<br><a href=\"http://dh101.humanities.ucla.edu/DH101Fall12Lab1/exhibits/show/methodology/interface-and-omeka\">* Interface & Omeka: Issues Faced</a href></td>\r\n	</tr>\r\n	<tr>\r\n		<td>Jacob Ferrari</td>\r\n                <td><a href=\"http://dh101.humanities.ucla.edu/DH101Fall12Lab1/exhibits/show/typography--a-history\">\"Typography: A History\" Exhibit</a>\r\n<br>Metadata Structuring, Classification System, Tagging System\r\n		<br><a href=\"http://dh101.humanities.ucla.edu/DH101Fall12Lab1/exhibits/show/methodology/metadata-issues\">*Structuring Metadata and Its Limits</a></td>\r\n	</tr>\r\n	<tr>\r\n		<td>Mateusz Gwizdala</td>\r\n		<td><a href=\"http://dh101.humanities.ucla.edu/DH101Fall12Lab1/neatline-exhibits/show/tracing-the-development-of-typography\">\"Tracing the Development of Typography\" Exhibit</a><br>\r\n<a href=\"http://dh101.humanities.ucla.edu/DH101Fall12Lab1/exhibits/show/typography--a-history/historical-fonts\">Historical Font Gallery</a><br>\r\n<a href=\"http://dh101.humanities.ucla.edu/DH101Fall12Lab1/exhibits/show/methodology/working-with-neatline\">* \"Working with Neatline\" Methodology Section</a></td>\r\n	</tr>\r\n	<tr>\r\n		<td>Leon de Santillana</td>\r\n		<td><a \r\nhref=\"http://dh101.humanities.ucla.edu/DH101Fall12Lab1/exhibits/show/resources\">Learning about Typography\" Exhibit</a><br>\r\n<a href=\"http://dh101.humanities.ucla.edu/DH101Fall12Lab1/exhibits/show/methodology/syllabi\">*\"Working with Syllabi\" Methodology section</a></td>\r\n	</tr>\r\n</table>\r\n<p style=\"font-family:helvetica,arial,sans-serif;font-size:11px;\"></p> ','2012-11-30 02:12:05','2012-10-19 16:22:56',1,0,'',0),(11,5,4,1,0,'Font Popularity: A Visualization','font-popularity','<body>\r\n\r\n<p>\r\nA visualization created on <i>Many Eyes</i>, this Word Cloud judges font popularity in the month of October using typefaces\' frequency of appearance in \"Top 25 Best Sellers\" lists. </p>\r\n\r\n<br>\r\n<br>\r\n\r\n<a href=\"http://dh101.humanities.ucla.edu/DH101Fall12Lab1/archive/files/5adbcde932db978b82114549c68152c4.jpg\"><img src=\"http://dh101.humanities.ucla.edu/DH101Fall12Lab1/archive/files/5adbcde932db978b82114549c68152c4.jpg\" width=\"100%\" height=\"100%\"></a>\r\n<center><p>Click image above to enlarge.</p></center>\r\n\r\n<br>\r\n<br>\r\n<br>\r\n\r\n<p> Seeing as Many Eyes\' \"Word Cloud\" feature is ambiguous about the exact numbers, the list was posted on a Word document and run through Word\'s \"search\" feature to determine exact frequencies. One finds a display of the most popular fonts (i.e. those that appeared in three or more lists) below. \r\n<br>\r\n<p><b>Each title is displayed in its own typeface. </b></p>\r\n\r\n<a href=\"http://dh101.humanities.ucla.edu/DH101Fall12Lab1/archive/files/95e4f40a7ae57f01efa516f9f4878423.jpg\"><img src=\"http://dh101.humanities.ucla.edu/DH101Fall12Lab1/archive/files/95e4f40a7ae57f01efa516f9f4878423.jpg\" width=\"100%\" height=\"100%\"></a>\r\n\r\n<p>Looking at this list, it quickly becomes obvious that sans-serifed fonts are trending. To back this hypothesis with quantified data, the 134 fonts were classified into their respective font classes, the results of which are shown in the pie chart below.</p>\r\n\r\n<br>\r\n\r\n<a href=\"http://dh101.humanities.ucla.edu/DH101Fall12Lab1/archive/files/247c47d80e305fd6d712731cad3276a5.jpg\"><img src=\"http://dh101.humanities.ucla.edu/DH101Fall12Lab1/archive/files/247c47d80e305fd6d712731cad3276a5.jpg\" width=\"120%\" height=\"120%\"></a>\r\n\r\n<br>\r\n<center><p>Click image above to enlarge.</p></center>\r\n<br>\r\n<br>\r\n\r\n<p>Sources: My Fonts, Font Shop, Font Haus, You Work For Them, Fonts.com, Fontspring, 1001 Free Fonts, and Font Squirrel.</p>','2012-11-27 22:23:36','2012-11-06 05:11:29',2,0,'',0),(16,5,5,0,0,'Jacob Ferrari','jacob-ferrari','','2012-11-28 22:03:17','2012-11-28 22:03:17',2,1,'',0),(17,2,2,0,0,'Syllabi Methodology','methods','<body>\r\n\r\n<p>\r\n<b>My first attempt</b> to extrapolate interesting information out of the 13 DESMA syllabi was through a word cloud in <i>Many Eyes</i>>. After collecting the text from all the syllabi (with the help of OCR), I analyzed the resulting 88 pages for word frequency. The result was uninteresting.</p>\r\n\r\n<br>\r\n<br>\r\n\r\n<a <a href=\"http://dh101.humanities.ucla.edu/DH101Fall12Lab1/archive/files/7a9042d557348e02014dda04a4c3e5e7.jpeg\"><img src=\"http://dh101.humanities.ucla.edu/DH101Fall12Lab1/archive/files/7a9042d557348e02014dda04a4c3e5e7.jpeg\" width=\"100%\" height=\"100%\"></a>\r\n<center><p>Click image above to enlarge.</p></center>\r\n\r\n<br>\r\n<br>\r\n<br>\r\n\r\n<p> <b>The issue</b> with this visualization, beyond the fact that it doesn\'t give any quantitative relations, is that it barely furthers our understanding of what the a Typography syllabus has to offer. I came to the conclusion that this specialized documents requires close reading and structured data.\r\n<br>\r\n<p>I started the<b> second attempt</b> by considering classifications for a simple mark-up of the syllabi. Unfortunately, the content covered each week in class, the assignments, and the major projects, were almost identical across the 13 documents, lowering significantly the energy vs. interesting outcome rate. There were some interesting differences in the reference materials.</p>\r\n<br>\r\n<p><b>The third attempt</b> focused on transferring the reference materials: texts, required readings, etc. onto a file for another word cloud analysis.</p> \r\n\r\n<a <a href=\"http://dh101.humanities.ucla.edu/DH101Fall12Lab1/archive/files/f5e21388c49dff21a6d6f9be40c24ba4.jpeg\"><img src=\"http://dh101.humanities.ucla.edu/DH101Fall12Lab1/archive/files/f5e21388c49dff21a6d6f9be40c24ba4.jpeg\" width=\"100%\" height=\"100%\"></a>\r\n<center><p>Click image above to enlarge.</p></center>\r\n\r\n\r\n<br><p>These \"textbooks\" were assigned a code and transferred to an excel sheet. Finally, I created a simple bar chart of \"most popular resource\" in typography classes at UCLA.</p>\r\n\r\n\r\n\r\n<br>\r\n\r\n\r\n\r\n<br>\r\n<center><p>Click image above to enlarge.</p></center>\r\n<br>\r\n<br>\r\n\r\n<p>Special Thanks to Iman - my amateur html skills could never have written this section without her aid.</p>','2012-11-29 20:20:56','2012-11-29 07:48:30',0,0,'',0);
/*!40000 ALTER TABLE `omeka_simple_pages_pages` ENABLE KEYS */;
UNLOCK TABLES;

--
-- Table structure for table `omeka_taggings`
--

DROP TABLE IF EXISTS `omeka_taggings`;
/*!40101 SET @saved_cs_client     = @@character_set_client */;
/*!40101 SET character_set_client = utf8 */;
CREATE TABLE `omeka_taggings` (
  `id` int(10) unsigned NOT NULL AUTO_INCREMENT,
  `relation_id` int(10) unsigned NOT NULL,
  `tag_id` int(10) unsigned NOT NULL,
  `entity_id` int(10) unsigned NOT NULL,
  `type` varchar(50) COLLATE utf8_unicode_ci NOT NULL DEFAULT '',
  `time` timestamp NOT NULL DEFAULT CURRENT_TIMESTAMP,
  PRIMARY KEY (`id`),
  UNIQUE KEY `tag` (`relation_id`,`tag_id`,`entity_id`,`type`)
) ENGINE=MyISAM AUTO_INCREMENT=341 DEFAULT CHARSET=utf8 COLLATE=utf8_unicode_ci;
/*!40101 SET character_set_client = @saved_cs_client */;

--
-- Dumping data for table `omeka_taggings`
--

LOCK TABLES `omeka_taggings` WRITE;
/*!40000 ALTER TABLE `omeka_taggings` DISABLE KEYS */;
INSERT INTO `omeka_taggings` VALUES (1,82,1,5,'Item','2012-11-28 19:40:59'),(2,82,2,5,'Item','2012-11-28 19:40:59'),(3,81,3,5,'Item','2012-11-09 05:18:18'),(4,81,4,5,'Item','2012-11-09 05:18:18'),(5,81,5,5,'Item','2012-11-09 05:18:18'),(6,80,6,5,'Item','2012-11-09 05:18:47'),(7,80,7,5,'Item','2012-11-09 05:18:47'),(8,80,5,5,'Item','2012-11-09 05:18:47'),(9,85,8,5,'Item','2012-11-08 08:25:04'),(10,85,9,5,'Item','2012-11-08 08:25:04'),(11,84,4,5,'Item','2012-11-08 08:27:44'),(12,84,9,5,'Item','2012-11-08 08:27:44'),(13,83,4,5,'Item','2012-11-08 08:28:16'),(14,83,8,5,'Item','2012-11-08 08:28:16'),(15,79,10,5,'Item','2012-11-09 05:19:15'),(16,79,11,5,'Item','2012-11-09 05:19:15'),(17,78,5,5,'Item','2012-11-08 08:36:36'),(18,77,5,5,'Item','2012-11-08 08:37:01'),(19,76,5,5,'Item','2012-11-08 08:37:12'),(20,75,5,5,'Item','2012-11-08 08:37:21'),(21,74,5,5,'Item','2012-11-08 08:37:33'),(22,73,5,5,'Item','2012-11-08 08:37:39'),(23,72,5,5,'Item','2012-11-08 08:38:04'),(24,71,5,5,'Item','2012-11-08 08:38:10'),(25,70,5,5,'Item','2012-11-08 08:38:17'),(26,69,5,5,'Item','2012-11-08 08:38:26'),(27,68,5,5,'Item','2012-11-08 08:38:32'),(28,67,5,5,'Item','2012-11-08 08:38:39'),(29,66,5,5,'Item','2012-11-08 08:38:44'),(30,65,4,5,'Item','2012-11-08 08:59:46'),(31,65,12,5,'Item','2012-11-08 08:59:46'),(32,64,4,5,'Item','2012-11-08 09:00:15'),(33,64,12,5,'Item','2012-11-08 09:00:15'),(34,64,6,5,'Item','2012-11-08 09:00:15'),(35,63,4,5,'Item','2012-11-08 09:01:30'),(36,63,6,5,'Item','2012-11-08 09:01:30'),(37,62,4,5,'Item','2012-11-08 09:01:53'),(38,62,12,5,'Item','2012-11-08 09:01:53'),(39,61,13,5,'Item','2012-11-08 09:02:52'),(40,61,14,5,'Item','2012-11-08 09:02:52'),(41,61,8,5,'Item','2012-11-08 09:02:52'),(42,60,9,5,'Item','2012-11-08 09:03:32'),(43,60,15,5,'Item','2012-11-08 09:03:32'),(44,60,2,5,'Item','2012-11-08 09:03:32'),(45,59,2,5,'Item','2012-11-08 09:03:49'),(46,59,9,5,'Item','2012-11-08 09:03:49'),(47,58,9,5,'Item','2012-11-08 09:04:11'),(48,57,4,5,'Item','2012-11-08 09:04:31'),(49,57,3,5,'Item','2012-11-08 09:04:31'),(51,84,16,3,'Item','2012-11-27 20:41:55'),(52,83,16,3,'Item','2012-11-27 20:42:09'),(53,38,16,3,'Item','2012-11-27 20:42:26'),(54,36,16,3,'Item','2012-11-27 20:42:37'),(55,34,16,3,'Item','2012-11-27 20:42:49'),(66,56,4,5,'Item','2012-11-08 22:51:07'),(57,30,16,3,'Item','2012-11-27 20:43:01'),(58,27,16,3,'Item','2012-11-27 20:43:15'),(67,55,4,5,'Item','2012-11-08 22:51:22'),(156,94,37,3,'Item','2012-11-27 20:41:44'),(155,95,36,3,'Item','2012-11-27 20:41:33'),(62,94,16,3,'Item','2012-11-27 20:41:44'),(63,95,16,3,'Item','2012-11-27 20:41:33'),(64,96,16,3,'Item','2012-11-27 20:41:21'),(65,97,16,3,'Item','2012-11-27 20:41:07'),(68,46,19,5,'Item','2012-11-08 22:52:05'),(69,46,11,5,'Item','2012-11-08 22:52:05'),(70,46,20,5,'Item','2012-11-08 22:52:05'),(71,45,19,5,'Item','2012-11-08 22:52:18'),(72,45,11,5,'Item','2012-11-08 22:52:18'),(73,45,20,5,'Item','2012-11-08 22:52:18'),(74,44,19,5,'Item','2012-11-08 22:52:45'),(75,44,11,5,'Item','2012-11-08 22:52:45'),(76,44,20,5,'Item','2012-11-08 22:52:45'),(77,43,4,5,'Item','2012-11-08 22:53:14'),(78,43,3,5,'Item','2012-11-08 22:53:14'),(79,42,4,5,'Item','2012-11-08 22:53:28'),(80,42,6,5,'Item','2012-11-08 22:53:28'),(81,41,4,5,'Item','2012-11-08 22:53:41'),(82,41,6,5,'Item','2012-11-08 22:53:41'),(83,40,4,5,'Item','2012-11-08 22:54:25'),(84,39,4,5,'Item','2012-11-08 22:54:39'),(85,38,4,5,'Item','2012-11-08 22:54:48'),(86,37,21,5,'Item','2012-11-09 05:19:44'),(87,37,2,5,'Item','2012-11-09 05:19:44'),(88,36,4,5,'Item','2012-11-08 22:55:27'),(89,35,21,5,'Item','2012-11-09 05:20:03'),(90,35,2,5,'Item','2012-11-09 05:20:03'),(91,34,4,5,'Item','2012-11-08 22:55:52'),(92,33,22,5,'Item','2012-11-09 05:20:40'),(93,33,23,5,'Item','2012-11-09 05:20:40'),(94,33,4,5,'Item','2012-11-09 05:20:40'),(166,117,16,3,'Item','2012-11-27 20:40:27'),(96,31,14,5,'Item','2012-11-09 05:21:22'),(97,31,22,5,'Item','2012-11-09 05:21:22'),(98,31,15,5,'Item','2012-11-09 05:21:22'),(99,33,15,5,'Item','2012-11-09 05:20:40'),(100,33,1,5,'Item','2012-11-09 05:20:40'),(101,30,4,5,'Item','2012-11-08 22:58:34'),(102,29,4,5,'Item','2012-11-09 05:22:21'),(103,29,22,5,'Item','2012-11-09 05:22:21'),(104,28,4,5,'Item','2012-11-08 22:59:29'),(105,28,9,5,'Item','2012-11-08 22:59:29'),(106,29,24,5,'Item','2012-11-09 05:22:21'),(107,27,4,5,'Item','2012-11-08 22:59:52'),(108,27,8,5,'Item','2012-11-08 22:59:52'),(109,26,4,5,'Item','2012-11-08 23:01:09'),(110,24,7,5,'Item','2012-11-08 23:02:22'),(111,24,15,5,'Item','2012-11-08 23:02:22'),(112,24,22,5,'Item','2012-11-08 23:02:22'),(113,23,25,5,'Item','2012-11-08 23:02:37'),(114,13,19,5,'Item','2012-11-08 23:03:02'),(115,13,11,5,'Item','2012-11-08 23:03:02'),(116,13,20,5,'Item','2012-11-08 23:03:02'),(252,172,8,5,'Item','2012-11-30 02:52:42'),(251,172,1,5,'Item','2012-11-30 02:52:42'),(120,10,19,5,'Item','2012-11-08 23:03:30'),(121,10,11,5,'Item','2012-11-08 23:03:30'),(122,10,20,5,'Item','2012-11-08 23:03:30'),(123,9,4,5,'Item','2012-11-08 23:03:45'),(124,9,8,5,'Item','2012-11-08 23:03:45'),(125,8,11,5,'Item','2012-11-08 23:04:02'),(126,8,8,5,'Item','2012-11-08 23:04:02'),(127,8,9,5,'Item','2012-11-08 23:04:02'),(128,7,26,5,'Item','2012-11-08 23:04:56'),(129,7,27,5,'Item','2012-11-08 23:04:56'),(130,6,26,5,'Item','2012-11-08 23:06:30'),(131,6,28,5,'Item','2012-11-08 23:06:30'),(132,5,19,5,'Item','2012-11-08 23:06:42'),(133,5,11,5,'Item','2012-11-08 23:06:42'),(134,5,20,5,'Item','2012-11-08 23:06:42'),(135,4,14,5,'Item','2012-11-09 05:23:57'),(136,98,28,5,'Item','2012-11-09 05:17:25'),(137,98,20,5,'Item','2012-11-09 05:17:25'),(138,92,2,5,'Item','2012-11-08 23:15:18'),(139,92,9,5,'Item','2012-11-08 23:15:18'),(140,99,13,5,'Item','2012-11-08 23:15:48'),(141,99,5,5,'Item','2012-11-08 23:15:48'),(142,100,28,5,'Item','2012-11-08 23:24:19'),(143,100,8,5,'Item','2012-11-08 23:24:19'),(144,26,29,3,'Item','2012-11-08 23:25:54'),(145,27,30,3,'Item','2012-11-27 20:43:15'),(146,30,30,3,'Item','2012-11-27 20:43:01'),(165,114,39,3,'Item','2012-11-27 20:40:52'),(148,4,8,5,'Exhibit','2012-11-08 23:49:22'),(149,4,32,5,'Exhibit','2012-11-08 23:49:22'),(150,4,4,5,'Exhibit','2012-11-08 23:49:22'),(164,34,31,3,'Item','2012-11-27 20:42:49'),(162,36,36,3,'Item','2012-11-27 20:42:37'),(154,2,32,4,'Exhibit','2012-11-08 23:58:58'),(157,84,36,3,'Item','2012-11-27 20:41:55'),(158,83,36,3,'Item','2012-11-27 20:42:09'),(159,38,33,3,'Item','2012-11-27 20:42:26'),(163,97,38,3,'Item','2012-11-27 20:41:07'),(161,96,36,3,'Item','2012-11-27 20:41:21'),(167,117,29,3,'Item','2012-11-27 20:40:26'),(168,114,16,3,'Item','2012-11-27 20:40:52'),(169,101,32,5,'Item','2012-11-09 05:16:33'),(170,102,10,5,'Item','2012-11-09 05:16:09'),(253,170,1,5,'Item','2012-11-29 07:22:58'),(173,114,8,3,'Item','2012-11-27 20:40:52'),(174,97,8,3,'Item','2012-11-27 20:41:07'),(175,95,8,3,'Item','2012-11-27 20:41:33'),(176,94,8,3,'Item','2012-11-27 20:41:44'),(177,84,8,3,'Item','2012-11-27 20:41:55'),(178,36,8,3,'Item','2012-11-27 20:42:37'),(179,34,8,3,'Item','2012-11-27 20:42:49'),(180,30,8,3,'Item','2012-11-27 20:43:01'),(181,45,10,2,'Item','2012-11-09 14:42:09'),(182,45,18,2,'Item','2012-11-09 14:42:09'),(183,135,19,2,'Item','2012-11-22 00:23:25'),(184,135,18,2,'Item','2012-11-22 00:23:25'),(185,135,11,2,'Item','2012-11-22 00:23:25'),(186,135,10,2,'Item','2012-11-22 00:23:25'),(187,135,20,2,'Item','2012-11-22 00:23:25'),(188,46,10,2,'Item','2012-11-22 00:41:31'),(189,46,18,2,'Item','2012-11-22 00:41:31'),(190,44,18,2,'Item','2012-11-22 00:48:46'),(191,44,10,2,'Item','2012-11-22 00:48:46'),(192,136,19,2,'Item','2012-11-09 16:38:36'),(193,136,18,2,'Item','2012-11-09 16:38:36'),(194,136,10,2,'Item','2012-11-09 16:38:36'),(195,136,11,2,'Item','2012-11-09 16:38:36'),(196,136,20,2,'Item','2012-11-09 16:38:36'),(197,138,19,2,'Item','2012-11-09 16:46:21'),(198,138,18,2,'Item','2012-11-09 16:46:21'),(199,138,10,2,'Item','2012-11-09 16:46:21'),(200,138,11,2,'Item','2012-11-09 16:46:21'),(201,138,20,2,'Item','2012-11-09 16:46:21'),(202,137,11,2,'Item','2012-11-09 16:47:32'),(203,137,18,2,'Item','2012-11-09 16:47:32'),(204,137,20,2,'Item','2012-11-09 16:47:32'),(205,137,10,2,'Item','2012-11-09 16:47:32'),(206,140,18,2,'Item','2012-11-09 17:00:52'),(207,140,19,2,'Item','2012-11-09 17:00:52'),(208,140,11,2,'Item','2012-11-09 17:00:52'),(209,140,10,2,'Item','2012-11-09 17:00:52'),(210,141,18,2,'Item','2012-11-09 16:57:24'),(211,141,10,2,'Item','2012-11-09 16:57:24'),(212,141,11,2,'Item','2012-11-09 16:57:24'),(213,141,19,2,'Item','2012-11-09 16:57:24'),(214,141,20,2,'Item','2012-11-09 16:57:24'),(215,142,18,2,'Item','2012-11-22 00:21:29'),(216,142,19,2,'Item','2012-11-22 00:21:29'),(217,142,10,2,'Item','2012-11-22 00:21:29'),(218,142,11,2,'Item','2012-11-22 00:21:29'),(219,142,20,2,'Item','2012-11-22 00:21:29'),(254,170,8,5,'Item','2012-11-29 07:22:58'),(221,116,16,3,'Item','2012-11-15 23:31:46'),(222,115,16,3,'Item','2012-11-15 23:31:46'),(223,113,16,3,'Item','2012-11-15 23:31:46'),(224,112,16,3,'Item','2012-11-15 23:31:46'),(225,111,16,3,'Item','2012-11-15 23:31:46'),(226,110,16,3,'Item','2012-11-15 23:31:46'),(227,109,16,3,'Item','2012-11-15 23:31:46'),(228,108,16,3,'Item','2012-11-15 23:31:46'),(229,107,16,3,'Item','2012-11-15 23:31:46'),(230,106,16,3,'Item','2012-11-15 23:31:46'),(231,91,16,3,'Item','2012-11-15 23:32:08'),(232,90,16,3,'Item','2012-11-15 23:32:08'),(233,89,16,3,'Item','2012-11-15 23:32:08'),(234,88,16,3,'Item','2012-11-15 23:32:08'),(235,87,16,3,'Item','2012-11-15 23:32:08'),(236,86,16,3,'Item','2012-11-15 23:32:08'),(237,65,16,3,'Item','2012-11-15 23:32:08'),(238,64,16,3,'Item','2012-11-15 23:32:08'),(239,63,16,3,'Item','2012-11-15 23:32:08'),(240,62,16,3,'Item','2012-11-15 23:32:08'),(241,57,16,3,'Item','2012-11-15 23:32:25'),(242,56,16,3,'Item','2012-11-15 23:32:25'),(243,55,16,3,'Item','2012-11-15 23:32:25'),(244,43,16,3,'Item','2012-11-15 23:32:25'),(245,42,16,3,'Item','2012-11-15 23:32:25'),(246,41,16,3,'Item','2012-11-15 23:32:25'),(247,40,16,3,'Item','2012-11-15 23:32:25'),(248,39,16,3,'Item','2012-11-16 02:42:23'),(249,7,18,4,'Exhibit','2012-11-21 00:50:39'),(250,7,17,4,'Exhibit','2012-11-21 00:50:39'),(255,169,1,5,'Item','2012-11-29 07:23:11'),(256,169,8,5,'Item','2012-11-29 07:23:11'),(257,168,8,5,'Item','2012-11-29 07:23:28'),(258,168,1,5,'Item','2012-11-29 07:23:28'),(259,164,1,5,'Item','2012-11-29 07:23:42'),(260,162,1,5,'Item','2012-11-29 07:23:54'),(261,161,8,5,'Item','2012-11-29 07:24:04'),(262,161,1,5,'Item','2012-11-29 07:24:04'),(263,160,8,5,'Item','2012-11-29 07:24:21'),(264,160,17,5,'Item','2012-11-29 07:24:21'),(265,159,8,5,'Item','2012-11-29 07:24:40'),(266,158,8,5,'Item','2012-11-29 07:24:49'),(267,174,1,5,'Item','2012-11-29 08:09:59'),(268,177,1,5,'Item','2012-11-29 08:34:12'),(269,178,1,5,'Item','2012-11-29 08:48:11'),(270,179,1,5,'Item','2012-11-29 08:52:41'),(271,195,10,2,'Item','2012-11-30 05:58:04'),(272,195,11,2,'Item','2012-11-30 05:58:04'),(273,195,18,2,'Item','2012-11-30 05:58:04'),(274,195,20,2,'Item','2012-11-30 05:58:04'),(275,195,19,2,'Item','2012-11-30 05:58:04'),(276,194,10,2,'Item','2012-11-30 05:58:04'),(277,194,11,2,'Item','2012-11-30 05:58:04'),(278,194,18,2,'Item','2012-11-30 05:58:04'),(279,194,20,2,'Item','2012-11-30 05:58:04'),(280,194,19,2,'Item','2012-11-30 05:58:04'),(281,193,10,2,'Item','2012-11-30 05:58:04'),(282,193,11,2,'Item','2012-11-30 05:58:04'),(283,193,18,2,'Item','2012-11-30 05:58:04'),(284,193,20,2,'Item','2012-11-30 05:58:04'),(285,193,19,2,'Item','2012-11-30 05:58:04'),(286,192,10,2,'Item','2012-11-30 05:58:04'),(287,192,11,2,'Item','2012-11-30 05:58:04'),(288,192,18,2,'Item','2012-11-30 05:58:04'),(289,192,20,2,'Item','2012-11-30 05:58:04'),(290,192,19,2,'Item','2012-11-30 05:58:04'),(291,191,10,2,'Item','2012-11-30 05:58:04'),(292,191,11,2,'Item','2012-11-30 05:58:04'),(293,191,18,2,'Item','2012-11-30 05:58:04'),(294,191,20,2,'Item','2012-11-30 05:58:04'),(295,191,19,2,'Item','2012-11-30 05:58:04'),(296,190,10,2,'Item','2012-11-30 05:58:04'),(297,190,11,2,'Item','2012-11-30 05:58:04'),(298,190,18,2,'Item','2012-11-30 05:58:04'),(299,190,20,2,'Item','2012-11-30 05:58:04'),(300,190,19,2,'Item','2012-11-30 05:58:04'),(301,189,10,2,'Item','2012-11-30 05:58:04'),(302,189,11,2,'Item','2012-11-30 05:58:04'),(303,189,18,2,'Item','2012-11-30 05:58:04'),(304,189,20,2,'Item','2012-11-30 05:58:04'),(305,189,19,2,'Item','2012-11-30 05:58:04'),(306,188,10,2,'Item','2012-11-30 05:58:04'),(307,188,11,2,'Item','2012-11-30 05:58:04'),(308,188,18,2,'Item','2012-11-30 05:58:04'),(309,188,20,2,'Item','2012-11-30 05:58:04'),(310,188,19,2,'Item','2012-11-30 05:58:04'),(311,187,10,2,'Item','2012-11-30 05:58:04'),(312,187,11,2,'Item','2012-11-30 05:58:04'),(313,187,18,2,'Item','2012-11-30 05:58:04'),(314,187,20,2,'Item','2012-11-30 05:58:04'),(315,187,19,2,'Item','2012-11-30 05:58:04'),(316,186,10,2,'Item','2012-11-30 05:58:04'),(317,186,11,2,'Item','2012-11-30 05:58:04'),(318,186,18,2,'Item','2012-11-30 05:58:04'),(319,186,20,2,'Item','2012-11-30 05:58:04'),(320,186,19,2,'Item','2012-11-30 05:58:04'),(321,199,10,2,'Item','2012-11-30 06:41:54'),(322,199,11,2,'Item','2012-11-30 06:41:54'),(323,199,18,2,'Item','2012-11-30 06:41:54'),(324,199,20,2,'Item','2012-11-30 06:41:54'),(325,199,40,2,'Item','2012-11-30 06:41:54'),(326,198,10,2,'Item','2012-11-30 06:41:54'),(327,198,11,2,'Item','2012-11-30 06:41:54'),(328,198,18,2,'Item','2012-11-30 06:41:54'),(329,198,20,2,'Item','2012-11-30 06:41:54'),(330,198,40,2,'Item','2012-11-30 06:41:54'),(331,197,10,2,'Item','2012-11-30 06:41:54'),(332,197,11,2,'Item','2012-11-30 06:41:54'),(333,197,18,2,'Item','2012-11-30 06:41:54'),(334,197,20,2,'Item','2012-11-30 06:41:54'),(335,197,40,2,'Item','2012-11-30 06:41:54'),(336,196,10,2,'Item','2012-11-30 06:41:54'),(337,196,11,2,'Item','2012-11-30 06:41:54'),(338,196,18,2,'Item','2012-11-30 06:41:54'),(339,196,20,2,'Item','2012-11-30 06:41:54'),(340,196,40,2,'Item','2012-11-30 06:41:54');
/*!40000 ALTER TABLE `omeka_taggings` ENABLE KEYS */;
UNLOCK TABLES;

--
-- Table structure for table `omeka_tags`
--

DROP TABLE IF EXISTS `omeka_tags`;
/*!40101 SET @saved_cs_client     = @@character_set_client */;
/*!40101 SET character_set_client = utf8 */;
CREATE TABLE `omeka_tags` (
  `id` int(10) unsigned NOT NULL AUTO_INCREMENT,
  `name` varchar(255) COLLATE utf8_unicode_ci DEFAULT NULL,
  PRIMARY KEY (`id`),
  UNIQUE KEY `name` (`name`)
) ENGINE=MyISAM AUTO_INCREMENT=41 DEFAULT CHARSET=utf8 COLLATE=utf8_unicode_ci;
/*!40101 SET character_set_client = @saved_cs_client */;

--
-- Dumping data for table `omeka_tags`
--

LOCK TABLES `omeka_tags` WRITE;
/*!40000 ALTER TABLE `omeka_tags` DISABLE KEYS */;
INSERT INTO `omeka_tags` VALUES (1,'Technology'),(2,'Visualization'),(3,'sans serif'),(4,'Examples'),(5,'anatomy'),(6,'serif'),(7,'font families'),(8,'HIstory'),(9,'popular fonts'),(10,'do it yourself'),(11,'document'),(12,'old style'),(13,'i love typography'),(14,'video'),(15,'blog'),(16,'timeline'),(17,'typefaces'),(18,'educational resources'),(19,'syllabus'),(20,'resource'),(21,'place'),(22,'innovations'),(23,'brochure'),(24,'digital typeface'),(25,'go bruins!'),(26,'news'),(27,'articles'),(28,'article'),(29,'American'),(30,'French'),(31,'Spanish'),(32,'resources'),(33,'Greek'),(34,'Sumerian'),(35,'Roman'),(36,'Italian'),(37,'German'),(38,'Iraqi'),(39,'English'),(40,'book');
/*!40000 ALTER TABLE `omeka_tags` ENABLE KEYS */;
UNLOCK TABLES;

--
-- Table structure for table `omeka_users`
--

DROP TABLE IF EXISTS `omeka_users`;
/*!40101 SET @saved_cs_client     = @@character_set_client */;
/*!40101 SET character_set_client = utf8 */;
CREATE TABLE `omeka_users` (
  `id` int(10) unsigned NOT NULL AUTO_INCREMENT,
  `username` varchar(30) COLLATE utf8_unicode_ci NOT NULL,
  `password` varchar(40) COLLATE utf8_unicode_ci NOT NULL,
  `salt` varchar(16) COLLATE utf8_unicode_ci DEFAULT NULL,
  `active` tinyint(4) NOT NULL,
  `role` varchar(40) COLLATE utf8_unicode_ci NOT NULL DEFAULT 'default',
  `entity_id` int(10) unsigned NOT NULL,
  PRIMARY KEY (`id`),
  UNIQUE KEY `username` (`username`),
  KEY `active_idx` (`active`),
  KEY `entity_id` (`entity_id`)
) ENGINE=MyISAM AUTO_INCREMENT=8 DEFAULT CHARSET=utf8 COLLATE=utf8_unicode_ci;
/*!40101 SET character_set_client = @saved_cs_client */;

--
-- Dumping data for table `omeka_users`
--

LOCK TABLES `omeka_users` WRITE;
/*!40000 ALTER TABLE `omeka_users` DISABLE KEYS */;
INSERT INTO `omeka_users` VALUES (1,'admindh101lab','104b79b7a513b4b7fa7bf37e899d337ae8fdc594','649a2d7f5feeeceb',1,'super',1),(2,'ldesantillana','b32bf1102eed1988596fb6d2f6a8fefdf497d2a2','d846cb71d0c46dd0',1,'super',2),(3,'mgwizdala','d27f2b07b32073a9daea9b9e7c31628440a487b3','ca658460fa0edfe1',1,'super',3),(4,'isalehian','e951916b03b5c2765ac87a5267a95890a409285d','4c92844ea63ad4ac',1,'super',4),(5,'jferrari','5ad5be88b55f806eb6a26d9b4331a24a7bba143c','ffa29a8028955d92',1,'super',5),(6,'dkim','0d16e02f9c6d679d292c111ac74afb1c7ed13485','da78bff9f77e4b43',1,'super',6),(7,'jtadmin','5e61c062971fc1363245a51aab867fcadee6cc4e','2efefcd183af10bf',1,'super',7);
/*!40000 ALTER TABLE `omeka_users` ENABLE KEYS */;
UNLOCK TABLES;

--
-- Table structure for table `omeka_users_activations`
--

DROP TABLE IF EXISTS `omeka_users_activations`;
/*!40101 SET @saved_cs_client     = @@character_set_client */;
/*!40101 SET character_set_client = utf8 */;
CREATE TABLE `omeka_users_activations` (
  `id` int(10) unsigned NOT NULL AUTO_INCREMENT,
  `user_id` int(10) unsigned NOT NULL,
  `url` varchar(100) COLLATE utf8_unicode_ci DEFAULT NULL,
  `added` datetime DEFAULT NULL,
  PRIMARY KEY (`id`)
) ENGINE=MyISAM AUTO_INCREMENT=11 DEFAULT CHARSET=utf8 COLLATE=utf8_unicode_ci;
/*!40101 SET character_set_client = @saved_cs_client */;

--
-- Dumping data for table `omeka_users_activations`
--

LOCK TABLES `omeka_users_activations` WRITE;
/*!40000 ALTER TABLE `omeka_users_activations` DISABLE KEYS */;
INSERT INTO `omeka_users_activations` VALUES (6,5,'90c340d562ebd2b247bc2f716752d9d2f05eb995','2012-10-19 08:34:35'),(7,5,'a36be6ce2f5ed79907f3d5e40c748f7aa45459a7','2012-10-19 08:36:10'),(8,5,'0e73945a731abf6fad98ab2e1deaf19738626507','2012-10-19 08:39:14'),(9,5,'d5d667e704675fec8cf3441fdfa5da8eaf060a49','2012-10-19 08:40:52'),(10,7,'a4c14462e9bdeb88017e52b4739c29f7d5ed25a1','2012-10-25 03:51:41');
/*!40000 ALTER TABLE `omeka_users_activations` ENABLE KEYS */;
UNLOCK TABLES;
/*!40103 SET TIME_ZONE=@OLD_TIME_ZONE */;

/*!40101 SET SQL_MODE=@OLD_SQL_MODE */;
/*!40014 SET FOREIGN_KEY_CHECKS=@OLD_FOREIGN_KEY_CHECKS */;
/*!40014 SET UNIQUE_CHECKS=@OLD_UNIQUE_CHECKS */;
/*!40101 SET CHARACTER_SET_CLIENT=@OLD_CHARACTER_SET_CLIENT */;
/*!40101 SET CHARACTER_SET_RESULTS=@OLD_CHARACTER_SET_RESULTS */;
/*!40101 SET COLLATION_CONNECTION=@OLD_COLLATION_CONNECTION */;
/*!40111 SET SQL_NOTES=@OLD_SQL_NOTES */;

-- Dump completed on 2012-12-20  9:18:25
